time_seconds,raw_channel_1,raw_channel_2,raw_channel_3,filtered_channel_1,filtered_channel_2,filtered_channel_3
0,-0.000189893,-0.000141846,-0.000107373,-1.18585E-20,-1.86347E-20,-1.69407E-21
0.002,-0.00018042,-0.000137354,-0.000100049,1.21087E-05,6.36128E-06,3.55664E-06
0.004,-0.000166992,-0.000135059,-0.000105762,2.17822E-05,1.13007E-05,5.78555E-06
0.006,-0.000160205,-0.000132959,-0.000105322,2.7242E-05,1.38487E-05,5.83261E-06
0.008,-0.000159326,-0.000124463,-0.00010415,2.78257E-05,1.37803E-05,3.6118E-06
0.01,-0.000154297,-0.00011582,-9.73633E-05,2.41123E-05,1.16544E-05,-1.70667E-07
0.012,-0.000171094,-0.000126074,-0.000104785,1.76836E-05,8.5957E-06,-4.26698E-06
0.014,-0.000183545,-0.000134326,-0.000116455,1.06164E-05,5.89987E-06,-7.32644E-06
0.016,-0.000181543,-0.000136426,-0.000121973,4.85879E-06,4.58197E-06,-8.38018E-06
0.018,-0.000175928,-0.000133057,-0.000115576,1.69596E-06,5.03019E-06,-7.17375E-06
0.02,-0.000189697,-0.000140479,-0.000118506,1.46063E-06,6.90323E-06,-4.24312E-06
0.022,-0.000184229,-0.000131592,-0.000107178,3.55849E-06,9.28478E-06,-7.12212E-07
0.024,-0.000169336,-0.000115332,-9.64844E-05,6.76722E-06,1.10251E-05,2.10368E-06
0.026,-0.000161377,-0.000109717,-9.29199E-05,9.70345E-06,1.11744E-05,3.16971E-06
0.028,-0.000178369,-0.00012583,-0.000101611,1.12928E-05,9.33946E-06,2.09398E-06
0.03,-0.000175928,-0.000133936,-0.000109229,1.10816E-05,5.83595E-06,-7.44852E-07
0.032,-0.000168994,-0.000139111,-0.000116064,9.29903E-06,1.58557E-06,-4.34649E-06
0.034,-0.000167773,-0.000135547,-0.000111914,6.68577E-06,-2.19416E-06,-7.45318E-06
0.036,-0.000177686,-0.000134131,-0.000115479,4.17002E-06,-4.40347E-06,-8.99598E-06
0.038,-0.000183154,-0.000135889,-0.000122119,2.50595E-06,-4.44453E-06,-8.46596E-06
0.04,-0.000182812,-0.000138281,-0.000116602,2.0124E-06,-2.42782E-06,-6.08029E-06
0.042,-0.000170801,-0.000127051,-9.72656E-05,2.50234E-06,8.64785E-07,-2.69526E-06
0.044,-0.000165723,-0.000122363,-9.50195E-05,3.40343E-06,4.24764E-06,5.08011E-07
0.046,-0.000165039,-0.000123145,-9.54101E-05,4.00384E-06,6.53091E-06,2.43908E-06
0.048,-0.000177832,-0.000126855,-0.000108984,3.72756E-06,6.92111E-06,2.46386E-06
0.05,-0.000176562,-0.000120703,-0.00010957,2.33503E-06,5.27839E-06,5.94897E-07
0.052,-0.000178955,-0.000126904,-0.000112354,-2.31484E-09,2.15251E-06,-2.54116E-06
0.054,-0.000184424,-0.000131982,-0.000113232,-2.78662E-06,-1.39971E-06,-5.9448E-06
0.056,-0.00017876,-0.000131201,-0.000110693,-5.39183E-06,-4.17E-06,-8.60183E-06
0.058,-0.00016748,-0.000124707,-0.000105469,-7.2848E-06,-5.18652E-06,-9.8148E-06
0.06,-0.000174707,-0.000136816,-0.000114746,-8.18557E-06,-4.01259E-06,-9.40243E-06
0.062,-0.000183789,-0.000133496,-0.000114453,-8.10918E-06,-8.55756E-07,-7.70308E-06
0.064,-0.000190869,-0.000119775,-0.000106982,-7.29589E-06,3.52651E-06,-5.40038E-06
0.066,-0.000182178,-0.000109521,-0.000104834,-6.06857E-06,8.09513E-06,-3.24621E-06
0.068,-0.000174805,-0.000110059,-0.000109082,-4.68572E-06,1.18683E-05,-1.78677E-06
0.07,-0.00016167,-0.000108936,-0.000105615,-3.24726E-06,1.42139E-05,-1.1957E-06
0.072,-0.000162695,-0.00011377,-0.000102832,-1.69864E-06,1.50007E-05,-1.26553E-06
0.074,-0.000169727,-0.000110059,-0.000105078,6.60734E-08,1.45767E-05,-1.55714E-06
0.076,-0.000176367,-0.000107812,-0.000107715,2.06907E-06,1.35861E-05,-1.62771E-06
0.078,-0.000167822,-0.00010376,-0.000100342,4.14118E-06,1.2707E-05,-1.24222E-06
0.08,-0.000158936,-0.000113135,-0.000101611,5.8886E-06,1.23972E-05,-4.83985E-07
0.082,-0.000158398,-0.000110449,-0.000104785,6.77022E-06,1.27415E-05,2.72871E-07
0.084,-0.000163184,-0.000107812,-0.000104687,6.26559E-06,1.34442E-05,5.25018E-07
0.086,-0.000161523,-0.000104297,-0.000106445,4.076E-06,1.3961E-05,-1.31974E-07
0.088,-0.000160352,-0.000104004,-0.000103516,2.68905E-07,1.37059E-05,-1.80805E-06
0.09,-0.000158154,-9.76074E-05,-9.79004E-05,-4.66816E-06,1.22659E-05,-4.23388E-06
0.092,-0.00017334,-0.000109668,-0.000104492,-9.90831E-06,9.55351E-06,-6.81563E-06
0.094,-0.000183545,-0.000116748,-0.00011167,-1.44894E-05,5.85424E-06,-8.81467E-06
0.096,-0.000185937,-0.000118457,-0.000119531,-1.758E-05,1.74287E-06,-9.5965E-06
0.098,-0.000182666,-0.000117041,-0.000113721,-1.87119E-05,-2.0801E-06,-8.85262E-06
0.1,-0.000185205,-0.000128369,-0.000113818,-1.79092E-05,-4.97816E-06,-6.71126E-06
0.102,-0.000178125,-0.000124316,-0.000107324,-1.56718E-05,-6.53346E-06,-3.6992E-06
0.104,-0.000165527,-0.00011377,-9.27734E-05,-1.28242E-05,-6.63744E-06,-5.76464E-07
0.106,-0.000157812,-0.000111719,-8.97461E-05,-1.02666E-05,-5.49033E-06,1.91125E-06
0.108,-0.00016582,-0.000117871,-9.96094E-05,-8.72077E-06,-3.52332E-06,3.25859E-06
0.11,-0.00016416,-0.000116504,-9.9707E-05,-8.53449E-06,-1.2806E-06,3.34481E-06
0.112,-0.000177881,-0.000115674,-0.000101709,-9.61985E-06,6.97533E-07,2.43032E-06
0.114,-0.000178906,-0.000113379,-0.000103809,-1.15175E-05,1.97665E-06,1.03989E-06
0.116,-0.000174756,-0.000112354,-0.000106982,-1.35608E-05,2.29566E-06,-2.20354E-07
0.118,-0.000170605,-0.000112695,-0.000102539,-1.50835E-05,1.59241E-06,-8.53254E-07
0.12,-0.000168018,-0.000110693,-9.8291E-05,-1.56083E-05,-3.33436E-09,-6.05504E-07
0.122,-0.000160205,-0.000105322,-8.9209E-05,-1.49653E-05,-2.19083E-06,5.0474E-07
0.124,-0.000157178,-0.000108936,-9.31152E-05,-1.32971E-05,-4.54446E-06,2.26488E-06
0.126,-0.000163184,-0.00011416,-0.000100098,-1.09662E-05,-6.56371E-06,4.39522E-06
0.128,-0.000178271,-0.0001271,-0.000107861,-8.43284E-06,-7.76907E-06,6.66891E-06
0.13,-0.000163574,-0.000114258,-8.7207E-05,-6.12753E-06,-7.79751E-06,8.98262E-06
0.132,-0.000155078,-0.0001125,-8.20313E-05,-4.36245E-06,-6.49785E-06,1.13376E-05
0.134,-0.000158105,-0.000116602,-8.75977E-05,-3.28353E-06,-3.98845E-06,1.37733E-05
0.136,-0.000155762,-0.000110547,-9.14062E-05,-2.88892E-06,-6.75789E-07,1.62678E-05
0.138,-0.000143945,-9.78516E-05,-7.09961E-05,-3.08587E-06,2.8022E-06,1.86644E-05
0.14,-0.000150879,-9.92187E-05,-7.75391E-05,-3.73088E-06,5.70894E-06,2.06822E-05
0.142,-0.000149854,-9.69238E-05,-8.28613E-05,-4.64868E-06,7.38841E-06,2.1996E-05
0.144,-0.000152002,-9.41894E-05,-7.93457E-05,-5.65009E-06,7.42881E-06,2.23578E-05
0.146,-0.000159033,-9.50684E-05,-7.22168E-05,-6.52895E-06,5.77383E-06,2.17154E-05
0.148,-0.000171875,-0.000110547,-8.07617E-05,-7.0671E-06,2.75187E-06,2.02787E-05
0.15,-0.000158008,-0.00011123,-8.4082E-05,-7.06759E-06,-1.00238E-06,1.84903E-05
0.152,-0.000147998,-0.000107178,-8.12012E-05,-6.40588E-06,-4.71462E-06,1.6899E-05
0.154,-0.000141846,-9.95605E-05,-7.73926E-05,-5.08641E-06,-7.67355E-06,1.59808E-05
0.156,-0.00014082,-0.000105273,-8.01758E-05,-3.28426E-06,-9.40993E-06,1.59797E-05
0.158,-0.000141211,-0.000116699,-8.08594E-05,-1.34271E-06,-9.79358E-06,1.68194E-05
0.16,-0.000149854,-0.000117627,-8.61816E-05,2.81363E-07,-9.03655E-06,1.81241E-05
0.162,-0.000151807,-0.000101221,-8.32519E-05,1.12002E-06,-7.59309E-06,1.93407E-05
0.164,-0.000147754,-0.000103613,-8.16406E-05,8.39199E-07,-5.99098E-06,1.99412E-05
0.166,-0.000148926,-0.000110352,-7.8418E-05,-6.48657E-07,-4.66648E-06,1.96162E-05
0.168,-0.000146484,-0.000106543,-7.50976E-05,-3.14709E-06,-3.85684E-06,1.83891E-05
0.17,-0.000130566,-9.76562E-05,-7.19726E-05,-6.21601E-06,-3.58482E-06,1.66068E-05
0.172,-0.000142627,-0.00010083,-7.88574E-05,-9.27635E-06,-3.71713E-06,1.48237E-05
0.174,-0.00015542,-9.46777E-05,-8.32519E-05,-1.1787E-05,-4.08946E-06,1.35937E-05
0.176,-0.000156396,-9.45801E-05,-9.2041E-05,-1.34174E-05,-4.63998E-06,1.32648E-05
0.178,-0.000156689,-0.000106299,-9.24316E-05,-1.41637E-05,-5.48776E-06,1.38417E-05
0.18,-0.000163477,-0.000117676,-9.18945E-05,-1.43473E-05,-6.90901E-06,1.49711E-05
0.182,-0.000155566,-0.000108105,-8.05664E-05,-1.45208E-05,-9.2424E-06,1.60552E-05
0.184,-0.000146484,-0.000102832,-7.09961E-05,-1.52954E-05,-1.27427E-05,1.64545E-05
0.186,-0.000145557,-0.000103857,-6.45996E-05,-1.71444E-05,-1.74433E-05,1.56969E-05
0.188,-0.000164209,-0.000114502,-8.17871E-05,-2.02419E-05,-2.30763E-05,1.36333E-05
0.19,-0.00015752,-0.000116602,-9.00391E-05,-2.43968E-05,-2.90956E-05,1.04835E-05
0.192,-0.000156396,-0.00012876,-9.60449E-05,-2.91001E-05,-3.47917E-05,6.75364E-06
0.194,-0.000161084,-0.000137744,-0.000101025,-3.36856E-05,-3.94858E-05,3.0505E-06
0.196,-0.000184131,-0.00013999,-0.000104541,-3.75354E-05,-4.27181E-05,-1.18667E-07
0.198,-0.000188672,-0.000138965,-9.86328E-05,-4.02613E-05,-4.43656E-05,-2.49658E-06
0.2,-0.000180615,-0.000133447,-9.38965E-05,-4.17999E-05,-4.46552E-05,-4.11801E-06
0.202,-0.000167578,-0.000131348,-9.19922E-05,-4.24119E-05,-4.4083E-05,-5.25383E-06
0.204,-0.000161084,-0.000129053,-9.68262E-05,-4.25631E-05,-4.32347E-05,-6.25861E-06
0.206,-0.000164746,-0.000127051,-0.000103125,-4.27432E-05,-4.25945E-05,-7.40508E-06
0.208,-0.000178174,-0.000130518,-0.000111084,-4.32917E-05,-4.24042E-05,-8.76316E-06
0.21,-0.000181885,-0.000132373,-0.000110791,-4.42912E-05,-4.26302E-05,-1.01747E-05
0.212,-0.000181885,-0.000137744,-0.000109131,-4.55486E-05,-4.30204E-05,-1.13181E-05
0.214,-0.000180908,-0.000136084,-0.000110596,-4.6694E-05,-4.32584E-05,-1.18528E-05
0.216,-0.000175488,-0.000129687,-0.000108008,-4.73438E-05,-4.3136E-05,-1.15776E-05
0.218,-0.000164795,-0.000120752,-9.60449E-05,-4.7268E-05,-4.26666E-05,-1.05298E-05
0.22,-0.000173193,-0.000123193,-0.000100146,-4.64974E-05,-4.21035E-05,-8.98623E-06
0.222,-0.000176416,-0.000128174,-0.0001021,-4.53391E-05,-4.18533E-05,-7.37203E-06
0.224,-0.000168213,-0.000129834,-0.000104248,-4.42769E-05,-4.22971E-05,-6.10783E-06
0.226,-0.000165039,-0.000127148,-0.000101074,-4.38057E-05,-4.36062E-05,-5.45536E-06
0.228,-0.000177148,-0.000132812,-0.000105078,-4.42564E-05,-4.56178E-05,-5.42318E-06
0.23,-0.000179004,-0.000135645,-0.000103613,-4.56704E-05,-4.78263E-05,-5.77251E-06
0.232,-0.000167578,-0.000128809,-9.82422E-05,-4.77711E-05,-4.94939E-05,-6.11398E-06
0.234,-0.000167871,-0.000126465,-9.43359E-05,-5.00476E-05,-4.98777E-05,-6.06451E-06
0.236,-0.000175586,-0.000128418,-9.73633E-05,-5.19073E-05,-4.84812E-05,-5.39886E-06
0.238,-0.000172217,-0.000126709,-9.81934E-05,-5.28511E-05,-4.52482E-05,-4.1335E-06
0.24,-0.000173047,-0.000123828,-0.000100586,-5.26229E-05,-4.06297E-05,-2.52103E-06
0.242,-0.000177197,-0.000118213,-9.56543E-05,-5.12762E-05,-3.55037E-05,-9.5829E-07
0.244,-0.000174902,-0.000112598,-9.49219E-05,-4.91328E-05,-3.09467E-05,1.71539E-07
0.246,-0.000172119,-0.000109521,-9.59473E-05,-4.66691E-05,-2.79416E-05,6.41377E-07
0.248,-0.00016626,-0.000105908,-9.34082E-05,-4.43784E-05,-2.71088E-05,4.52816E-07
0.25,-0.000153662,-9.91699E-05,-8.96973E-05,-4.26505E-05,-2.85432E-05,-1.90683E-07
0.252,-0.000149561,-0.000105225,-9.00879E-05,-4.16931E-05,-3.17907E-05,-9.79235E-07
0.254,-0.000159082,-0.000113184,-9.375E-05,-4.15332E-05,-3.59913E-05,-1.63792E-06
0.256,-0.000162109,-0.000118848,-9.22851E-05,-4.20696E-05,-4.01354E-05,-2.04978E-06
0.258,-0.000164258,-0.000121387,-9.58008E-05,-4.31434E-05,-4.33328E-05,-2.29846E-06
0.26,-0.000171191,-0.000127246,-0.000105469,-4.45869E-05,-4.50209E-05,-2.61012E-06
0.262,-0.00017041,-0.000124902,-0.000107812,-4.625E-05,-4.50758E-05,-3.23042E-06
0.264,-0.000161377,-0.000116064,-9.69238E-05,-4.79838E-05,-4.3781E-05,-4.27634E-06
0.266,-0.000148682,-0.000111572,-8.52051E-05,-4.96239E-05,-4.16913E-05,-5.63498E-06
0.268,-0.000158594,-0.000107129,-9.15039E-05,-5.0989E-05,-3.94471E-05,-6.95651E-06
0.27,-0.000167236,-0.000110596,-9.35059E-05,-5.19144E-05,-3.75973E-05,-7.75844E-06
0.272,-0.00016709,-1E-04,-9.86328E-05,-5.23241E-05,-3.64947E-05,-7.61E-06
0.274,-0.000169775,-0.000111182,-0.000109131,-5.23095E-05,-3.62871E-05,-6.33456E-06
0.276,-0.000169043,-0.000121289,-0.000105078,-5.21621E-05,-3.69703E-05,-4.13143E-06
0.278,-0.000170752,-0.000123975,-0.000102881,-5.23266E-05,-3.8464E-05,-1.5687E-06
0.28,-0.000168652,-0.000111523,-9.57031E-05,-5.32705E-05,-4.06747E-05,5.68299E-07
0.282,-0.000152832,-1E-04,-7.55859E-05,-5.53136E-05,-4.3511E-05,1.51491E-06
0.284,-0.00015918,-0.00010498,-7.91992E-05,-5.84553E-05,-4.68445E-05,7.99152E-07
0.286,-0.00017334,-0.000116992,-8.76953E-05,-6.22764E-05,-5.04422E-05,-1.56162E-06
0.288,-0.000178076,-0.000125342,-9.64355E-05,-6.59907E-05,-5.39305E-05,-5.01939E-06
0.29,-0.000181543,-0.000128906,-0.000104785,-6.86467E-05,-5.68202E-05,-8.65212E-06
0.292,-0.000182715,-0.000135547,-0.000116797,-6.94157E-05,-5.85941E-05,-1.14377E-05
0.294,-0.000173877,-0.000134229,-0.000112158,-6.79064E-05,-5.88545E-05,-1.25864E-05
0.296,-0.000164209,-0.0001229,-0.000101318,-6.43743E-05,-5.74844E-05,-1.18194E-05
0.298,-0.000162207,-0.000113574,-9.14062E-05,-5.97235E-05,-5.47301E-05,-9.47517E-06
0.3,-0.000166064,-0.000108447,-8.77441E-05,-5.53098E-05,-5.12044E-05,-6.4296E-06
0.302,-0.000163818,-0.000110498,-9.2334E-05,-5.25711E-05,-4.77773E-05,-3.8301E-06
0.304,-0.0001521,-0.000107666,-9.34082E-05,-5.25791E-05,-4.53491E-05,-2.7251E-06
0.306,-0.00015542,-0.00011499,-9.50684E-05,-5.5686E-05,-4.46118E-05,-3.73121E-06
0.308,-0.000173486,-0.000120654,-0.000106592,-6.13787E-05,-4.5839E-05,-6.83251E-06
0.31,-0.000176074,-0.000119238,-0.000110156,-6.8404E-05,-4.87989E-05,-1.13838E-05
0.312,-0.000164893,-0.000112158,-0.000104736,-7.5137E-05,-5.2822E-05,-1.63164E-05
0.314,-0.000173584,-0.000108936,-0.000102783,-8.00846E-05,-5.70106E-05,-2.04827E-05
0.316,-0.000188477,-0.000115723,-0.000107422,-8.23552E-05,-6.05071E-05,-2.30121E-05
0.318,-0.000188525,-0.000123975,-0.000108936,-8.19349E-05,-6.27501E-05,-2.35683E-05
0.32,-0.0001854,-0.000125439,-0.000115283,-7.96795E-05,-6.3635E-05,-2.24293E-05
0.322,-0.000178906,-0.000127246,-0.000116895,-7.70295E-05,-6.35302E-05,-2.03721E-05
0.324,-0.000175879,-0.000133691,-0.000111035,-7.55141E-05,-6.31291E-05,-1.83915E-05
0.326,-0.000174707,-0.000129785,-0.000108789,-7.62296E-05,-6.32042E-05,-1.73705E-05
0.328,-0.000173437,-0.000119531,-0.000106738,-7.94756E-05,-6.43456E-05,-1.78084E-05
0.33,-0.000171973,-0.000115625,-0.000103027,-8.46579E-05,-6.67635E-05,-1.96924E-05
0.332,-0.000178467,-0.000121826,-0.000105127,-9.04851E-05,-7.02141E-05,-2.25399E-05
0.334,-0.000193701,-0.000128467,-0.000113037,-9.54092E-05,-7.40985E-05,-2.56045E-05
0.336,-0.00020708,-0.000138721,-0.000121826,-9.8139E-05,-7.7666E-05,-2.8143E-05
0.338,-0.000204346,-0.000139404,-0.0001229,-9.80669E-05,-8.02694E-05,-2.96651E-05
0.34,-0.000193018,-0.000140283,-0.000120068,-9.54462E-05,-8.15766E-05,-3.00562E-05
0.342,-0.0001875,-0.00014834,-0.000122754,-9.12861E-05,-8.16689E-05,-2.95646E-05
0.344,-0.000177539,-0.000144336,-0.000118457,-8.69969E-05,-8.09966E-05,-2.86611E-05
0.346,-0.000162744,-0.000124463,-0.000108447,-8.39268E-05,-8.02149E-05,-2.78306E-05
0.348,-0.000165771,-0.000122412,-0.000111768,-8.29241E-05,-7.99501E-05,-2.73779E-05
0.35,-0.000171289,-0.000125586,-0.000110352,-8.40872E-05,-8.05861E-05,-2.73277E-05
0.352,-0.000180176,-0.000135645,-0.000113574,-8.67868E-05,-8.21332E-05,-2.74483E-05
0.354,-0.000194385,-0.000143604,-0.000120166,-8.99334E-05,-8.42289E-05,-2.73816E-05
0.356,-0.000205225,-0.000151123,-0.000125635,-9.23783E-05,-8.62637E-05,-2.68239E-05
0.358,-0.000191943,-0.000143115,-0.000120557,-9.33086E-05,-8.75845E-05,-2.56766E-05
0.36,-0.000168799,-0.000136475,-0.000107959,-9.25062E-05,-8.7707E-05,-2.41124E-05
0.362,-0.000163281,-0.000139453,-0.000102246,-9.0384E-05,-8.64664E-05,-2.25226E-05
0.364,-0.000163086,-0.000129883,-0.000100781,-8.7793E-05,-8.40491E-05,-2.13607E-05
0.366,-0.000169434,-0.000119434,-0.00010625,-8.56914E-05,-8.09296E-05,-2.09468E-05
0.368,-0.000180859,-0.000122754,-0.000111426,-8.47948E-05,-7.77233E-05,-2.13137E-05
0.37,-0.000182373,-0.000126318,-0.000113428,-8.53298E-05,-7.49894E-05,-2.21576E-05
0.372,-0.000178369,-0.000126221,-0.000112354,-8.69693E-05,-7.30939E-05,-2.29141E-05
0.374,-0.000183105,-0.000129492,-0.000114355,-8.89721E-05,-7.21394E-05,-2.29493E-05
0.376,-0.000181494,-0.000130029,-0.000110693,-9.0456E-05,-7.19785E-05,-2.17859E-05
0.378,-0.000163672,-0.000116895,-0.000100684,-9.07134E-05,-7.23194E-05,-1.93014E-05
0.38,-0.00015957,-0.000108398,-9.73633E-05,-8.94478E-05,-7.28422E-05,-1.58097E-05
0.382,-0.000167187,-0.000110449,-9.78516E-05,-8.68663E-05,-7.33071E-05,-1.20022E-05
0.384,-0.000164062,-0.000115234,-9.33594E-05,-8.36004E-05,-7.36216E-05,-8.75373E-06
0.386,-0.000167236,-0.000121924,-8.95996E-05,-8.04957E-05,-7.38372E-05,-6.86553E-06
0.388,-0.000171924,-0.000127295,-0.000100146,-7.83424E-05,-7.40938E-05,-6.82601E-06
0.39,-0.000171729,-0.000126709,-0.000106201,-7.76472E-05,-7.45377E-05,-8.6625E-06
0.392,-0.00015835,-0.00012085,-9.70215E-05,-7.85178E-05,-7.52528E-05,-1.19376E-05
0.394,-0.000150635,-0.000115869,-9.1748E-05,-8.06771E-05,-7.62286E-05,-1.5892E-05
0.396,-0.000157666,-0.000117627,-0.000100244,-8.35871E-05,-7.73722E-05,-1.96705E-05
0.398,-0.000160156,-0.000114746,-0.000105957,-8.66263E-05,-7.85393E-05,-2.25551E-05
0.4,-0.000167041,-0.000110791,-0.000111377,-8.92573E-05,-7.95744E-05,-2.4135E-05
0.402,-0.000176025,-0.000123975,-0.00011499,-9.11303E-05,-8.03484E-05,-2.43622E-05
0.404,-0.000178076,-0.000138135,-0.000114307,-9.20957E-05,-8.07649E-05,-2.34736E-05
0.406,-0.000175244,-0.000129541,-0.000109717,-9.21455E-05,-8.07385E-05,-2.18333E-05
0.408,-0.000164111,-0.000118994,-0.000102295,-9.1333E-05,-8.01744E-05,-1.97676E-05
0.41,-0.000156689,-0.000107666,-9.52637E-05,-8.97102E-05,-7.89617E-05,-1.74471E-05
0.412,-0.000159717,-0.000104639,-9.44824E-05,-8.73036E-05,-7.69928E-05,-1.48569E-05
0.414,-0.000166406,-0.000113965,-9.88281E-05,-8.41543E-05,-7.42193E-05,-1.18773E-05
0.416,-0.000156787,-0.000117432,-9.61426E-05,-8.03858E-05,-7.07207E-05,-8.42697E-06
0.418,-0.000145752,-0.000108154,-8.8916E-05,-7.62565E-05,-6.67416E-05,-4.60022E-06
0.42,-0.000145215,-0.000100391,-8.69141E-05,-7.21587E-05,-6.26894E-05,-7.2853E-07
0.422,-0.000149072,-0.000100342,-8.74512E-05,-6.85489E-05,-5.90495E-05,2.65496E-06
0.424,-0.000136914,-8.21289E-05,-7.86133E-05,-6.58248E-05,-5.62621E-05,4.95759E-06
0.426,-0.000131982,-8.62793E-05,-7.41699E-05,-6.41847E-05,-5.45658E-05,5.73221E-06
0.428,-0.000135937,-9.19922E-05,-7.74414E-05,-6.35247E-05,-5.38744E-05,4.85717E-06
0.43,-0.000139844,-9.70703E-05,-8.19336E-05,-6.34142E-05,-5.37334E-05,2.63595E-06
0.432,-0.000130371,-8.95508E-05,-8.0957E-05,-6.3186E-05,-5.33992E-05,-2.36808E-07
0.434,-0.000127979,-8.13965E-05,-8.16894E-05,-6.21248E-05,-5.20254E-05,-2.85192E-06
0.436,-0.000130127,-7.70996E-05,-8.95996E-05,-5.9676E-05,-4.8897E-05,-4.32695E-06
0.438,-0.000122705,-7.15332E-05,-9.22363E-05,-5.56114E-05,-4.36422E-05,-4.04555E-06
0.44,-0.000117334,-6.37207E-05,-8.87207E-05,-5.01151E-05,-3.6373E-05,-1.8304E-06
0.442,-0.000128711,-8.4668E-05,-9.73633E-05,-4.37355E-05,-2.76878E-05,2.01901E-06
0.444,-9.93164E-05,-5.53711E-05,-6.85547E-05,-3.72099E-05,-1.85146E-05,6.8413E-06
0.446,-8.61328E-05,-2.45117E-05,-5.29297E-05,-3.12283E-05,-9.85306E-06,1.18189E-05
0.448,-9.44824E-05,-2.7002E-05,-6.28418E-05,-2.62117E-05,-2.48962E-06,1.62131E-05
0.45,-9.05273E-05,-2.22656E-05,-6.46484E-05,-2.21746E-05,3.22669E-06,1.95526E-05
0.452,-8.56934E-05,-3.14941E-05,-6.60644E-05,-1.87158E-05,7.49274E-06,2.17191E-05
0.454,-8.30566E-05,-2.59277E-05,-6.99707E-05,-1.51585E-05,1.09907E-05,2.29072E-05
0.456,-7.2998E-05,-1.11816E-05,-6.28418E-05,-1.07955E-05,1.46639E-05,2.34908E-05
0.458,-6.32324E-05,-4.15039E-06,-5.33691E-05,-5.14458E-06,1.94189E-05,2.3846E-05
0.46,-6.13769E-05,-6.34765E-07,-5.35644E-05,1.86793E-06,2.58431E-05,2.42105E-05
0.462,-5.74707E-05,6.68945E-06,-5.77637E-05,9.85309E-06,3.40126E-05,2.46166E-05
0.464,-4.5459E-05,1.47949E-05,-5.60059E-05,1.80574E-05,4.34613E-05,2.49211E-05
0.466,-3.54004E-05,2.57324E-05,-5.25879E-05,2.55844E-05,5.33105E-05,2.49009E-05
0.468,-3.09082E-05,3.51074E-05,-6.01074E-05,3.16728E-05,6.25218E-05,2.4381E-05
0.47,-2.70996E-05,3.90137E-05,-6.45996E-05,3.59367E-05,7.0204E-05,2.33351E-05
0.472,-1.82129E-05,5.23926E-05,-5.90332E-05,3.84772E-05,7.58495E-05,2.19147E-05
0.474,-1.47949E-05,6.4502E-05,-5.89355E-05,3.98354E-05,7.9459E-05,2.03972E-05
0.476,-1.61133E-05,6.16211E-05,-6.30859E-05,4.08282E-05,8.15318E-05,1.90919E-05
0.478,-1.57227E-05,6.21094E-05,-6.01562E-05,4.22954E-05,8.29027E-05,1.82398E-05
0.48,-1.89453E-05,5.36133E-05,-6.2207E-05,4.48533E-05,8.45055E-05,1.79509E-05
0.482,-1.15234E-05,5.60547E-05,-6.28906E-05,4.87221E-05,8.71196E-05,1.81866E-05
0.484,-1.61133E-06,6.81152E-05,-6.77246E-05,5.36989E-05,9.11845E-05,1.88063E-05
0.486,-4.54102E-06,6.84082E-05,-6.61621E-05,5.92664E-05,9.67212E-05,1.96532E-05
0.488,7.8125E-07,8.33984E-05,-5.86914E-05,6.47842E-05,0.000103371,2.06253E-05
0.49,2.57812E-05,0.00010293,-5.18555E-05,6.9695E-05,0.000110522,2.16979E-05
0.492,3.61816E-05,0.000107959,-5.08301E-05,7.36769E-05,0.000117471,2.2898E-05
0.494,2.35352E-05,0.000108984,-5.60547E-05,7.67035E-05,0.000123602,2.4243E-05
0.496,2.02148E-05,9.99023E-05,-5.71289E-05,7.89942E-05,0.000128502,2.56757E-05
0.498,2.09473E-05,9.91699E-05,-5.95215E-05,8.08751E-05,0.000131998,2.70251E-05
0.5,1.66016E-05,0.000104492,-5.83984E-05,8.26251E-05,0.000134146,2.80351E-05
0.502,1.99219E-05,0.000114355,-5.80078E-05,8.43686E-05,0.000135173,2.84522E-05
0.504,4.23828E-05,0.000126855,-4.63867E-05,8.60498E-05,0.000135411,2.81397E-05
0.506,5.06348E-05,0.000131396,-4.1748E-05,8.74948E-05,0.000135232,2.7175E-05
0.508,4.55566E-05,0.000120459,-4.86816E-05,8.85312E-05,0.000134999,2.58848E-05
0.51,4.28711E-05,0.000127148,-5.3125E-05,8.9099E-05,0.000135035,2.47807E-05
0.512,3.80371E-05,0.000126025,-5.66894E-05,8.93158E-05,0.000135583,2.44257E-05
0.514,2.7002E-05,9.56543E-05,-6.28418E-05,8.94702E-05,0.000136795,2.52626E-05
0.516,3.30078E-05,0.000110645,-5.80078E-05,8.99506E-05,0.000138708,2.74656E-05
0.518,4.57031E-05,0.000127344,-4.74609E-05,9.11192E-05,0.000141235,3.0869E-05
0.52,4.26758E-05,0.000132129,-4.67773E-05,9.31885E-05,0.00014418,3.50029E-05
0.522,4.7168E-05,0.000150977,-3.7793E-05,9.61475E-05,0.000147281,3.92282E-05
0.524,6.03516E-05,0.000146191,-2.93945E-05,9.97675E-05,0.00015027,4.29232E-05
0.526,6.76758E-05,0.000139648,-2.39258E-05,0.000103674,0.00015293,4.56557E-05
0.528,6.30371E-05,0.0001396,-3.20801E-05,0.000107459,0.000155152,4.72794E-05
0.53,6.47461E-05,0.000138184,-3.42773E-05,0.000110783,0.000156944,4.79299E-05
0.532,6.29883E-05,0.000140039,-3.20313E-05,0.000113448,0.000158413,4.79281E-05
0.534,5.7666E-05,0.000139307,-3.8916E-05,0.000115407,0.000159703,4.76313E-05
0.536,6.88476E-05,0.000148535,-3.68164E-05,0.000116724,0.000160934,4.72925E-05
0.538,8.06641E-05,0.000161719,-2.91016E-05,0.000117516,0.000162147,4.69857E-05
0.54,8.12012E-05,0.000172607,-2.57324E-05,0.000117903,0.000163291,4.66301E-05
0.542,7.94434E-05,0.000161182,-2.77832E-05,0.000117997,0.000164263,4.60984E-05
0.544,8.10059E-05,0.000145361,-2.70996E-05,0.000117902,0.000164976,4.53381E-05
0.546,7.5E-05,0.000144824,-2.88086E-05,0.000117753,0.000165421,4.44624E-05
0.548,6.78223E-05,0.000152197,-4.12598E-05,0.000117746,0.000165729,4.37734E-05
0.55,7.12891E-05,0.000156934,-4.30664E-05,0.00011812,0.000166165,4.3686E-05
0.552,7.97851E-05,0.000165234,-3.42773E-05,0.000119102,0.000167045,4.45815E-05
0.554,8.66699E-05,0.000168506,-2.76855E-05,0.000120818,0.000168633,4.66426E-05
0.556,8.64746E-05,0.000168506,-2.73926E-05,0.000123233,0.000171033,4.97543E-05
0.558,9.22363E-05,0.000172705,-1.84082E-05,0.000126115,0.000174101,5.35017E-05
0.56,9.36523E-05,0.000172559,-1.45508E-05,0.000129072,0.00017744,5.72745E-05
0.562,8.41797E-05,0.000166504,-2.01172E-05,0.00013166,0.000180487,6.04571E-05
0.564,9.07715E-05,0.000173975,-2.0166E-05,0.000133533,0.000182679,6.26328E-05
0.566,9.8291E-05,0.00017417,-1.43066E-05,0.000134577,0.000183636,6.37312E-05
0.568,0.000102979,0.000180127,-1.01074E-05,0.000134971,0.000183303,6.40512E-05
0.57,0.000108594,0.000187207,-7.61719E-06,0.000135141,0.000181995,6.41515E-05
0.572,0.000103467,0.0001854,-1.01074E-05,0.000135629,0.000180332,6.46556E-05
0.574,9.25781E-05,0.000174707,-1.39648E-05,0.000136907,0.000179073,6.60331E-05
0.576,0.000101758,0.000174414,-1.04492E-05,0.000139195,0.000178876,6.84372E-05
0.578,0.000112256,0.000180322,-3.46679E-06,0.000142364,0.000180099,7.16576E-05
0.58,0.000115088,0.000181104,-2.44141E-07,0.000145962,0.000182686,7.5212E-05
0.582,0.000109863,0.000175391,-3.02734E-06,0.000149377,0.000186177,7.85371E-05
0.584,0.000118994,0.000187256,7.95898E-06,0.000152044,0.000189848,8.12019E-05
0.586,0.000127539,0.000199316,1.46484E-05,0.000153672,0.00019295,8.30681E-05
0.588,0.000125049,0.000197412,1.04004E-05,0.000154355,0.000194931,8.43242E-05
0.59,0.000122607,0.000196729,8.74023E-06,0.000154563,0.000195618,8.53978E-05
0.592,0.0001271,0.000202002,1.01074E-05,0.000154979,0.00019526,8.67652E-05
0.594,0.000129688,0.000208105,1.07422E-05,0.00015627,0.000194451,8.87484E-05
0.596,0.000124707,0.000188965,1.11328E-05,0.000158812,0.000193921,9.13512E-05
0.598,0.000127441,0.000179883,1.99219E-05,0.000162535,0.000194277,9.4231E-05
0.6,0.000133643,0.000192627,2.09473E-05,0.000166928,0.000195815,9.68169E-05
0.602,0.000143701,0.000208936,2.6123E-05,0.000171184,0.000198419,9.85198E-05
0.604,0.000156104,0.000213623,3.00293E-05,0.00017448,0.000201616,9.89707E-05
0.606,0.000158252,0.000218604,2.85645E-05,0.00017626,0.000204734,9.81941E-05
0.608,0.000146533,0.000212158,1.93848E-05,0.000176435,0.000207124,9.66355E-05
0.61,0.000148535,0.000210156,2.06055E-05,0.00017543,0.000208359,9.50346E-05
0.612,0.000146289,0.000209375,1.63086E-05,0.00017404,0.000208369,9.41771E-05
0.614,0.000133447,0.000198389,6.5918E-06,0.000173169,0.000207429,9.46174E-05
0.616,0.000147803,0.000216455,1.86035E-05,0.00017352,0.000206048,9.646E-05
0.618,0.000168652,0.00022627,4.05273E-05,0.000175351,0.000204768,9.92859E-05
0.62,0.000158643,0.000215674,4.00879E-05,0.000178396,0.000203984,0.000102267
0.622,0.000155078,0.000213086,3.06641E-05,0.000181965,0.000203838,0.000104428
0.624,0.000155762,0.000202734,2.04102E-05,0.000185182,0.000204185,0.000104954
0.626,0.000167285,0.000207031,2.72461E-05,0.000187277,0.000204681,0.000103472
0.628,0.000162988,0.000213086,2.8418E-05,0.000187838,0.000204925,0.00010018
0.63,0.000158105,0.000214453,1.70898E-05,0.000186916,0.000204605,9.58015E-05
0.632,0.000167578,0.000217578,1.61133E-05,0.000184983,0.000203613,9.13579E-05
0.634,0.000174561,0.00021792,2.21191E-05,0.000182735,0.000202063,8.78481E-05
0.636,0.000171875,0.000223242,1.92383E-05,0.000180834,0.000200219,8.59383E-05
0.638,0.000157373,0.000207178,1.46973E-05,0.000179699,0.000198391,8.57725E-05
0.64,0.000142578,0.000191211,7.42188E-06,0.000179394,0.000196818,8.69492E-05
0.642,0.000147461,0.00020127,1.17188E-05,0.000179649,0.000195586,8.86752E-05
0.644,0.000166943,0.000204346,1.77246E-05,0.000180011,0.000194631,9.00461E-05
0.646,0.000172168,0.000210547,1.58203E-05,0.000180048,0.00019379,9.03472E-05
0.648,0.000169189,0.000217236,1.59668E-05,0.000179511,0.000192897,8.92689E-05
0.65,0.000165625,0.000213672,1.72852E-05,0.000178419,0.000191863,8.69795E-05
0.652,0.000160449,0.00020625,1.44531E-05,0.000177017,0.00019072,8.40289E-05
0.654,0.000161279,0.00019585,1.96777E-05,0.00017566,0.000189582,8.11294E-05
0.656,0.000156543,0.000199121,4.98047E-06,0.000174645,0.000188589,7.88907E-05
0.658,0.000156055,0.000201074,-2.92969E-06,0.000174097,0.000187817,7.7616E-05
0.66,0.000142627,0.000196045,-5.0293E-06,0.000173942,0.000187235,7.72255E-05
0.662,0.000150781,0.000201953,0.000003125,0.000173968,0.000186696,7.73314E-05
0.664,0.000172168,0.00021123,1.25977E-05,0.000173964,0.000185996,7.74269E-05
0.666,0.000180078,0.000204395,1.25E-05,0.000173844,0.000184994,7.71201E-05
0.668,0.000168701,0.000201807,6.49414E-06,0.000173711,0.0001837,7.6311E-05
0.67,0.000164795,0.000202588,6.10351E-06,0.000173817,0.000182316,7.52506E-05
0.672,0.000159229,0.000204932,6.39648E-06,0.000174443,0.000181198,7.44566E-05
0.674,0.000148975,0.000193115,-1.31836E-06,0.000175745,0.00018075,7.45098E-05
0.676,0.000152734,0.000190332,-6.34766E-06,0.00017761,0.000181274,7.58047E-05
0.678,0.000165771,0.000195752,1.31836E-06,0.000179628,0.000182839,7.83543E-05
0.68,0.0001771,0.000205225,1.43066E-05,0.000181184,0.00018522,8.17224E-05
0.682,0.000182275,0.000216455,2.34863E-05,0.000181646,0.000187917,8.51076E-05
0.684,0.00018374,0.000219287,2.56348E-05,0.000180573,0.000190268,8.75554E-05
0.686,0.000173877,0.000211377,1.35254E-05,0.000177899,0.000191626,8.82407E-05
0.688,0.000169336,0.000210645,1.15234E-05,0.000173974,0.000191524,8.67094E-05
0.69,0.000155322,0.000215088,1.31348E-05,0.000169468,0.000189786,8.30128E-05
0.692,0.000141016,0.000203613,5.95703E-06,0.000165166,0.000186547,7.76922E-05
0.694,0.000143506,0.000193018,-2.97852E-06,0.000161721,0.000182192,7.16235E-05
0.696,0.000154932,0.000203662,-3.85742E-06,0.000159457,0.000177243,6.57711E-05
0.698,0.000169727,0.00020293,-4.88281E-07,0.000158298,0.000172221,6.09371E-05
0.7,0.000156006,0.000184521,-1.49902E-05,0.000157842,0.000167549,5.75873E-05
0.702,0.000151904,0.000190674,-1.95801E-05,0.000157554,0.000163512,5.57882E-05
0.704,0.000157861,0.000195166,-1.19629E-05,0.000156988,0.000160273,5.52667E-05
0.706,0.000151221,0.000182764,-1.06934E-05,0.000155959,0.000157928,5.55485E-05
0.708,0.000143848,0.000170996,-1.31836E-05,0.000154604,0.000156548,5.6132E-05
0.71,0.000145166,0.000176025,-1.59668E-05,0.000153288,0.000156158,5.66149E-05
0.712,0.000148877,0.000186084,-1.3623E-05,0.000152412,0.000156698,5.67561E-05
0.714,0.000150928,0.000187939,-9.52148E-06,0.000152209,0.000157951,5.64685E-05
0.716,0.000149463,0.000186865,-1.34277E-05,0.000152603,0.000159511,5.57685E-05
0.718,0.000157959,0.000189795,-1.43066E-05,0.000153204,0.00016081,5.47115E-05
0.72,0.000154004,0.000189746,-1.89453E-05,0.000153446,0.000161221,5.33629E-05
0.722,0.000155469,0.000188086,-1.67969E-05,0.000152817,0.000160242,5.18023E-05
0.724,0.000152441,0.000182129,-1.68945E-05,0.000151096,0.000157674,5.01538E-05
0.726,0.000144678,0.000177686,-2.00684E-05,0.000148489,0.000153762,4.86162E-05
0.728,0.00013833,0.000179541,-2.39746E-05,0.000145592,0.000149196,4.74483E-05
0.73,0.000137598,0.000169043,-2.53906E-05,0.000143194,0.000144968,4.69017E-05
0.732,0.000156641,0.000182715,-1.02539E-05,0.000141992,0.000142104,4.71254E-05
0.734,0.000153662,0.000180615,-1.37207E-05,0.000142315,0.000141358,4.8074E-05
0.736,0.00014209,0.000171191,-2.27539E-05,0.000143957,0.000142948,4.94621E-05
0.738,0.00014707,0.000175098,-2.10937E-05,0.000146203,0.000146437,5.08029E-05
0.74,0.00014751,0.000171729,-2.42676E-05,0.000148044,0.00015082,5.15378E-05
0.742,0.000144336,0.00017832,-2.59766E-05,0.00014853,0.0001548,5.12258E-05
0.744,0.000152002,0.00018999,-1.72363E-05,0.000147106,0.000157164,4.97143E-05
0.746,0.000155615,0.000197217,-8.25195E-06,0.000143834,0.00015714,4.72299E-05
0.748,0.000150195,0.000193066,-1.23047E-05,0.000139406,0.000154642,4.43528E-05
0.75,0.000149121,0.000191895,-1.99219E-05,0.000134944,0.000150298,4.18512E-05
0.752,0.000136133,0.000182031,-2.89062E-05,0.000131634,0.000145245,4.04346E-05
0.754,0.000127393,0.000174756,-3.82324E-05,0.000130334,0.000140764,4.04994E-05
0.756,0.00012998,0.000157227,-3.55469E-05,0.000131281,0.000137878,4.19665E-05
0.758,0.000135059,0.00015332,-2.91992E-05,0.000134016,0.000137034,4.42789E-05
0.76,0.000144531,0.000171777,-1.85547E-05,0.000137539,0.000137987,4.65649E-05
0.762,0.000160449,0.000194141,-8.10547E-06,0.000140643,0.000139911,4.79147E-05
0.764,0.000165527,0.000193555,-1.08398E-05,0.000142318,0.0001417,4.77006E-05
0.766,0.000151465,0.000176953,-1.99219E-05,0.000142086,0.00014238,4.58165E-05
0.768,0.000145215,0.000174707,-1.8457E-05,0.000140142,0.000141437,4.27318E-05
0.77,0.00013999,0.000167627,-3.13965E-05,0.000137252,0.000138994,3.93464E-05
0.772,0.000138672,0.000168164,-3.74023E-05,0.000134484,0.000135768,3.67022E-05
0.774,0.000138525,0.00017085,-4.02832E-05,0.000132832,0.000132821,3.56391E-05
0.776,0.000143262,0.000167285,-3.61328E-05,0.000132882,0.000131194,3.65145E-05
0.778,0.000154639,0.000168506,-2.08496E-05,0.000134626,0.000131553,3.90887E-05
0.78,0.000157227,0.000183008,-9.76563E-06,0.000137494,0.000133956,4.26098E-05
0.782,0.000155713,0.000181787,-1.58691E-05,0.00014057,0.00013782,4.60767E-05
0.784,0.00015835,0.000181396,-1.7041E-05,0.000142916,0.000142103,4.85864E-05
0.786,0.000152783,0.000185107,-1.78223E-05,0.000143897,0.000145632,4.96321E-05
0.788,0.000143311,0.000176123,-2.55371E-05,0.000143369,0.000147454,4.92619E-05
0.79,0.000150439,0.000182764,-2.29004E-05,0.000141707,0.000147136,4.80312E-05
0.792,0.000162305,0.000192676,-1.54297E-05,0.000139648,0.000144883,4.67764E-05
0.794,0.000159961,0.000185352,-1.45508E-05,0.000138008,0.00014144,4.62856E-05
0.796,0.000158301,0.000182617,-1.62109E-05,0.000137391,0.000137865,4.69954E-05
0.798,0.000155225,0.000187939,-1.3916E-05,0.000137991,0.000135201,4.88343E-05
0.8,0.000148096,0.000171338,-1.56738E-05,0.000139551,0.000134174,5.12522E-05
0.802,0.000150928,0.000164795,-1.57715E-05,0.000141465,0.000135005,5.34263E-05
0.804,0.000161865,0.000173291,-1.06934E-05,0.000143019,0.00013737,5.45694E-05
0.806,0.000162744,0.000186865,-1.12793E-05,0.000143627,0.000140528,5.42147E-05
0.808,0.000160693,0.000198975,-1.05957E-05,0.000143023,0.000143537,5.23865E-05
0.81,0.000164893,0.00020083,-1.00098E-05,0.000141318,0.000145526,4.95864E-05
0.812,0.000162354,0.000185693,-1.4209E-05,0.000138942,0.000145912,4.66079E-05
0.814,0.000153271,0.000183057,-2.3584E-05,0.000136456,0.000144529,4.42399E-05
0.816,0.000149609,0.000185742,-2.56836E-05,0.000134356,0.00014164,4.29906E-05
0.818,0.000145508,0.000180859,-2.55859E-05,0.000132904,0.000137845,4.29145E-05
0.82,0.000155811,0.000178076,-1.90918E-05,0.000132077,0.000133898,4.36155E-05
0.822,0.000155371,0.000179785,-0.00001875,0.000131638,0.000130525,4.4422E-05
0.824,0.00015,0.000169531,-1.62109E-05,0.000131283,0.000128267,4.46556E-05
0.826,0.000154785,0.000180957,-1.62109E-05,0.000130819,0.000127375,4.39078E-05
0.828,0.000156396,0.000181299,-2.09473E-05,0.000130256,0.000127785,4.22072E-05
0.83,0.00015376,0.000179346,-2.59277E-05,0.00012982,0.000129156,4.00028E-05
0.832,0.000151758,0.000179492,-2.43164E-05,0.000129844,0.000130968,3.79842E-05
0.834,0.000149365,0.000181006,-2.59277E-05,0.000130603,0.00013265,3.68102E-05
0.836,0.000150146,0.000172803,-3.05176E-05,0.000132111,0.000133681,3.68217E-05
0.838,0.000157715,0.000175684,-2.89062E-05,0.000134042,0.0001337,3.7888E-05
0.84,0.000161768,0.000177197,-2.60254E-05,0.00013574,0.000132548,3.94131E-05
0.842,0.000165479,0.000182471,-2.20215E-05,0.000136401,0.000130283,4.05179E-05
0.844,0.000165283,0.000189502,-1.62598E-05,0.000135341,0.00012715,4.03443E-05
0.846,0.000159131,0.000191943,-1.64551E-05,0.000132264,0.000123524,3.83613E-05
0.848,0.000150244,0.000176514,-2.68066E-05,0.000127414,0.000119818,3.45603E-05
0.85,0.000148242,0.000158691,-3.37891E-05,0.000121582,0.000116397,2.94809E-05
0.852,0.000135791,0.000140771,-4.74121E-05,0.00011592,0.000113533,2.40614E-05
0.854,0.000134668,0.000151172,-5.14648E-05,0.000111606,0.000111363,1.93338E-05
0.856,0.000136963,0.000167627,-4.75098E-05,0.000109469,0.000109878,1.60873E-05
0.858,0.000145557,0.000178369,-4.15527E-05,0.000109697,0.00010896,1.46282E-05
0.86,0.00014541,0.000165039,-4.31641E-05,0.000111724,0.000108423,1.46998E-05
0.862,0.000148486,0.000168604,-3.90137E-05,0.000114361,0.000108043,1.55959E-05
0.864,0.000143555,0.000167871,-4.46289E-05,0.000116147,0.0001076,1.64268E-05
0.866,0.000139014,0.000151416,-4.77051E-05,0.000115813,0.000106921,1.64394E-05
0.868,0.000130273,0.000155957,-5.08789E-05,0.000112733,0.000105892,1.52818E-05
0.87,0.000129688,0.000148145,-5.60547E-05,0.000107166,0.000104477,1.31151E-05
0.872,0.000141064,0.000150732,-5.51269E-05,0.000100246,0.00010272,1.05413E-05
0.874,0.000140332,0.000159277,-4.81445E-05,9.36709E-05,0.000100736,8.35886E-06
0.876,0.000123828,0.000162305,-4.78516E-05,8.92128E-05,9.8708E-05,7.26353E-06
0.878,0.000122266,0.000165723,-4.58984E-05,8.81697E-05,9.68666E-05,7.6015E-06
0.88,0.000114893,0.000156689,-5.25879E-05,9.09373E-05,9.54449E-05,9.24265E-06
0.882,0.000119824,0.000151074,-5.26367E-05,9.68535E-05,9.46518E-05,1.16349E-05
0.884,0.000137012,0.00015127,-4.93164E-05,0.00010435,9.46149E-05,1.40037E-05
0.886,0.000140332,0.000139258,-5.61523E-05,0.000111391,9.53453E-05,1.56408E-05
0.888,0.00014917,0.000137158,-4.84863E-05,0.000116066,9.6717E-05,1.61589E-05
0.89,0.000161572,0.000157373,-3.5498E-05,0.000117131,9.84652E-05,1.56226E-05
0.892,0.00016001,0.000172314,-3.83301E-05,0.00011435,0.000100223,1.4507E-05
0.894,0.000142725,0.000167627,-4.45801E-05,0.000108527,0.000101567,1.3502E-05
0.896,0.000135156,0.000173438,-4.62891E-05,0.000101214,0.000102086,1.3226E-05
0.898,0.000125244,0.00016333,-4.53613E-05,9.42201E-05,0.000101452,1.39734E-05
0.9,0.000118359,0.000148438,-5.22461E-05,8.90653E-05,9.94923E-05,1.55848E-05
0.902,0.000116602,0.000141797,-5.57617E-05,8.65692E-05,9.62409E-05,1.74946E-05
0.904,0.000124902,0.000149805,-4.10156E-05,8.66955E-05,9.19752E-05,1.89412E-05
0.906,0.000133887,0.000155078,-2.68555E-05,8.86886E-05,8.72052E-05,1.92675E-05
0.908,0.000131689,0.000147607,-3.80371E-05,9.14192E-05,8.26239E-05,1.81825E-05
0.91,0.000133691,0.000141113,-4.69727E-05,9.38214E-05,7.90141E-05,1.59008E-05
0.912,0.000136035,0.000136816,-4.55078E-05,9.52548E-05,7.71023E-05,1.30988E-05
0.914,0.000133203,0.000140137,-4.82422E-05,9.5653E-05,7.73923E-05,1.06875E-05
0.916,0.000132715,0.000147949,-4.92187E-05,9.54273E-05,8.00096E-05,9.49004E-06
0.918,0.000132373,0.000150537,-4.90723E-05,9.52071E-05,8.46301E-05,9.95868E-06
0.92,0.000135303,0.000155908,-4.79004E-05,9.54971E-05,9.04749E-05,1.20003E-05
0.922,0.000129785,0.000149023,-5.52734E-05,9.64024E-05,9.64346E-05,1.50095E-05
0.924,0.000135889,0.000155127,-4.86816E-05,9.75512E-05,0.00010128,1.8086E-05
0.926,0.000152295,0.000169482,-2.74902E-05,9.82324E-05,0.000103938,2.03606E-05
0.928,0.000141113,0.000172754,-2.75391E-05,9.76979E-05,0.000103771,2.13061E-05
0.93,0.000135742,0.000175391,-2.86133E-05,9.54968E-05,0.000100739,2.09076E-05
0.932,0.000131396,0.000167236,-4.25293E-05,9.17153E-05,9.54222E-05,1.96356E-05
0.934,0.000125049,0.000139014,-5.1416E-05,8.70198E-05,8.888E-05,1.82508E-05
0.936,0.000124561,0.000145264,-5.02441E-05,8.24642E-05,8.23778E-05,1.74839E-05
0.938,0.000129834,0.000154346,-3.69629E-05,7.91444E-05,7.70468E-05,1.77324E-05
0.94,0.00012666,0.000142969,-3.04687E-05,7.78255E-05,7.36077E-05,1.89042E-05
0.942,0.000118506,0.000134326,-3.59863E-05,7.86751E-05,7.22189E-05,2.04577E-05
0.944,0.00012002,0.000135059,-3.87695E-05,8.12086E-05,7.24939E-05,2.16377E-05
0.946,0.000124902,0.000136426,-4.01367E-05,8.4485E-05,7.36983E-05,2.18179E-05
0.948,0.0001271,0.000135791,-4.04785E-05,8.74589E-05,7.50471E-05,2.08056E-05
0.95,0.000137402,0.000148047,-3.89648E-05,8.93708E-05,7.59962E-05,1.89868E-05
0.952,0.00014873,0.000152734,-3.24219E-05,9.00157E-05,7.6429E-05,1.7233E-05
0.954,0.000144238,0.000151367,-3.34961E-05,8.97884E-05,7.66657E-05,1.6596E-05
0.956,0.000136279,0.000153662,-3.78418E-05,8.94754E-05,7.72922E-05,1.78819E-05
0.958,0.000137207,0.00015332,-3.63281E-05,8.99047E-05,7.88861E-05,2.12798E-05
0.96,0.00012041,0.00013125,-4.86328E-05,9.15657E-05,8.17281E-05,2.61755E-05
0.962,0.000130713,0.000139307,-3.5791E-05,9.43667E-05,8.56293E-05,3.12529E-05
0.964,0.000159424,0.00017085,-1.80176E-05,9.76275E-05,8.99439E-05,3.48691E-05
0.966,0.000152246,0.000164063,-1.2793E-05,0.000100333,9.37591E-05,3.5594E-05
0.968,0.000143945,0.000163867,-1.26953E-05,0.00010153,9.61889E-05,3.27129E-05
0.97,0.000150879,0.000171973,-2.48047E-05,0.000100728,9.66885E-05,2.65366E-05
0.972,0.0001625,0.000180859,-4.36523E-05,9.81354E-05,9.5243E-05,1.83831E-05
0.974,0.000152686,0.000175928,-4.80957E-05,9.46243E-05,9.23705E-05,1.02276E-05
0.976,0.000136914,0.000158008,-5.50781E-05,9.14326E-05,8.89424E-05,4.10934E-06
0.978,0.000121094,0.000133789,-6.67969E-05,8.97019E-05,8.58682E-05,1.5063E-06
0.98,0.000137256,0.000149658,-5.22949E-05,9.00247E-05,8.37811E-05,2.86429E-06
0.982,0.000140967,0.000152197,-4.79004E-05,9.21823E-05,8.28403E-05,7.44733E-06
0.984,0.000158203,0.000166504,-3.76953E-05,9.51859E-05,8.27307E-05,1.3554E-05
0.986,0.000157471,0.000165283,-3.2373E-05,9.7627E-05,8.2844E-05,1.90456E-05
0.988,0.000143848,0.000156055,-3.61328E-05,9.82131E-05,8.25868E-05,2.20081E-05
0.99,0.000142822,0.000151904,-3.07129E-05,9.62955E-05,8.16717E-05,2.1338E-05
0.992,0.000155469,0.000160547,-2.74414E-05,9.21724E-05,8.02624E-05,1.70548E-05
0.994,0.000143701,0.000156982,-4.80957E-05,8.70526E-05,7.89207E-05,1.02609E-05
0.996,0.000137646,0.0001521,-7.0752E-05,8.26679E-05,7.83567E-05,2.76359E-06
0.998,0.000135596,0.000149365,-6.55762E-05,8.06679E-05,7.90854E-05,-3.49741E-06
1,0.000125586,0.000150879,-6.00586E-05,8.19975E-05,8.11222E-05,-7.03303E-06
1.002,0.000124072,0.000146338,-6.21582E-05,8.64905E-05,8.38648E-05,-7.2054E-06
1.004,0.000149854,0.000162354,-5.25879E-05,9.2852E-05,8.62265E-05,-4.35308E-06
1.006,0.000171484,0.000180078,-4.11133E-05,9.903E-05,8.69748E-05,3.80673E-07
1.008,0.000173926,0.000176074,-4.30664E-05,0.000102871,8.51785E-05,5.44102E-06
1.01,0.000160547,0.000155371,-4.83398E-05,0.000102836,8.05914E-05,9.33465E-06
1.012,0.000140918,0.000148438,-5.63477E-05,9.8533E-05,7.38359E-05,1.10315E-05
1.014,0.000133496,0.00013252,-6.18164E-05,9.08452E-05,6.62667E-05,1.01699E-05
1.016,0.000140869,0.000131982,-5.46387E-05,8.16426E-05,5.9557E-05,7.04052E-06
1.018,0.000144336,0.000136328,-3.23242E-05,7.31675E-05,5.51692E-05,2.39874E-06
1.02,0.000130322,0.000133057,-3.83301E-05,6.72984E-05,5.38494E-05,-2.82292E-06
1.022,0.000116943,0.000135498,-6.54785E-05,6.49631E-05,5.53706E-05,-7.77116E-06
1.024,0.000122461,0.000145703,-7.43164E-05,6.58843E-05,5.85972E-05,-1.18408E-05
1.026,0.000123877,0.000141162,-7.43652E-05,6.87653E-05,6.18773E-05,-1.47132E-05
1.028,0.000124316,0.000137402,-7.65625E-05,7.18183E-05,6.36159E-05,-1.63079E-05
1.03,0.000135303,0.000138428,-7.09473E-05,7.34443E-05,6.28382E-05,-1.6681E-05
1.032,0.000142188,0.000143164,-6.09375E-05,7.28209E-05,5.95411E-05,-1.59417E-05
1.034,0.000137549,0.000139307,-6.25488E-05,7.01689E-05,5.46975E-05,-1.42344E-05
1.036,0.000127979,0.000130615,-6.50879E-05,6.66113E-05,4.99041E-05,-1.17737E-05
1.038,0.000120801,0.00012998,-6.39648E-05,6.37025E-05,4.6811E-05,-8.88362E-06
1.04,0.000120459,0.000125049,-6.13769E-05,6.27837E-05,4.65242E-05,-6.01846E-06
1.042,0.000119189,0.000126904,-6.45019E-05,6.44242E-05,4.91873E-05,-3.72627E-06
1.044,0.000125977,0.000135645,-5.79101E-05,6.81572E-05,5.39008E-05,-2.53032E-06
1.046,0.000133789,0.000138086,-5.42969E-05,7.2622E-05,5.90283E-05,-2.77231E-06
1.048,0.00014165,0.000143115,-5.40527E-05,7.60288E-05,6.27424E-05,-4.49351E-06
1.05,0.000145947,0.000151025,-5.69824E-05,7.68088E-05,6.36543E-05,-7.38586E-06
1.052,0.000148633,0.000155176,-5.48828E-05,7.41978E-05,6.12901E-05,-1.08511E-05
1.054,0.000136377,0.000143506,-6.48926E-05,6.85336E-05,5.62426E-05,-1.41573E-05
1.056,0.000114648,0.000128809,-7.97851E-05,6.11611E-05,4.99517E-05,-1.66581E-05
1.058,0.000112207,0.000120117,-7.72461E-05,5.398E-05,4.4199E-05,-1.7988E-05
1.06,0.00011543,0.000124219,-7.05078E-05,4.8796E-05,4.04891E-05,-1.81607E-05
1.062,0.000104053,0.000114795,-7.50488E-05,4.67119E-05,3.95511E-05,-1.75389E-05
1.064,0.000105176,0.000125684,-6.65039E-05,4.77705E-05,4.11149E-05,-1.66974E-05
1.066,0.000127051,0.000133008,-5.71289E-05,5.09767E-05,4.40437E-05,-1.62104E-05
1.068,0.000127637,0.000147656,-6.26953E-05,5.46804E-05,4.6762E-05,-1.64557E-05
1.07,0.000129102,0.000141016,-7.01172E-05,5.71862E-05,4.78366E-05,-1.7494E-05
1.072,0.000122607,0.000120166,-7.75879E-05,5.73543E-05,4.64785E-05,-1.90718E-05
1.074,0.000118164,0.000122461,-7.49023E-05,5.49957E-05,4.28196E-05,-2.07282E-05
1.076,0.000115723,0.000120703,-7.20703E-05,5.09163E-05,3.78596E-05,-2.19705E-05
1.078,0.000110742,0.000117969,-8.08594E-05,4.65974E-05,3.31001E-05,-2.24487E-05
1.08,0.0001104,0.00012085,-7.74902E-05,4.36573E-05,3.00224E-05,-2.20565E-05
1.082,0.000112402,0.000127832,-6.81641E-05,4.32857E-05,2.95939E-05,-2.0936E-05
1.084,0.0001146,0.00012085,-6.3916E-05,4.58432E-05,3.19657E-05,-1.93877E-05
1.086,0.000118457,0.000111816,-6.25E-05,5.07706E-05,3.64795E-05,-1.77233E-05
1.088,0.000126562,0.000123145,-6.76758E-05,5.68056E-05,4.19128E-05,-1.61568E-05
1.09,0.000134033,0.00014292,-7.05566E-05,6.24505E-05,4.6924E-05,-1.47421E-05
1.092,0.00014248,0.000147949,-6.72851E-05,6.64778E-05,5.05012E-05,-1.34076E-05
1.094,0.000137109,0.000136426,-6.76758E-05,6.83173E-05,5.22623E-05,-1.20418E-05
1.096,0.000136914,0.000140234,-6.04492E-05,6.81793E-05,5.2514E-05,-1.05988E-05
1.098,0.000134229,0.000144385,-5.69824E-05,6.69046E-05,5.20645E-05,-9.15438E-06
1.1,0.000137988,0.000141699,-5.58594E-05,6.56068E-05,5.18782E-05,-7.89354E-06
1.102,0.000130469,0.000136621,-5.91797E-05,6.52534E-05,5.27005E-05,-7.01716E-06
1.104,0.000138184,0.00014502,-5.46875E-05,6.63406E-05,5.47984E-05,-6.61824E-06
1.106,0.000142725,0.000148682,-5.35644E-05,6.8781E-05,5.79031E-05,-6.5742E-06
1.108,0.000148584,0.000150342,-6.11816E-05,7.20048E-05,6.13509E-05,-6.52725E-06
1.11,0.000145605,0.000153711,-6.38672E-05,7.52221E-05,6.43636E-05,-5.97247E-06
1.112,0.000152686,0.000164014,-4.97559E-05,7.77443E-05,6.63596E-05,-4.42754E-06
1.114,0.000153223,0.000161133,-4.54102E-05,7.92076E-05,6.71539E-05,-1.64732E-06
1.116,0.000154102,0.000163965,-4.54102E-05,7.96165E-05,6.69671E-05,2.21013E-06
1.118,0.000153711,0.000158691,-4.3457E-05,7.92504E-05,6.62995E-05,6.55994E-06
1.12,0.00015625,0.00015166,-3.87695E-05,7.84537E-05,6.56811E-05,1.05101E-05
1.122,0.000144092,0.000147217,-4.71191E-05,7.74277E-05,6.54168E-05,1.3116E-05
1.124,0.000140479,0.000153955,-4.45801E-05,7.61195E-05,6.54389E-05,1.36862E-05
1.126,0.000147607,0.000163135,-3.63769E-05,7.42724E-05,6.53387E-05,1.20336E-05
1.128,0.000153418,0.000160938,-2.67578E-05,7.16011E-05,6.45424E-05,8.56884E-06
1.13,0.000155664,0.00016709,-2.89063E-05,6.80311E-05,6.259E-05,4.21874E-06
1.132,0.000145801,0.000157813,-4.31641E-05,6.38565E-05,5.93726E-05,1.52804E-07
1.134,0.000128027,0.000142285,-6.66992E-05,5.97625E-05,5.52596E-05,-2.56856E-06
1.136,0.000131396,0.000144971,-6.78223E-05,5.6654E-05,5.10327E-05,-3.33402E-06
1.138,0.000133887,0.000141309,-5.92773E-05,5.53686E-05,4.76636E-05,-2.1614E-06
1.14,0.000131836,0.000134668,-4.48242E-05,5.63565E-05,4.59972E-05,3.20337E-07
1.142,0.000126416,0.000130811,-3.35449E-05,5.94575E-05,4.6458E-05,3.08455E-06
1.144,0.000138721,0.000148975,-2.82715E-05,6.38587E-05,4.88777E-05,5.03928E-06
1.146,0.000150146,0.000155127,-4.92676E-05,6.83031E-05,5.25323E-05,5.39057E-06
1.148,0.000153027,0.000157422,-5.16602E-05,7.14506E-05,5.63544E-05,3.8869E-06
1.15,0.000162646,0.00016333,-4.42871E-05,7.22911E-05,5.92672E-05,8.65855E-07
1.152,0.000160547,0.000158887,-4.58984E-05,7.04765E-05,6.05164E-05,-2.89321E-06
1.154,0.000139453,0.000149512,-5.77148E-05,6.6445E-05,5.98939E-05,-6.44622E-06
1.156,0.000122021,0.000139502,-6.77246E-05,6.12808E-05,5.77633E-05,-9.00627E-06
1.158,0.000129346,0.000144092,-6.30371E-05,5.63834E-05,5.48999E-05,-1.01706E-05
1.16,0.000140234,0.000158105,-5.21484E-05,5.30287E-05,5.21936E-05,-9.99605E-06
1.162,0.0001354,0.000156787,-5.20019E-05,5.20019E-05,5.03586E-05,-8.89574E-06
1.164,0.000140869,0.000154541,-4.52637E-05,5.34065E-05,4.97124E-05,-7.41487E-06
1.166,0.000138184,0.000148828,-5.09766E-05,5.67011E-05,5.01317E-05,-5.98087E-06
1.168,0.000140234,0.000147754,-5.39062E-05,6.09323E-05,5.11634E-05,-4.73661E-06
1.17,0.000140723,0.00014248,-6.02539E-05,6.50893E-05,5.22628E-05,-3.51955E-06
1.172,0.000156787,0.000148389,-4.79004E-05,6.8432E-05,5.3044E-05,-1.9872E-06
1.174,0.00015459,0.000149609,-5.08789E-05,7.06917E-05,5.34461E-05,1.8398E-07
1.176,0.000149854,0.000153857,-4.86816E-05,7.2066E-05,5.37395E-05,3.07803E-06
1.178,0.000155664,0.00015957,-3.38867E-05,7.3046E-05,5.44022E-05,6.42231E-06
1.18,0.000156055,0.000162109,-2.98828E-05,7.41466E-05,5.58818E-05,9.62048E-06
1.182,0.000156104,0.000161865,-3.36426E-05,7.56411E-05,5.83502E-05,1.19295E-05
1.184,0.000165479,0.000160693,-3.53027E-05,7.74156E-05,6.15506E-05,1.27183E-05
1.186,0.000166797,0.000159277,-3.35938E-05,7.90015E-05,6.48116E-05,1.17231E-05
1.188,0.000161182,0.00016167,-4.15527E-05,7.97557E-05,6.72264E-05,9.17814E-06
1.19,0.000156348,0.000161426,-4.81445E-05,7.91409E-05,6.79475E-05,5.78637E-06
1.192,0.000166455,0.000169678,-3.96973E-05,7.69807E-05,6.64943E-05,2.51882E-06
1.194,0.000165137,0.000171387,-4.04297E-05,7.35932E-05,6.2953E-05,3.21758E-07
1.196,0.000154492,0.000166992,-4.21875E-05,6.97449E-05,5.8E-05,-1.83076E-07
1.198,0.000153613,0.000164746,-4.45312E-05,6.64478E-05,5.27413E-05,1.11591E-06
1.2,0.000145361,0.000148486,-4.62402E-05,6.46508E-05,4.83982E-05,3.80196E-06
1.202,0.000143408,0.000136865,-4.53613E-05,6.49343E-05,4.59537E-05,7.08251E-06
1.204,0.00015498,0.000144043,-3.49609E-05,6.72957E-05,4.58561E-05,1.00424E-05
1.206,0.000158447,0.000142236,-3.09082E-05,7.1124E-05,4.78938E-05,1.19307E-05
1.208,0.000162891,0.00015127,-2.85156E-05,7.53515E-05,5.12641E-05,1.23611E-05
1.21,0.00017334,0.00016543,-3.13477E-05,7.87404E-05,5.48241E-05,1.13743E-05
1.212,0.000176318,0.000173486,-3.31543E-05,8.02148E-05,5.74135E-05,9.34616E-06
1.214,0.00016626,0.000167529,-4.06738E-05,7.91599E-05,5.8188E-05,6.80846E-06
1.216,0.000157568,0.000165381,-4.47754E-05,7.55828E-05,5.68286E-05,4.23745E-06
1.218,0.000151855,0.000154785,-4.39453E-05,7.00826E-05,5.35922E-05,1.89438E-06
1.22,0.000142139,0.00013501,-4.71191E-05,6.36727E-05,4.91729E-05,-2.12209E-07
1.222,0.000144482,0.000139502,-5.39551E-05,5.75035E-05,4.44718E-05,-2.23988E-06
1.224,0.000154639,0.000151709,-4.75098E-05,5.25558E-05,4.03331E-05,-4.36983E-06
1.226,0.000146387,0.000149316,-4.14062E-05,4.94082E-05,3.7326E-05,-6.65507E-06
1.228,0.000138184,0.000143066,-4.14062E-05,4.81107E-05,3.56325E-05,-8.94798E-06
1.23,0.000138379,0.000141602,-5.64453E-05,4.82112E-05,3.50695E-05,-1.09153E-05
1.232,0.000148291,0.00015542,-5.43457E-05,4.89084E-05,3.5207E-05,-1.21704E-05
1.234,0.000125049,0.00013501,-7.26074E-05,4.92846E-05,3.55221E-05,-1.24436E-05
1.236,0.000128076,0.00013335,-6.62598E-05,4.85499E-05,3.55454E-05,-1.1742E-05
1.238,0.000134033,0.000138232,-5.47363E-05,4.62441E-05,3.49596E-05,-1.04063E-05
1.24,0.000139209,0.000136377,-4.5459E-05,4.23257E-05,3.36095E-05,-9.05452E-06
1.242,0.000135498,0.000137744,-4.56543E-05,3.71489E-05,3.14553E-05,-8.41764E-06
1.244,0.000133203,0.00014082,-4.41406E-05,3.13414E-05,2.85141E-05,-9.12099E-06
1.246,0.000124609,0.000136133,-5.07812E-05,2.56288E-05,2.48289E-05,-1.1475E-05
1.248,0.000107959,0.000129639,-6.0791E-05,2.06246E-05,2.04447E-05,-1.53856E-05
1.25,9.73145E-05,0.000126025,-7.14355E-05,1.67009E-05,1.54509E-05,-2.03653E-05
1.252,0.000103418,0.000118945,-7.46094E-05,1.3928E-05,1.00424E-05,-2.56701E-05
1.254,0.000103174,0.000106104,-8.24707E-05,1.21108E-05,4.56781E-06,-3.05102E-05
1.256,0.000104297,0.00010293,-7.92969E-05,1.08836E-05,-4.97735E-07,-3.42714E-05
1.258,0.000107275,0.000104248,-7.06543E-05,9.86848E-06,-4.61983E-06,-3.66514E-05
1.26,0.000110791,0.000105518,-6.69434E-05,8.80153E-06,-7.33988E-06,-3.76964E-05
1.262,0.000103613,9.81445E-05,-0.000078125,7.60986E-06,-8.4116E-06,-3.77267E-05
1.264,0.000104248,0.000101123,-8.17871E-05,6.40679E-06,-7.91588E-06,-3.72005E-05
1.266,9.8291E-05,0.000111377,-8.37402E-05,5.42729E-06,-6.27751E-06,-3.65473E-05
1.268,9.01367E-05,0.000109277,-8.4082E-05,4.9083E-06,-4.19314E-06,-3.60524E-05
1.27,9.46777E-05,9.73145E-05,-8.56934E-05,4.98668E-06,-2.45156E-06,-3.58071E-05
1.272,0.000104785,0.000106445,-7.50977E-05,5.63151E-06,-1.71776E-06,-3.57528E-05
1.274,0.000105273,0.000111914,-7.34375E-05,6.65336E-06,-2.32876E-06,-3.57556E-05
1.276,0.00010376,0.000104248,-7.63184E-05,7.77626E-06,-4.17918E-06,-3.57024E-05
1.278,0.000110156,0.000105078,-7.46094E-05,8.7538E-06,-6.72499E-06,-3.55568E-05
1.28,0.000109814,0.000102002,-6.83105E-05,9.47382E-06,-9.11652E-06,-3.53662E-05
1.282,0.000102295,9.90723E-05,-8.2959E-05,1.0011E-05,-1.04359E-05,-3.52177E-05
1.284,0.00010542,0.000102686,-8.44238E-05,1.06077E-05,-9.96008E-06,-3.51673E-05
1.286,0.000107422,0.000107422,-8.05664E-05,1.15941E-05,-7.36544E-06,-3.51671E-05
1.288,0.000111328,0.00010918,-7.33398E-05,1.32359E-05,-2.84935E-06,-3.50723E-05
1.29,0.000109814,0.000110205,-7.57324E-05,1.56084E-05,2.90806E-06,-3.46885E-05
1.292,0.000119238,0.000124023,-7.02148E-05,1.85289E-05,8.91716E-06,-3.38599E-05
1.294,0.000125,0.000129492,-7.02148E-05,2.15824E-05,1.41413E-05,-3.25681E-05
1.296,0.000123389,0.000127686,-7.37793E-05,2.42246E-05,1.7744E-05,-3.10018E-05
1.298,0.000125098,0.000129102,-7.31445E-05,2.59563E-05,1.93007E-05,-2.95232E-05
1.3,0.000122363,0.000127637,-0.00006875,2.64946E-05,1.88808E-05,-2.85819E-05
1.302,0.000112793,0.000124316,-7.67578E-05,2.58794E-05,1.69921E-05,-2.85746E-05
1.304,0.000131299,0.000142236,-6.84082E-05,2.44738E-05,1.44134E-05,-2.9697E-05
1.306,0.000133105,0.000134277,-6.75781E-05,2.2872E-05,1.19807E-05,-3.18276E-05
1.308,0.000125293,0.000125781,-7.30469E-05,2.17201E-05,1.03698E-05,-3.45122E-05
1.31,0.000120313,0.000118652,-7.61719E-05,2.15166E-05,9.95733E-06,-3.7053E-05
1.312,0.000118555,0.000119043,-7.72461E-05,2.2447E-05,1.07735E-05,-3.86908E-05
1.314,0.000109961,0.000110449,-8.52539E-05,2.43378E-05,1.25693E-05,-3.8818E-05
1.316,0.000124512,0.000124023,-7.90039E-05,2.67135E-05,1.49353E-05,-3.71776E-05
1.318,0.000139355,0.000144141,-7.57813E-05,2.89724E-05,1.74605E-05,-3.39418E-05
1.32,0.000146045,0.000157959,-6.55762E-05,3.05834E-05,1.98468E-05,-2.96934E-05
1.322,0.000139941,0.000143066,-6.40625E-05,3.12644E-05,2.19689E-05,-2.52738E-05
1.324,0.000129883,0.000133008,-5.9668E-05,3.10678E-05,2.38548E-05,-2.15609E-05
1.326,0.000123145,0.00012998,-5.56641E-05,3.03663E-05,2.56238E-05,-1.92137E-05
1.328,0.000122168,0.000131348,-5.83008E-05,2.97196E-05,2.7386E-05,-1.84982E-05
1.33,0.000127686,0.000141943,-6.34277E-05,2.96839E-05,2.9166E-05,-1.92287E-05
1.332,0.000143604,0.000154053,-6.0498E-05,3.0617E-05,3.08725E-05,-2.08423E-05
1.334,0.000140186,0.000151709,-6.57715E-05,3.25578E-05,3.23308E-05,-2.25806E-05
1.336,0.000136914,0.00015127,-6.41602E-05,3.51893E-05,3.33409E-05,-2.37396E-05
1.338,0.000145264,0.000159424,-5.7666E-05,3.79375E-05,3.37712E-05,-2.38752E-05
1.34,0.00015083,0.000156982,-5.33691E-05,4.01345E-05,3.36135E-05,-2.29326E-05
1.342,0.000144336,0.000148242,-5.625E-05,4.12146E-05,3.30008E-05,-2.12461E-05
1.344,0.000137305,0.00014541,-6.31836E-05,4.08656E-05,3.21661E-05,-1.94177E-05
1.346,0.000134668,0.000135352,-6.55273E-05,3.91143E-05,3.13707E-05,-1.81014E-05
1.348,0.000140918,0.00013877,-6.12305E-05,3.62944E-05,3.08077E-05,-1.77858E-05
1.35,0.0001375,0.000149707,-6.01562E-05,3.29422E-05,3.05368E-05,-1.86253E-05
1.352,0.000143848,0.000159961,-4.88281E-05,2.96423E-05,3.04638E-05,-2.03878E-05
1.354,0.000142041,0.000158057,-5.18066E-05,2.68733E-05,3.0373E-05,-2.2528E-05
1.356,0.000135889,0.000160889,-5.78613E-05,2.48919E-05,2.9993E-05,-2.43727E-05
1.358,0.000124219,0.000151367,-6.69922E-05,2.37117E-05,2.91052E-05,-2.53269E-05
1.36,0.000114453,0.000132422,-7.36328E-05,2.31436E-05,2.76181E-05,-2.50647E-05
1.362,0.000123193,0.000124854,-6.27441E-05,2.28975E-05,2.56062E-05,-2.36203E-05
1.364,0.00013667,0.000139307,-5.57129E-05,2.26947E-05,2.3291E-05,-2.13689E-05
1.366,0.000134668,0.000143359,-6.2207E-05,2.23789E-05,2.09888E-05,-1.88837E-05
1.368,0.000137744,0.000150635,-5.06348E-05,2.19525E-05,1.90052E-05,-1.67541E-05
1.37,0.000124609,0.000146484,-4.94141E-05,2.15659E-05,1.7553E-05,-1.53969E-05
1.372,0.00012583,0.000145264,-4.53613E-05,2.14577E-05,1.67074E-05,-1.49335E-05
1.374,0.000127637,0.000133301,-5.29297E-05,2.18607E-05,1.64025E-05,-1.51637E-05
1.376,0.000130957,0.00012373,-5.09766E-05,2.28984E-05,1.64661E-05,-1.56638E-05
1.378,0.000135352,0.000130469,-5.87891E-05,2.4542E-05,1.67056E-05,-1.59355E-05
1.38,0.000138721,0.000137646,-5.43457E-05,2.6606E-05,1.69825E-05,-1.55849E-05
1.382,0.000130859,0.000139648,-5.99609E-05,2.87952E-05,1.72726E-05,-1.44396E-05
1.384,0.000140576,0.000146729,-4.97559E-05,3.07629E-05,1.76461E-05,-1.2611E-05
1.386,0.000146289,0.00014668,-3.75E-05,3.22168E-05,1.82366E-05,-1.04312E-05
1.388,0.000136865,0.000133838,-3.96973E-05,3.2975E-05,1.91492E-05,-8.35003E-06
1.39,0.000137109,0.000130957,-4.64844E-05,3.30008E-05,2.038E-05,-6.79445E-06
1.392,0.000159473,0.000156641,-3.07617E-05,3.23845E-05,2.1766E-05,-6.05331E-06
1.394,0.00014375,0.000153516,-4.46289E-05,3.13006E-05,2.29931E-05,-6.209E-06
1.396,0.000127295,0.000141162,-5.63965E-05,2.99314E-05,2.36538E-05,-7.15441E-06
1.398,0.000134961,0.000133301,-5.15625E-05,2.8422E-05,2.33737E-05,-8.64122E-06
1.4,0.000146436,0.000143506,-4.03809E-05,2.68564E-05,2.19361E-05,-1.03677E-05
1.402,0.000131494,0.000139014,-4.83887E-05,2.52744E-05,1.9381E-05,-1.20514E-05
1.404,0.00013125,0.000146094,-4.55078E-05,2.3717E-05,1.60444E-05,-1.34722E-05
1.406,0.000139648,0.000140527,-4.25781E-05,2.22974E-05,1.25291E-05,-1.44671E-05
1.408,0.000138916,0.000138721,-4.58496E-05,2.12173E-05,9.56341E-06,-1.49333E-05
1.41,0.000132178,0.000133154,-5.4248E-05,2.07629E-05,7.83521E-06,-1.48116E-05
1.412,0.000135352,0.000130762,-5.37109E-05,2.12457E-05,7.81803E-06,-1.40872E-05
1.414,0.000127783,0.000120947,-5.61035E-05,2.29084E-05,9.65374E-06,-1.27967E-05
1.416,0.000129395,0.00012959,-4.51172E-05,2.57977E-05,1.3097E-05,-1.10677E-05
1.418,0.000144922,0.000143066,-4.00391E-05,2.96939E-05,1.75711E-05,-9.12156E-06
1.42,0.00015542,0.000154541,-3.6377E-05,3.41024E-05,2.23026E-05,-7.26069E-06
1.422,0.000153369,0.000155322,-4.06738E-05,3.83273E-05,2.65091E-05,-5.80407E-06
1.424,0.000156152,0.000159375,-4.10156E-05,4.16161E-05,2.95633E-05,-5.01008E-06
1.426,0.000159619,0.000157959,-3.75488E-05,4.33641E-05,3.11248E-05,-4.98792E-06
1.428,0.000154248,0.000153076,-4.2334E-05,4.32863E-05,3.11823E-05,-5.65624E-06
1.43,0.000145459,0.000143311,-5.05371E-05,4.15313E-05,3.00234E-05,-6.74708E-06
1.432,0.000154834,0.000152979,-3.51074E-05,3.86748E-05,2.81341E-05,-7.88966E-06
1.434,0.000151953,0.000154688,-3.56445E-05,3.55996E-05,2.60713E-05,-8.71425E-06
1.436,0.000147607,0.000151611,-4.66309E-05,3.32588E-05,2.43301E-05,-8.97784E-06
1.438,0.000151709,0.000150049,-4.30176E-05,3.24305E-05,2.327E-05,-8.63013E-06
1.44,0.000156445,0.000158105,-3.68164E-05,3.34992E-05,2.30809E-05,-7.82293E-06
1.442,0.000149951,0.000147314,-4.63379E-05,3.63494E-05,2.38049E-05,-6.83638E-06
1.444,0.000150342,0.000146338,-4.59473E-05,4.03872E-05,2.53645E-05,-5.96384E-06
1.446,0.000152393,0.000150049,-3.96973E-05,4.47108E-05,2.76131E-05,-5.37882E-06
1.448,0.000164355,0.000158008,-3.18359E-05,4.83541E-05,3.03545E-05,-5.07189E-06
1.45,0.00016792,0.000159619,-3.49121E-05,5.05499E-05,3.3352E-05,-4.85578E-06
1.452,0.00017334,0.000173438,-3.125E-05,5.09297E-05,3.6327E-05,-4.45742E-06
1.454,0.000165088,0.000168701,-3.76465E-05,4.96165E-05,3.89685E-05,-3.64211E-06
1.456,0.000168896,0.000162451,-4.15527E-05,4.71398E-05,4.09309E-05,-2.36312E-06
1.458,0.000166797,0.00015918,-3.58398E-05,4.42633E-05,4.18934E-05,-8.23079E-07
1.46,0.000158643,0.000170947,-2.9541E-05,4.17457E-05,4.16272E-05,5.57101E-07
1.462,0.00013999,0.000168311,-4.4873E-05,4.01265E-05,4.00738E-05,1.2693E-06
1.464,0.000150146,0.000172314,-3.14941E-05,3.95876E-05,3.73836E-05,8.99357E-07
1.466,0.000165723,0.000170801,-1.8457E-05,3.99665E-05,3.39391E-05,-6.7754E-07
1.468,0.000167041,0.000159912,-2.52441E-05,4.0846E-05,3.02903E-05,-3.21281E-06
1.47,0.000162207,0.000143262,-4.27734E-05,4.17332E-05,2.70602E-05,-6.10735E-06
1.472,0.000166113,0.00014873,-4.28711E-05,4.22459E-05,2.48108E-05,-8.56496E-06
1.474,0.000156299,0.000153174,-4.81934E-05,4.22475E-05,2.3936E-05,-9.81731E-06
1.476,0.000156738,0.000156836,-4.66797E-05,4.18561E-05,2.45546E-05,-9.3863E-06
1.478,0.00015376,0.000154248,-4.07715E-05,4.13773E-05,2.64901E-05,-7.23784E-06
1.48,0.000164209,0.000167334,-2.51465E-05,4.11416E-05,2.92975E-05,-3.81914E-06
1.482,0.000155371,0.000158398,-3.71094E-05,4.13412E-05,3.23464E-05,5.79349E-08
1.484,0.000164795,0.00016333,-3.03223E-05,4.19082E-05,3.49425E-05,3.43481E-06
1.486,0.000170117,0.000168945,-1.72852E-05,4.25157E-05,3.64746E-05,5.48463E-06
1.488,0.000165332,0.000166504,-2.04102E-05,4.26604E-05,3.65239E-05,5.71487E-06
1.49,0.000155029,0.000160498,-2.81738E-05,4.1832E-05,3.49395E-05,4.08063E-06
1.492,0.00016543,0.000165625,-3.04687E-05,3.9695E-05,3.18603E-05,9.52929E-07
1.494,0.000151074,0.00015127,-4.29687E-05,3.62352E-05,2.76901E-05,-3.0236E-06
1.496,0.000145752,0.0001479,-4.5459E-05,3.17878E-05,2.29964E-05,-7.14655E-06
1.498,0.000148926,0.00015459,-4.13086E-05,2.69695E-05,1.84049E-05,-1.08348E-05
1.5,0.000149609,0.00015498,-3.50586E-05,2.25035E-05,1.44677E-05,-1.37517E-05
1.502,0.000139551,0.000142188,-4.39453E-05,1.90171E-05,1.15505E-05,-1.58202E-05
1.504,0.000144922,0.00014375,-4.26758E-05,1.68588E-05,9.75513E-06,-1.71632E-05
1.506,0.000138037,0.000139404,-4.79004E-05,1.60223E-05,8.92182E-06,-1.79799E-05
1.508,0.000136182,0.000134229,-5.13184E-05,1.61652E-05,8.67397E-06,-1.84515E-05
1.51,0.000126904,0.000127393,-6.04004E-05,1.67538E-05,8.53802E-06,-1.86806E-05
1.512,0.000142383,0.000143652,-4.56055E-05,1.72474E-05,8.0856E-06,-1.87038E-05
1.514,0.000140381,0.000142236,-4.4873E-05,1.7275E-05,7.06538E-06,-1.85516E-05
1.516,0.000137695,0.000141406,-4.82422E-05,1.67193E-05,5.45976E-06,-1.83286E-05
1.518,0.000142676,0.000137793,-4.81445E-05,1.5728E-05,3.49217E-06,-1.8225E-05
1.52,0.000150146,0.000140869,-4.1748E-05,1.46026E-05,1.53742E-06,-1.8497E-05
1.522,0.000135938,0.000131152,-5.33203E-05,1.36559E-05,-1.21366E-08,-1.93815E-05
1.524,0.000128809,0.000131055,-5.26367E-05,1.30633E-05,-8.98568E-07,-2.09974E-05
1.526,0.000123584,0.00011958,-5.65918E-05,1.27962E-05,-1.08836E-06,-2.32478E-05
1.528,0.000134717,0.000127686,-5.07324E-05,1.26244E-05,-8.04849E-07,-2.58251E-05
1.53,0.000140137,0.000131152,-5.66406E-05,1.2222E-05,-4.56007E-07,-2.8273E-05
1.532,0.000146875,0.000143555,-5.2832E-05,1.13189E-05,-4.85317E-07,-3.01241E-05
1.534,0.000137354,0.000135986,-5.94238E-05,9.8487E-06,-1.18934E-06,-3.10415E-05
1.536,0.000130518,0.000131494,-6.41113E-05,8.00155E-06,-2.58724E-06,-3.09451E-05
1.538,0.000123584,0.000127295,-6.60645E-05,6.20453E-06,-4.35674E-06,-3.00304E-05
1.54,0.000131104,0.000130518,-5.58105E-05,5.00071E-06,-5.89507E-06,-2.86935E-05
1.542,0.000124023,0.000119434,-6.06445E-05,4.88637E-06,-6.47925E-06,-2.73695E-05
1.544,0.000134473,0.000128516,-4.89258E-05,6.13441E-06,-5.51219E-06,-2.63784E-05
1.546,0.000143213,0.00013667,-4.26269E-05,8.72408E-06,-2.7194E-06,-2.57822E-05
1.548,0.000136084,0.000134033,-5.22949E-05,1.23452E-05,1.72221E-06,-2.53664E-05
1.55,0.000124854,0.000127881,-6.52832E-05,1.65019E-05,7.20307E-06,-2.47272E-05
1.552,0.000155322,0.000156982,-4.59473E-05,2.06524E-05,1.28122E-05,-2.3452E-05
1.554,0.000159277,0.000160645,-4.76562E-05,2.43627E-05,1.75766E-05,-2.13063E-05
1.556,0.000150635,0.000155811,-5.16113E-05,2.73743E-05,2.06965E-05,-1.83897E-05
1.558,0.000150488,0.000151563,-5.2832E-05,2.96121E-05,2.17557E-05,-1.5148E-05
1.56,0.000165332,0.000161719,-3.32031E-05,3.1104E-05,2.0802E-05,-1.22674E-05
1.562,0.000158398,0.000150781,-3.4375E-05,3.1884E-05,1.8309E-05,-1.04604E-05
1.564,0.000154199,0.000143359,-2.91992E-05,3.19147E-05,1.50203E-05,-1.02196E-05
1.566,0.000153711,0.000143457,-3.60352E-05,3.1097E-05,1.17617E-05,-1.1617E-05
1.568,0.000157666,0.000149072,-4.43848E-05,2.93334E-05,9.23575E-06,-1.42613E-05
1.57,0.000152344,0.000144434,-5.27344E-05,2.66454E-05,7.88723E-06,-1.7391E-05
1.572,0.000160498,0.000153564,-4.67285E-05,2.32726E-05,7.84881E-06,-2.01154E-05
1.574,0.000145752,0.000142432,-5.37598E-05,1.97227E-05,8.99302E-06,-2.16861E-05
1.576,0.000138867,0.000140723,-4.80469E-05,1.66965E-05,1.10084E-05,-2.17463E-05
1.578,0.000140771,0.000147021,-4.22363E-05,1.49306E-05,1.35052E-05,-2.04309E-05
1.58,0.000156055,0.000162402,-3.34961E-05,1.49658E-05,1.60872E-05,-1.83059E-05
1.582,0.000146924,0.000154053,-4.45801E-05,1.69405E-05,1.83914E-05,-1.61577E-05
1.584,0.00014375,0.000154492,-4.60937E-05,2.0469E-05,2.00877E-05,-1.47343E-05
1.586,0.000146045,0.000151611,-4.27246E-05,2.4702E-05,2.08925E-05,-1.44751E-05
1.588,0.000152734,0.000156836,-4.29688E-05,2.85176E-05,2.058E-05,-1.53761E-05
1.59,0.00015293,0.000152441,-5.27344E-05,3.08374E-05,1.90448E-05,-1.70129E-05
1.592,0.000168994,0.000164014,-3.58887E-05,3.09392E-05,1.63584E-05,-1.87246E-05
1.594,0.000172021,0.000157959,-3.45215E-05,2.8691E-05,1.28271E-05,-1.98622E-05
1.596,0.000161621,0.00014375,-4.31641E-05,2.45923E-05,8.97982E-06,-2.00519E-05
1.598,0.000144434,0.000134766,-5.42969E-05,1.96492E-05,5.50348E-06,-1.93299E-05
1.6,0.000141943,0.000143018,-4.34082E-05,1.50663E-05,3.07648E-06,-1.81395E-05
1.602,0.000128662,0.000136865,-4.88769E-05,1.18824E-05,2.17804E-06,-1.71658E-05
1.604,0.000135889,0.000140479,-4.38965E-05,1.06552E-05,2.91063E-06,-1.70861E-05
1.606,0.000141357,0.000140088,-4.00879E-05,1.1326E-05,4.93565E-06,-1.8295E-05
1.608,0.00015249,0.000151416,-3.79394E-05,1.32487E-05,7.50867E-06,-2.07503E-05
1.61,0.000144336,0.000147461,-5.24414E-05,1.54242E-05,9.66574E-06,-2.39613E-05
1.612,0.000159619,0.000158643,-4.57519E-05,1.68422E-05,1.04898E-05,-2.71374E-05
1.614,0.000157568,0.000148096,-4.93652E-05,1.68205E-05,9.39721E-06,-2.94238E-05
1.616,0.000142529,0.000137451,-6.23535E-05,1.52043E-05,6.32518E-06,-3.01925E-05
1.618,0.0001271,0.000127588,-6.85059E-05,1.2405E-05,1.79765E-06,-2.92353E-05
1.62,0.000139258,0.000144922,-4.24805E-05,9.24084E-06,-3.2025E-06,-2.68255E-05
1.622,0.00012832,0.000130176,-5.00977E-05,6.6603E-06,-7.49082E-06,-2.36112E-05
1.624,0.000142139,0.000133057,-4.27246E-05,5.41472E-06,-1.00323E-05,-2.0415E-05
1.626,0.000149756,0.000137256,-3.65723E-05,5.8375E-06,-1.02421E-05,-1.79691E-05
1.628,0.000148486,0.000132471,-3.49121E-05,7.73929E-06,-8.17277E-06,-1.672E-05
1.63,0.000136182,0.000124756,-4.64355E-05,1.04969E-05,-4.49615E-06,-1.67268E-05
1.632,0.000149805,0.000139063,-3.33984E-05,1.32565E-05,-3.21539E-07,-1.77036E-05
1.634,0.000144775,0.00014165,-4.57519E-05,1.52227E-05,3.13589E-06,-1.91429E-05
1.636,0.000141943,0.000143408,-5.43457E-05,1.58852E-05,4.89235E-06,-2.05173E-05
1.638,0.000138965,0.000140039,-5.51758E-05,1.51737E-05,4.48327E-06,-2.14295E-05
1.64,0.00015376,0.000154346,-3.5498E-05,1.34355E-05,2.07325E-06,-2.17073E-05
1.642,0.000148291,0.000143994,-4.1748E-05,1.13046E-05,-1.61028E-06,-2.13936E-05
1.644,0.00014502,0.000135059,-3.96484E-05,9.48613E-06,-5.51206E-06,-2.06641E-05
1.646,0.00014375,0.000125586,-3.76953E-05,8.56378E-06,-8.54112E-06,-1.96961E-05
1.648,0.000144336,0.000127246,-3.67187E-05,8.83239E-06,-9.88669E-06,-1.85955E-05
1.65,0.000137695,0.000124316,-4.67773E-05,1.02485E-05,-9.22294E-06,-1.73672E-05
1.652,0.000150635,0.000139404,-3.99902E-05,1.2472E-05,-6.76609E-06,-1.5964E-05
1.654,0.000143848,0.000138965,-4.57031E-05,1.49952E-05,-3.16487E-06,-1.43609E-05
1.656,0.000151074,0.00014375,-3.90625E-05,1.72742E-05,6.96196E-07,-1.26504E-05
1.658,0.00015083,0.000146631,-3.37402E-05,1.88686E-05,3.95433E-06,-1.10658E-05
1.66,0.000160693,0.000154346,-1.84082E-05,1.95151E-05,5.97801E-06,-9.94646E-06
1.662,0.000152393,0.000144482,-2.9248E-05,1.91633E-05,6.49857E-06,-9.62323E-06
1.664,0.000158447,0.000144678,-3.10059E-05,1.79373E-05,5.60589E-06,-1.03035E-05
1.666,0.000154736,0.000144873,-3.19824E-05,1.60923E-05,3.6709E-06,-1.19564E-05
1.668,0.000145068,0.000140576,-3.82324E-05,1.39493E-05,1.19601E-06,-1.42883E-05
1.67,0.000129785,0.000128027,-5.45898E-05,1.18518E-05,-1.31546E-06,-1.67953E-05
1.672,0.000148096,0.000145068,-3.83301E-05,1.01184E-05,-3.46595E-06,-1.89088E-05
1.674,0.000154346,0.000146436,-3.46191E-05,9.02728E-06,-4.98722E-06,-2.01461E-05
1.676,0.00014873,0.000140625,-3.89648E-05,8.78195E-06,-5.73639E-06,-2.02641E-05
1.678,0.000147119,0.000137158,-4.08691E-05,9.50299E-06,-5.63332E-06,-1.93058E-05
1.68,0.000155762,0.000144922,-3.02734E-05,1.11945E-05,-4.63053E-06,-1.75745E-05
1.682,0.000139795,0.000130029,-4.09668E-05,1.37266E-05,-2.70693E-06,-1.55151E-05
1.684,0.00014458,0.000131299,-4.13574E-05,1.68289E-05,8.59591E-08,-1.35741E-05
1.686,0.000150293,0.000138086,-3.73047E-05,2.0142E-05,3.5912E-06,-1.20506E-05
1.688,0.000161768,0.000155908,-2.82715E-05,2.32579E-05,7.49142E-06,-1.10492E-05
1.69,0.000164355,0.000161914,-3.17383E-05,2.57976E-05,1.1315E-05,-1.04896E-05
1.692,0.00018291,0.000175879,-1.79687E-05,2.74634E-05,1.44802E-05,-1.02086E-05
1.694,0.000170801,0.000162793,-2.60742E-05,2.80969E-05,1.64228E-05,-1.00627E-05
1.696,0.000159473,0.000150098,-3.70117E-05,2.76848E-05,1.67226E-05,-1.00314E-05
1.698,0.000151465,0.000143457,-4.13086E-05,2.63547E-05,1.52315E-05,-1.02275E-05
1.7,0.000159668,0.000152441,-2.88086E-05,2.43378E-05,1.21329E-05,-1.08414E-05
1.702,0.00014541,0.000147461,-4.04297E-05,2.19413E-05,7.94879E-06,-1.20182E-05
1.704,0.000161621,0.00015625,-2.98828E-05,1.94902E-05,3.42782E-06,-1.37569E-05
1.706,0.000172949,0.000156348,-1.86523E-05,1.73054E-05,-6.04372E-07,-1.58384E-05
1.708,0.000167383,0.000150684,-2.79297E-05,1.56708E-05,-3.43525E-06,-1.78555E-05
1.71,0.00014707,0.000130762,-4.69727E-05,1.48188E-05,-4.61144E-06,-1.93106E-05
1.712,0.000145947,0.000130127,-4.5166E-05,1.48931E-05,-4.03334E-06,-1.97874E-05
1.714,0.000141699,0.000134766,-5.03906E-05,1.59247E-05,-1.95296E-06,-1.90999E-05
1.716,0.00015498,0.000148535,-3.67187E-05,1.77933E-05,1.09206E-06,-1.73964E-05
1.718,0.000161572,0.000146045,-3.35449E-05,2.02379E-05,4.42773E-06,-1.51203E-05
1.72,0.000175244,0.000161572,-1.68457E-05,2.28721E-05,7.38601E-06,-1.28744E-05
1.722,0.00015957,0.000158594,-2.7832E-05,2.52518E-05,9.44665E-06,-1.12172E-05
1.724,0.000164063,0.000157617,-3.47656E-05,2.69574E-05,1.03175E-05,-1.04771E-05
1.726,0.000171631,0.000156689,-3.05176E-05,2.77106E-05,9.98125E-06,-1.06149E-05
1.728,0.000172412,0.000150537,-2.15332E-05,2.74431E-05,8.65863E-06,-1.1245E-05
1.73,0.000154785,0.000136621,-3.89648E-05,2.63305E-05,6.74613E-06,-1.17656E-05
1.732,0.000165137,0.000150977,-3.17383E-05,2.47436E-05,4.71299E-06,-1.15856E-05
1.734,0.000156494,0.00014751,-3.09082E-05,2.31585E-05,3.01084E-06,-1.0344E-05
1.736,0.000160889,0.000152979,-2.37793E-05,2.19958E-05,1.96616E-06,-8.08225E-06
1.738,0.000166553,0.000156885,-2.3291E-05,2.14973E-05,1.73538E-06,-5.25546E-06
1.74,0.000179834,0.000160205,-8.34961E-06,2.16396E-05,2.26966E-06,-2.60898E-06
1.742,0.00015752,0.000134277,-2.30469E-05,2.21415E-05,3.32913E-06,-9.34395E-07
1.744,0.000155078,0.000141992,-2.30469E-05,2.25423E-05,4.516E-06,-8.20114E-07
1.746,0.000162305,0.000153711,-1.76758E-05,2.23665E-05,5.36511E-06,-2.43154E-06
1.748,0.000160596,0.000154248,-1.91895E-05,2.12739E-05,5.43623E-06,-5.45491E-06
1.75,0.00014751,0.00013999,-3.78418E-05,1.91914E-05,4.42382E-06,-9.17445E-06
1.752,0.000164355,0.000156055,-2.59766E-05,1.63397E-05,2.22541E-06,-1.27033E-05
1.754,0.0001646,0.000154053,-2.56348E-05,1.31745E-05,-1.01311E-06,-1.52488E-05
1.756,0.000152539,0.000139355,-3.41797E-05,1.02212E-05,-4.92981E-06,-1.63619E-05
1.758,0.000151123,0.000134326,-3.73535E-05,7.90809E-06,-9.00596E-06,-1.60502E-05
1.76,0.000155225,0.000142627,-2.3291E-05,6.40859E-06,-1.2693E-05,-1.47546E-05
1.762,0.000136035,0.000124609,-3.29102E-05,5.59958E-06,-1.55253E-05,-1.31683E-05
1.764,0.000138184,0.000125391,-3.05664E-05,5.10297E-06,-1.72332E-05,-1.20012E-05
1.766,0.000141748,0.000122998,-3.11035E-05,4.45281E-06,-1.77718E-05,-1.17328E-05
1.768,0.000151563,0.000131445,-2.61719E-05,3.28317E-06,-1.73165E-05,-1.24727E-05
1.77,0.000141699,0.000132813,-3.47656E-05,1.51323E-06,-1.61738E-05,-1.39317E-05
1.772,0.000150977,0.00014209,-2.36328E-05,-5.91385E-07,-1.46878E-05,-1.55552E-05
1.774,0.000145557,0.000136475,-2.58301E-05,-2.46263E-06,-1.31289E-05,-1.67142E-05
1.776,0.000145068,0.000134424,-3.40332E-05,-3.42676E-06,-1.16485E-05,-1.6938E-05
1.778,0.000137158,0.000132959,-3.84277E-05,-2.93347E-06,-1.02683E-05,-1.60588E-05
1.78,0.000138721,0.000140967,-2.6416E-05,-7.81328E-07,-8.93672E-06,-1.42614E-05
1.782,0.000115576,0.000124268,-4.50684E-05,2.77094E-06,-7.60337E-06,-1.19962E-05
1.784,0.00015,0.000141309,-2.32422E-05,7.0139E-06,-6.31367E-06,-9.84003E-06
1.786,0.000175586,0.000155859,-8.10547E-06,1.0983E-05,-5.22925E-06,-8.28929E-06
1.788,0.000169873,0.000153271,-1.15723E-05,1.37252E-05,-4.60465E-06,-7.62018E-06
1.79,0.000152539,0.00013457,-3.07617E-05,1.45998E-05,-4.68788E-06,-7.81567E-06
1.792,0.000163379,0.000144531,-2.11914E-05,1.34679E-05,-5.62362E-06,-8.61956E-06
1.794,0.00014917,0.000138721,-2.83691E-05,1.0742E-05,-7.35382E-06,-9.64642E-06
1.796,0.000140918,0.000133105,-3.31055E-05,7.24891E-06,-9.5944E-06,-1.05407E-05
1.798,0.000138232,0.000130127,-3.49121E-05,3.9856E-06,-1.18626E-05,-1.10858E-05
1.8,0.000149463,0.000140967,-1.87012E-05,1.80112E-06,-1.36068E-05,-1.12724E-05
1.802,0.000150439,0.000138428,-1.93848E-05,1.1484E-06,-1.43585E-05,-1.12688E-05
1.804,0.00015625,0.000141699,-1.72852E-05,1.95668E-06,-1.38942E-05,-1.13432E-05
1.806,0.000150635,0.000137451,-2.22168E-05,3.70949E-06,-1.2304E-05,-1.1728E-05
1.808,0.000148584,0.000136084,-2.51465E-05,5.62825E-06,-9.99216E-06,-1.25353E-05
1.81,0.000142725,0.000131787,-3.85254E-05,6.95158E-06,-7.56857E-06,-1.37116E-05
1.812,0.000151416,0.000142041,-3.2666E-05,7.18181E-06,-5.68907E-06,-1.5063E-05
1.814,0.000145557,0.00013999,-3.55957E-05,6.24198E-06,-4.86835E-06,-1.63205E-05
1.816,0.0001521,0.000148096,-2.89551E-05,4.45347E-06,-5.35825E-06,-1.72568E-05
1.818,0.000153516,0.00014707,-2.8418E-05,2.39988E-06,-7.08768E-06,-1.77662E-05
1.82,0.000158398,0.000153711,-1.63086E-05,7.00288E-07,-9.71215E-06,-1.79132E-05
1.822,0.000136035,0.000134277,-3.28125E-05,-2.00115E-07,-1.27257E-05,-1.79071E-05
1.824,0.000135449,0.000124609,-3.52539E-05,-1.87771E-07,-1.5632E-05,-1.80548E-05
1.826,0.000147266,0.000125879,-3.26172E-05,5.18209E-07,-1.80618E-05,-1.86564E-05
1.828,0.00015459,0.000130566,-3.08594E-05,1.47012E-06,-1.98504E-05,-1.99198E-05
1.83,0.000138037,0.000118604,-4.73144E-05,2.18024E-06,-2.10218E-05,-2.18909E-05
1.832,0.000152344,0.000133984,-3.14453E-05,2.2923E-06,-2.17331E-05,-2.44446E-05
1.834,0.000150049,0.00013501,-3.88184E-05,1.71045E-06,-2.21683E-05,-2.73003E-05
1.836,0.000152393,0.00013999,-3.95996E-05,5.89574E-07,-2.24712E-05,-3.00973E-05
1.838,0.000146875,0.000125684,-4.31641E-05,-7.53399E-07,-2.27071E-05,-3.24682E-05
1.84,0.000145703,0.00012207,-3.71094E-05,-2.01041E-06,-2.29021E-05,-3.41311E-05
1.842,0.000131494,0.000116162,-5.35644E-05,-3.02681E-06,-2.31014E-05,-3.49474E-05
1.844,0.000138965,0.000131055,-5.14648E-05,-3.89327E-06,-2.34449E-05,-3.49702E-05
1.846,0.00014209,0.000123535,-5.00977E-05,-4.90321E-06,-2.417E-05,-3.44265E-05
1.848,0.000142822,0.00012085,-4.71191E-05,-6.44351E-06,-2.55806E-05,-3.36898E-05
1.85,0.000137109,0.000119434,-4.26758E-05,-8.81493E-06,-2.7937E-05,-3.32054E-05
1.852,0.000148926,0.000134668,-3.0957E-05,-1.20884E-05,-3.13326E-05,-3.34141E-05
1.854,0.000133154,0.000124463,-4.50684E-05,-1.60225E-05,-3.55823E-05,-3.46442E-05
1.856,0.000121045,0.000106201,-5.80566E-05,-2.01277E-05,-4.02084E-05,-3.70417E-05
1.858,0.000116553,9.87793E-05,-5.93262E-05,-2.38132E-05,-4.45125E-05,-4.05232E-05
1.86,0.000127148,0.000106348,-4.42383E-05,-2.65797E-05,-4.77467E-05,-4.47741E-05
1.862,0.000107275,8.73535E-05,-6.24512E-05,-2.81781E-05,-4.93188E-05,-4.9284E-05
1.864,0.00011377,9.72656E-05,-6.98242E-05,-2.87092E-05,-4.89966E-05,-5.34593E-05
1.866,0.000123975,0.000110791,-6.63574E-05,-2.85671E-05,-4.70067E-05,-5.67369E-05
1.868,0.000129639,0.000118701,-6.13769E-05,-2.83162E-05,-4.40277E-05,-5.87261E-05
1.87,0.000122412,0.000114404,-7.19238E-05,-2.84929E-05,-4.10225E-05,-5.92945E-05
1.872,0.000129883,0.000121777,-6.13281E-05,-2.9451E-05,-3.90061E-05,-5.86239E-05
1.874,0.00011582,0.000105176,-6.88477E-05,-3.12594E-05,-3.87766E-05,-5.71694E-05
1.876,9.73144E-05,9.27246E-05,-7.7002E-05,-3.37333E-05,-4.07195E-05,-5.55722E-05
1.878,8.91113E-05,9.47754E-05,-7.69043E-05,-3.65454E-05,-4.47168E-05,-5.44974E-05
1.88,0.000119434,0.000118164,-5.21484E-05,-3.94032E-05,-5.02154E-05,-5.44964E-05
1.882,0.000116748,0.000101221,-6.09863E-05,-4.21752E-05,-5.63957E-05,-5.58681E-05
1.884,0.000114355,9.20898E-05,-6.35742E-05,-4.49521E-05,-6.24172E-05,-5.85971E-05
1.886,0.000108252,8.69629E-05,-6.50879E-05,-4.79739E-05,-6.76246E-05,-6.23526E-05
1.888,9.84863E-05,8.30566E-05,-7.15332E-05,-5.14976E-05,-7.16908E-05,-6.6582E-05
1.89,7.3291E-05,6.71387E-05,-9.89746E-05,-5.56143E-05,-7.46208E-05,-7.06289E-05
1.892,8.54004E-05,7.2998E-05,-8.79395E-05,-6.0141E-05,-7.66642E-05,-7.38935E-05
1.894,8.12012E-05,6.80176E-05,-8.83301E-05,-6.45894E-05,-7.81395E-05,-7.59465E-05
1.896,8.14453E-05,7.2168E-05,-8.26172E-05,-6.82941E-05,-7.92976E-05,-7.66243E-05
1.898,8.53516E-05,7.64648E-05,-7.7832E-05,-7.06231E-05,-8.02293E-05,-7.60381E-05
1.9,9.39941E-05,8.6084E-05,-6.75293E-05,-7.1232E-05,-8.08749E-05,-7.45365E-05
1.902,7.83691E-05,7.10449E-05,-8.13965E-05,-7.0234E-05,-8.1101E-05,-7.26044E-05
1.904,7.89551E-05,7.17285E-05,-8.31543E-05,-6.82563E-05,-8.08466E-05,-7.07698E-05
1.906,7.47559E-05,6.68457E-05,-8.65723E-05,-6.63058E-05,-8.02271E-05,-6.94927E-05
1.908,7.85156E-05,6.78711E-05,-8.42773E-05,-6.55019E-05,-7.95827E-05,-6.90934E-05
1.91,7.09473E-05,5.80566E-05,-8.95019E-05,-6.67363E-05,-7.94106E-05,-6.97023E-05
1.912,8.96484E-05,8.0957E-05,-6.67969E-05,-7.03922E-05,-8.02342E-05,-7.12721E-05
1.914,8.20801E-05,7.87598E-05,-7.11426E-05,-7.61788E-05,-8.24007E-05,-7.35985E-05
1.916,7.15332E-05,7.08496E-05,-8.11035E-05,-8.31862E-05,-8.59294E-05,-7.63813E-05
1.918,6.35742E-05,6.69922E-05,-8.7207E-05,-9.01054E-05,-9.04267E-05,-7.92691E-05
1.92,6.58203E-05,6.9043E-05,-0.00008125,-9.559E-05,-9.5149E-05,-8.19269E-05
1.922,4.00879E-05,4.18457E-05,-0.000101416,-9.86094E-05,-9.91656E-05,-8.40727E-05
1.924,3.46191E-05,3.59863E-05,-0.000105615,-9.87292E-05,-0.00010161,-8.55206E-05
1.926,4.32129E-05,4.06738E-05,-0.000101416,-9.61949E-05,-0.000101915,-8.61859E-05
1.928,6.63574E-05,6.45996E-05,-8.3252E-05,-9.18524E-05,-9.99937E-05,-8.60967E-05
1.93,7.07031E-05,6.69922E-05,-8.75977E-05,-8.68839E-05,-9.62786E-05,-8.53744E-05
1.932,8.74023E-05,7.29492E-05,-7.89063E-05,-8.24882E-05,-9.16279E-05,-8.42208E-05
1.934,7.50488E-05,6.29394E-05,-9.03809E-05,-7.95571E-05,-8.70871E-05,-8.28693E-05
1.936,6.73828E-05,6.34766E-05,-9.24805E-05,-7.85033E-05,-8.36287E-05,-8.15614E-05
1.938,6.60156E-05,6.81641E-05,-8.96484E-05,-7.92172E-05,-8.18996E-05,-8.04962E-05
1.94,6.83594E-05,7.77344E-05,-8.36914E-05,-8.11706E-05,-8.20709E-05,-7.9801E-05
1.942,4.7998E-05,5.87402E-05,-0.000100439,-8.36002E-05,-8.3802E-05,-7.94935E-05
1.944,6.24512E-05,6.3916E-05,-8.84277E-05,-8.57441E-05,-8.63722E-05,-7.94917E-05
1.946,7.97363E-05,7.00684E-05,-7.6416E-05,-8.70088E-05,-8.88838E-05,-7.96225E-05
1.948,8.11035E-05,7.63184E-05,-7.25098E-05,-8.70797E-05,-9.05195E-05,-7.96742E-05
1.95,6.06934E-05,6.29394E-05,-9.02832E-05,-8.5924E-05,-9.07474E-05,-7.9445E-05
1.952,7.12402E-05,6.59668E-05,-8.21777E-05,-8.37403E-05,-8.94517E-05,-7.88157E-05
1.954,7.16309E-05,6.1084E-05,-7.9248E-05,-8.0873E-05,-8.69324E-05,-7.77919E-05
1.956,6.5332E-05,6.30859E-05,-9.16016E-05,-7.77367E-05,-8.38029E-05,-7.65309E-05
1.958,6.48926E-05,7.0166E-05,-9.34082E-05,-7.47314E-05,-8.07848E-05,-7.53014E-05
1.96,8.41309E-05,8.71582E-05,-7.18262E-05,-7.22066E-05,-7.85111E-05,-7.4433E-05
1.962,8.37891E-05,7.62695E-05,-7.70508E-05,-7.04136E-05,-7.73493E-05,-7.42149E-05
1.964,8.7793E-05,7.54883E-05,-7.56836E-05,-6.94791E-05,-7.73199E-05,-7.4806E-05
1.966,8.82324E-05,7.77832E-05,-7.72949E-05,-6.93484E-05,-7.80895E-05,-7.61437E-05
1.968,9.05273E-05,8.30078E-05,-7.77344E-05,-6.97753E-05,-7.90914E-05,-7.79371E-05
1.97,7.29004E-05,6.7627E-05,-9.35059E-05,-7.03321E-05,-7.96854E-05,-7.9705E-05
1.972,7.90039E-05,7.48047E-05,-8.66211E-05,-7.04754E-05,-7.93432E-05,-8.08843E-05
1.974,7.90039E-05,7.10937E-05,-8.79883E-05,-6.96484E-05,-7.77825E-05,-8.09541E-05
1.976,8.59375E-05,8.00781E-05,-8.34961E-05,-6.74512E-05,-7.50565E-05,-7.96004E-05
1.978,9.0918E-05,8.74023E-05,-8.13477E-05,-6.37748E-05,-7.15286E-05,-7.68126E-05
1.98,0.000104346,9.7998E-05,-6.7334E-05,-5.88848E-05,-6.77796E-05,-7.29221E-05
1.982,9.54102E-05,8.84766E-05,-7.57813E-05,-5.33904E-05,-6.44415E-05,-6.8534E-05
1.984,0.000104053,8.96973E-05,-6.91895E-05,-4.81281E-05,-6.20452E-05,-6.44086E-05
1.986,0.000108447,9.04785E-05,-6.41113E-05,-4.39464E-05,-6.08779E-05,-6.12721E-05
1.988,0.000108105,9.18945E-05,-6.19141E-05,-4.14902E-05,-6.09349E-05,-5.96512E-05
1.99,0.000103271,8.3252E-05,-7.42676E-05,-4.10108E-05,-6.19248E-05,-5.97333E-05
1.992,0.000124805,0.000103125,-5.95703E-05,-4.23051E-05,-6.33699E-05,-6.13344E-05
1.994,0.00011958,0.000102197,-6.09863E-05,-4.47656E-05,-6.47332E-05,-6.3937E-05
1.996,0.000103174,9.09668E-05,-6.7041E-05,-4.75703E-05,-6.55736E-05,-6.68328E-05
1.998,9.43359E-05,8.34961E-05,-7.51953E-05,-4.99073E-05,-6.56287E-05,-6.92901E-05
2,0.000102686,8.80371E-05,-7.44629E-05,-5.11993E-05,-6.48566E-05,-7.07343E-05
2.002,0.000101611,8.80371E-05,-7.72949E-05,-5.12331E-05,-6.34035E-05,-7.08665E-05
2.004,0.000100684,9.21875E-05,-7.31445E-05,-5.01852E-05,-6.15434E-05,-6.97203E-05
2.006,0.000104199,9.56055E-05,-7.40234E-05,-4.85035E-05,-5.95778E-05,-6.76125E-05
2.008,0.000121875,0.000106348,-5.95703E-05,-4.67451E-05,-5.77714E-05,-6.5051E-05
2.01,0.000104248,9.98535E-05,-6.0791E-05,-4.53877E-05,-5.63165E-05,-6.2596E-05
2.012,0.000110449,0.000105469,-5.80078E-05,-4.47218E-05,-5.53589E-05,-6.0748E-05
2.014,0.000105664,9.75586E-05,-6.98242E-05,-4.48153E-05,-5.50221E-05,-5.98457E-05
2.016,0.000112988,9.80469E-05,-6.75781E-05,-4.55912E-05,-5.54569E-05,-6.00344E-05
2.018,0.000110596,9.79004E-05,-6.4502E-05,-4.69308E-05,-5.68439E-05,-6.12718E-05
2.02,0.000106885,0.000101318,-5.23926E-05,-4.87792E-05,-5.93549E-05,-6.33839E-05
2.022,8.71094E-05,8.4668E-05,-7.82227E-05,-5.11704E-05,-6.30512E-05,-6.61092E-05
2.024,9.95117E-05,8.81836E-05,-0.000071875,-5.41982E-05,-6.77927E-05,-6.91636E-05
2.026,0.00010625,8.71094E-05,-6.62109E-05,-5.79018E-05,-7.31578E-05,-7.22595E-05
2.028,9.93652E-05,7.94434E-05,-7.23145E-05,-6.21519E-05,-7.84597E-05,-7.51264E-05
2.03,8.64746E-05,7.27051E-05,-8.28613E-05,-6.65698E-05,-8.28481E-05,-7.75104E-05
2.032,9.30176E-05,8.28613E-05,-7.52441E-05,-7.05738E-05,-8.55195E-05,-7.92022E-05
2.034,7.73438E-05,6.99219E-05,-8.54492E-05,-7.35037E-05,-8.59347E-05,-8.0049E-05
2.036,7.50488E-05,6.35254E-05,-8.85254E-05,-7.48285E-05,-8.40188E-05,-7.99952E-05
2.038,7.50488E-05,6.66504E-05,-8.43262E-05,-7.43241E-05,-8.02354E-05,-7.90985E-05
2.04,8.79883E-05,8.44727E-05,-6.50391E-05,-7.2202E-05,-7.55385E-05,-7.75523E-05
2.042,7.96387E-05,8.51074E-05,-7.37793E-05,-6.9085E-05,-7.11569E-05,-7.5652E-05
2.044,9.31152E-05,9.41895E-05,-7.43652E-05,-6.58751E-05,-6.83015E-05,-7.37619E-05
2.046,9.84375E-05,9.55078E-05,-7.34375E-05,-6.34926E-05,-6.78327E-05,-7.22302E-05
2.048,9.85352E-05,9.07227E-05,-6.92383E-05,-6.26305E-05,-7.00371E-05,-7.1329E-05
2.05,9.04297E-05,7.42188E-05,-7.76367E-05,-6.35692E-05,-7.45556E-05,-7.12014E-05
2.052,9.36523E-05,7.82227E-05,-6.97266E-05,-6.61231E-05,-8.0495E-05,-7.1847E-05
2.054,7.90039E-05,6.47461E-05,-7.73438E-05,-6.97167E-05,-8.66671E-05,-7.31213E-05
2.056,7.50488E-05,6.3623E-05,-7.55371E-05,-7.36061E-05,-9.19312E-05,-7.4795E-05
2.058,7.60254E-05,6.25488E-05,-7.10449E-05,-7.71128E-05,-9.54811E-05,-7.66046E-05
2.06,8.52539E-05,6.49414E-05,-6.70898E-05,-7.98262E-05,-9.70274E-05,-7.83118E-05
2.062,7.46094E-05,5.84961E-05,-0.000084375,-8.16698E-05,-9.679E-05,-7.9724E-05
2.064,7.86621E-05,6.77246E-05,-8.08105E-05,-8.28588E-05,-9.53656E-05,-8.07144E-05
2.066,7.51953E-05,6.54297E-05,-8.08594E-05,-8.37252E-05,-9.34713E-05,-8.11943E-05
2.068,6.95313E-05,6.30859E-05,-8.04688E-05,-8.4535E-05,-9.16979E-05,-8.10952E-05
2.07,5.86426E-05,5.44434E-05,-9.03809E-05,-8.5335E-05,-9.03304E-05,-8.03522E-05
2.072,7.58789E-05,7.30469E-05,-7.29492E-05,-8.59196E-05,-8.93212E-05,-7.89212E-05
2.074,7.52441E-05,7.47559E-05,-6.99707E-05,-8.59017E-05,-8.83805E-05,-7.67985E-05
2.076,7.32422E-05,7.45117E-05,-7.06055E-05,-8.49003E-05,-8.71744E-05,-7.40715E-05
2.078,7.50488E-05,7.16308E-05,-6.29395E-05,-8.27274E-05,-8.55115E-05,-7.09361E-05
2.08,8.02734E-05,0.000075,-5.86914E-05,-7.9541E-05,-8.34858E-05,-6.771E-05
2.082,7.26562E-05,6.82617E-05,-7.57813E-05,-7.58552E-05,-8.14747E-05,-6.47833E-05
2.084,8.25195E-05,7.61719E-05,-6.81641E-05,-7.24327E-05,-8.00194E-05,-6.25514E-05
2.086,8.74023E-05,7.79297E-05,-6.25977E-05,-7.00474E-05,-7.96043E-05,-6.13025E-05
2.088,9.09668E-05,8.20801E-05,-5.50293E-05,-6.92519E-05,-8.04616E-05,-6.11434E-05
2.09,8.61816E-05,7.51465E-05,-5.85449E-05,-7.01901E-05,-8.24371E-05,-6.19571E-05
2.092,9.62891E-05,7.99805E-05,-4.85352E-05,-7.25455E-05,-8.50033E-05,-6.34234E-05
2.094,8.23242E-05,7.07031E-05,-5.83008E-05,-7.56194E-05,-8.73836E-05,-6.50793E-05
2.096,7.0459E-05,6.58691E-05,-6.57715E-05,-7.85535E-05,-8.8797E-05,-6.64445E-05
2.098,7.46094E-05,6.96289E-05,-6.89453E-05,-8.05729E-05,-8.86938E-05,-6.71334E-05
2.1,7.97363E-05,7.2998E-05,-6.55762E-05,-8.12036E-05,-8.69448E-05,-6.69548E-05
2.102,6.62109E-05,5.80078E-05,-7.88086E-05,-8.03651E-05,-8.3872E-05,-6.59297E-05
2.104,8.15918E-05,7.69043E-05,-5.91309E-05,-7.83506E-05,-8.01526E-05,-6.42649E-05
2.106,8.80371E-05,9.2041E-05,-4.73145E-05,-7.5673E-05,-7.65906E-05,-6.2263E-05
2.108,9.46777E-05,9.75098E-05,-4.56543E-05,-7.28699E-05,-7.38677E-05,-6.02136E-05
2.11,8.36914E-05,8.33984E-05,-6.24023E-05,-7.03157E-05,-7.23299E-05,-5.82941E-05
2.112,9.50195E-05,9.21875E-05,-4.80469E-05,-6.81435E-05,-7.19031E-05,-5.6537E-05
2.114,9.35547E-05,8.38867E-05,-4.59961E-05,-6.62573E-05,-7.21279E-05,-5.48325E-05
2.116,7.97363E-05,7.08496E-05,-5.93262E-05,-6.44539E-05,-7.23394E-05,-5.30109E-05
2.118,7.97852E-05,7.08984E-05,-6.41602E-05,-6.25595E-05,-7.18924E-05,-5.09232E-05
2.12,0.000111426,0.000101465,-3.4082E-05,-6.05595E-05,-7.03861E-05,-4.8529E-05
2.122,0.000107715,9.88281E-05,-3.59375E-05,-5.86205E-05,-6.77756E-05,-4.59212E-05
2.124,0.000105225,0.000101025,-3.37402E-05,-5.70348E-05,-6.438E-05,-4.33081E-05
2.126,0.000106055,0.000102734,-3.42773E-05,-5.60763E-05,-6.07555E-05,-4.09295E-05
2.128,9.97559E-05,0.000101318,-3.5791E-05,-5.58591E-05,-5.75205E-05,-3.89722E-05
2.13,9.40918E-05,9.43848E-05,-3.87207E-05,-5.62358E-05,-5.51552E-05,-3.74858E-05
2.132,0.0001021,0.000101807,-2.66113E-05,-5.68176E-05,-5.38781E-05,-3.63684E-05
2.134,9.59473E-05,9.68262E-05,-3.43262E-05,-5.70883E-05,-5.36042E-05,-3.53895E-05
2.136,0.000104639,0.000104736,-3.13965E-05,-5.66171E-05,-5.40303E-05,-3.42907E-05
2.138,0.000109814,0.000110498,-2.79785E-05,-5.52423E-05,-5.4763E-05,-3.28855E-05
2.14,0.000116357,0.000117627,-2.02637E-05,-5.31912E-05,-5.54719E-05,-3.11529E-05
2.142,0.000101758,0.00010332,-2.54883E-05,-5.1053E-05,-5.59781E-05,-2.92536E-05
2.144,0.000102881,9.94629E-05,-1.58691E-05,-4.96299E-05,-5.6294E-05,-2.75022E-05
2.146,0.000107715,9.85352E-05,-1.9043E-05,-4.96543E-05,-5.65526E-05,-2.62527E-05
2.148,0.000107617,9.76563E-05,-2.44141E-05,-5.15042E-05,-5.68922E-05,-2.57745E-05
2.15,0.000100977,9.28711E-05,-3.1543E-05,-5.49929E-05,-5.73281E-05,-2.61329E-05
2.152,0.000113477,0.000110645,-1.50391E-05,-5.93546E-05,-5.76938E-05,-2.71523E-05
2.154,9.66309E-05,0.00010835,-1.78223E-05,-6.34088E-05,-5.76559E-05,-2.84509E-05
2.156,8.45703E-05,0.000105566,-2.08008E-05,-6.58845E-05,-5.68271E-05,-2.95593E-05
2.158,9.14551E-05,9.97559E-05,-2.27051E-05,-6.57965E-05,-5.49165E-05,-3.00565E-05
2.16,0.000105566,0.000106445,-1.89453E-05,-6.2786E-05,-5.18916E-05,-2.97116E-05
2.162,9.99512E-05,0.000107959,-2.94434E-05,-5.7249E-05,-4.8056E-05,-2.85407E-05
2.164,0.000107422,0.000120996,-2.37305E-05,-5.02596E-05,-4.40266E-05,-2.67939E-05
2.166,0.000110156,0.000118848,-2.08984E-05,-4.32652E-05,-4.0578E-05,-2.48417E-05
2.168,0.000124316,0.000120117,-1.01563E-05,-3.76771E-05,-3.84194E-05,-2.3041E-05
2.17,0.000128906,0.000115723,-1.42578E-05,-3.44398E-05,-3.79498E-05,-2.15934E-05
2.172,0.000135596,0.00012583,-4.83398E-06,-3.37506E-05,-3.90953E-05,-2.0481E-05
2.174,0.000122314,0.000118896,-1.17676E-05,-3.49984E-05,-4.12615E-05,-1.94648E-05
2.176,0.000113721,0.000115479,-1.57715E-05,-3.69782E-05,-4.34674E-05,-1.81995E-05
2.178,0.000119385,0.000118115,-1.3916E-05,-3.82714E-05,-4.4596E-05,-1.6375E-05
2.18,0.000133398,0.000122852,-1.36719E-06,-3.76996E-05,-4.37179E-05,-1.38543E-05
2.182,0.000117529,0.000107861,-1.08887E-05,-3.46839E-05,-4.03706E-05,-1.07358E-05
2.184,0.000130908,0.000122705,3.75977E-06,-2.94209E-05,-3.47297E-05,-7.3407E-06
2.186,0.000145117,0.000138574,1.33789E-05,-2.27875E-05,-2.75742E-05,-4.09153E-06
2.188,0.000148193,0.000147412,1.28418E-05,-1.60474E-05,-2.00845E-05,-1.35819E-06
2.19,0.000134033,0.000136182,-4.24805E-06,-1.04252E-05,-1.35055E-05,6.93685E-07
2.192,0.000154492,0.000147754,7.91016E-06,-6.72418E-06,-8.79996E-06,2.16195E-06
2.194,0.00016665,0.000160596,1.80176E-05,-5.08463E-06,-6.37373E-06,3.38162E-06
2.196,0.00015752,0.000157031,1.67969E-05,-4.98632E-06,-5.98258E-06,4.79165E-06
2.198,0.000146338,0.000146533,9.91211E-06,-5.45542E-06,-6.82129E-06,6.7618E-06
2.2,0.00015918,0.000159668,2.30469E-05,-5.43684E-06,-7.80714E-06,9.40913E-06
2.202,0.00015752,0.000154688,2.06055E-05,-4.15918E-06,-7.92288E-06,1.25212E-05
2.204,0.000162402,0.00015332,2.53906E-05,-1.40147E-06,-6.54917E-06,1.55842E-05
2.206,0.000162061,0.000150928,2.6416E-05,2.46295E-06,-3.6367E-06,1.79477E-05
2.208,0.000162207,0.000156738,2.82227E-05,6.60928E-06,2.85672E-07,1.90336E-05
2.21,0.000159033,0.000159814,2.22168E-05,1.00628E-05,4.30211E-06,1.85416E-05
2.212,0.000183154,0.000177686,3.17871E-05,1.20284E-05,7.41725E-06,1.6564E-05
2.214,0.000184473,0.00017207,2.72461E-05,1.21554E-05,8.88948E-06,1.35847E-05
2.216,0.000172363,0.000167676,1.81641E-05,1.06115E-05,8.44878E-06,1.03206E-05
2.218,0.000165527,0.00017002,1.62109E-05,7.9985E-06,6.38043E-06,7.50024E-06
2.22,0.000171045,0.000171045,2.40723E-05,5.11092E-06,3.40831E-06,5.6286E-06
2.222,0.000153467,0.000151123,8.64258E-06,2.6612E-06,4.59347E-07,4.84049E-06
2.224,0.000158545,0.000153467,1.20605E-05,1.04177E-06,-1.64334E-06,4.86654E-06
2.226,0.000164795,0.000159619,1.59668E-05,2.50413E-07,-2.41507E-06,5.15965E-06
2.228,0.00016499,0.000160596,1.77246E-05,-4.48438E-08,-1.83593E-06,5.10322E-06
2.23,0.000152539,0.000153418,6.44531E-06,-3.07291E-07,-3.05422E-07,4.25044E-06
2.232,0.000168799,0.000170654,1.79199E-05,-9.11015E-07,1.51959E-06,2.48537E-06
2.234,0.000164551,0.000169629,1.98242E-05,-1.97337E-06,2.95611E-06,7.28985E-08
2.236,0.000157324,0.000166504,1.32813E-05,-3.3274E-06,3.49737E-06,-2.45184E-06
2.238,0.000160547,0.000163477,7.22656E-06,-4.6062E-06,2.94737E-06,-4.47653E-06
2.24,0.000164258,0.000163867,5.37109E-06,-5.42951E-06,1.41865E-06,-5.54699E-06
2.242,0.000141699,0.00014707,-8.00781E-06,-5.58654E-06,-7.54364E-07,-5.53048E-06
2.244,0.000143115,0.000154736,7.32422E-07,-5.15935E-06,-3.165E-06,-4.66965E-06
2.246,0.000155762,0.000156934,0.000009375,-4.49513E-06,-5.45065E-06,-3.47741E-06
2.248,0.000167041,0.000159912,1.50879E-05,-4.07495E-06,-7.37737E-06,-2.55568E-06
2.25,0.000162891,0.000151758,1.28906E-05,-4.31026E-06,-8.83862E-06,-2.36583E-06
2.252,0.000169482,0.000158643,2.14355E-05,-5.36954E-06,-9.80334E-06,-3.06392E-06
2.254,0.000155176,0.000154199,1.33789E-05,-7.0871E-06,-1.02391E-05,-4.44649E-06
2.256,0.000149023,0.000148242,3.90625E-07,-9.04108E-06,-1.00971E-05,-6.05835E-06
2.258,0.000144092,0.000142627,-1.03027E-05,-1.07289E-05,-9.3324E-06,-7.37745E-06
2.26,0.000150488,0.000153613,2.44141E-06,-1.18058E-05,-7.98001E-06,-8.03582E-06
2.262,0.00013877,0.000151953,-2.44141E-06,-1.22538E-05,-6.22192E-06,-7.96084E-06
2.264,0.000149219,0.000162012,9.86328E-06,-1.24417E-05,-4.43778E-06,-7.42582E-06
2.266,0.000155713,0.000161865,1.80176E-05,-1.30013E-05,-3.15438E-06,-6.94472E-06
2.268,0.000156982,0.000158252,1.43066E-05,-1.4575E-05,-2.9132E-06,-7.07195E-06
2.27,0.000147852,0.000153223,1.46484E-06,-1.75149E-05,-4.08108E-06,-8.16674E-06
2.272,0.00014585,0.000161377,3.36914E-06,-2.16918E-05,-6.69869E-06,-1.02512E-05
2.274,0.00012832,0.000148535,-6.05469E-06,-2.64448E-05,-1.03857E-05,-1.29662E-05
2.276,0.000122461,0.000140918,-6.64063E-06,-3.07433E-05,-1.43928E-05,-1.56838E-05
2.278,0.00012793,0.000139355,-8.49609E-06,-3.34939E-05,-1.77711E-05,-1.77016E-05
2.28,0.000141211,0.000154883,1.66016E-06,-3.39219E-05,-1.96516E-05,-1.84872E-05
2.282,0.000125635,0.000145654,-4.93164E-06,-3.18459E-05,-1.95038E-05,-1.78447E-05
2.284,0.000127539,0.000142188,-2.92969E-07,-2.77714E-05,-1.73126E-05,-1.597E-05
2.286,0.000140332,0.000139063,3.22266E-06,-2.27314E-05,-1.35835E-05,-1.33445E-05
2.288,0.000155176,0.000150684,9.17969E-06,-1.79668E-05,-9.20192E-06,-1.05559E-05
2.29,0.000150488,0.000154004,2.73438E-06,-1.45148E-05,-5.15439E-06,-8.08172E-06
2.292,0.000152979,0.000165967,8.64258E-06,-1.28778E-05,-2.23274E-06,-6.14315E-06
2.294,0.000138721,0.000160791,-5.37109E-07,-1.28735E-05,-7.99629E-07,-4.6525E-06
2.296,0.000145801,0.000165039,8.49609E-06,-1.37528E-05,-7.25235E-07,-3.31719E-06
2.298,0.000152246,0.000162793,1.74805E-05,-1.45056E-05,-1.47933E-06,-1.80288E-06
2.3,0.000155225,0.000164111,2.63184E-05,-1.42607E-05,-2.36446E-06,8.52246E-08
2.302,0.000148926,0.000150488,1.95313E-05,-1.26191E-05,-2.7838E-06,2.29342E-06
2.304,0.000157617,0.000152637,1.78711E-05,-9.81579E-06,-2.4673E-06,4.50473E-06
2.306,0.000153271,0.00016001,1.18652E-05,-6.60815E-06,-1.53761E-06,6.26625E-06
2.308,0.000148242,0.000162891,1.65039E-05,-3.97624E-06,-4.28173E-07,7.17103E-06
2.31,0.00015459,0.000161621,1.86523E-05,-2.7335E-06,3.31845E-07,7.03983E-06
2.312,0.000173486,0.000167139,3.35449E-05,-3.21432E-06,3.49485E-07,6.00905E-06
2.314,0.000165625,0.000164063,2.86133E-05,-5.1297E-06,-4.48157E-07,4.5114E-06
2.316,0.000155127,0.000162158,1.71387E-05,-7.68464E-06,-1.77863E-06,3.11776E-06
2.318,0.000153662,0.000160693,1.61621E-05,-9.87499E-06,-3.09955E-06,2.3354E-06
2.32,0.000156738,0.000161523,2.17773E-05,-1.08881E-05,-3.83336E-06,2.40716E-06
2.322,0.000141846,0.000148486,1.06934E-05,-1.04163E-05,-3.59731E-06,3.22539E-06
2.324,0.000149219,0.000154199,1.52344E-05,-8.78562E-06,-2.37645E-06,4.36561E-06
2.326,0.000153418,0.000158105,1.75781E-05,-6.81156E-06,-5.2752E-07,5.26641E-06
2.328,0.000156689,0.000164893,2.37793E-05,-5.47106E-06,1.35044E-06,5.4533E-06
2.33,0.000162598,0.000167188,2.59766E-05,-5.48998E-06,2.66106E-06,4.74272E-06
2.332,0.000171777,0.000175781,3.28125E-05,-7.02639E-06,3.05844E-06,3.32881E-06
2.334,0.000160059,0.000168652,2.27539E-05,-9.54384E-06,2.62105E-06,1.74413E-06
2.336,0.000148828,0.000163672,1.63086E-05,-1.19822E-05,1.83777E-06,6.62321E-07
2.338,0.000149072,0.000164014,1.43066E-05,-1.31322E-05,1.44414E-06,6.56104E-07
2.34,0.000143457,0.00016123,9.08203E-06,-1.21003E-05,2.1323E-06,1.97323E-06
2.342,0.000134717,0.000147021,3.41798E-07,-8.66396E-06,4.27587E-06,4.44428E-06
2.344,0.000163086,0.000168848,2.82227E-05,-3.41762E-06,7.74403E-06,7.52315E-06
2.346,0.000178564,0.000182666,4.4873E-05,2.38639E-06,1.18941E-05,1.04761E-05
2.348,0.00018335,0.000188135,4.58496E-05,7.24066E-06,1.57531E-05,1.26332E-05
2.35,0.000172852,0.000179004,3.17383E-05,9.90056E-06,1.83424E-05,1.36286E-05
2.352,0.000175391,0.000187598,3.06641E-05,9.8128E-06,1.89941E-05,1.35054E-05
2.354,0.000168799,0.000182568,2.36816E-05,7.32736E-06,1.75863E-05,1.26783E-05
2.356,0.000161865,0.000170361,1.89941E-05,3.57995E-06,1.45879E-05,1.17489E-05
2.358,0.000159326,0.000163037,2.0459E-05,1.22419E-07,1.09198E-05,1.12764E-05
2.36,0.000170703,0.000172949,3.65234E-05,-1.60538E-06,7.64788E-06,1.15534E-05
2.362,0.000158008,0.000162207,3.48633E-05,-7.54631E-07,5.64774E-06,1.25039E-05
2.364,0.000161377,0.000170459,3.54004E-05,2.651E-06,5.33671E-06,1.37243E-05
2.366,0.000172705,0.000176221,3.84277E-05,7.72722E-06,6.5727E-06,1.46521E-05
2.368,0.000184717,0.000178369,3.72559E-05,1.30264E-05,8.72907E-06,1.47866E-05
2.37,0.000183252,0.00016958,2.66113E-05,1.70238E-05,1.09329E-05,1.38903E-05
2.372,0.000193555,0.00017627,3.33008E-05,1.85941E-05,1.23544E-05,1.20652E-05
2.374,0.000177686,0.000167822,2.08496E-05,1.73509E-05,1.24748E-05,9.71112E-06
2.376,0.000166016,0.000167871,2.01172E-05,1.3699E-05,1.12013E-05,7.34409E-06
2.378,0.000169043,0.000175391,2.77344E-05,8.64266E-06,8.84071E-06,5.38758E-06
2.38,0.000175293,0.000176172,3.33008E-05,3.40182E-06,5.93535E-06,3.99986E-06
2.382,0.000160742,0.00016123,2.06055E-05,-9.88505E-07,3.05249E-06,3.03469E-06
2.384,0.000160889,0.000164014,2.20215E-05,-3.99253E-06,5.82931E-07,2.11574E-06
2.386,0.000161035,0.000164258,2.19727E-05,-5.6579E-06,-1.34295E-06,8.30854E-07
2.388,0.000160254,0.000158984,1.52344E-05,-6.49261E-06,-2.83626E-06,-1.05895E-06
2.39,0.000153027,0.000146094,6.34766E-06,-7.18411E-06,-4.12644E-06,-3.47078E-06
2.392,0.0001625,0.000162207,2.49023E-05,-8.29196E-06,-5.4182E-06,-5.99459E-06
2.394,0.000154346,0.000162061,1.68457E-05,-1.00134E-05,-6.76432E-06,-8.0218E-06
2.396,0.000150879,0.000154785,4.39453E-06,-1.21349E-05,-8.04397E-06,-8.989E-06
2.398,0.000148584,0.000155127,1.0791E-05,-1.41586E-05,-9.01927E-06,-8.62148E-06
2.4,0.000152637,0.000160547,2.12891E-05,-1.55524E-05,-9.46935E-06,-7.09148E-06
2.402,0.00014375,0.000147754,0.0000125,-1.59986E-05,-9.31559E-06,-5.00816E-06
2.404,0.000144775,0.000144287,1.23535E-05,-1.55563E-05,-8.70318E-06,-3.24795E-06
2.406,0.000148291,0.000147217,1.17676E-05,-1.46393E-05,-7.97286E-06,-2.64896E-06
2.408,0.000157715,0.000157715,1.89453E-05,-1.38631E-05,-7.56182E-06,-3.70983E-06
2.41,0.000154932,0.00016001,1.66504E-05,-1.37871E-05,-7.8387E-06,-6.37586E-06
2.412,0.000156836,0.00016416,2.23633E-05,-1.46852E-05,-8.97148E-06,-1.003E-05
2.414,0.000143799,0.000157666,1.15723E-05,-1.64134E-05,-1.08527E-05,-1.3665E-05
2.416,0.000143408,0.000150146,3.17383E-06,-1.84666E-05,-1.31361E-05,-1.62211E-05
2.418,0.000143848,0.000142285,-1.26953E-06,-2.0175E-05,-1.53513E-05,-1.69494E-05
2.42,0.000143262,0.000139648,1.5625E-06,-2.09856E-05,-1.7074E-05,-1.56795E-05
2.422,0.000129248,0.000124854,-9.42383E-06,-2.06963E-05,-1.80636E-05,-1.2887E-05
2.424,0.000154639,0.000148291,1.6748E-05,-1.95766E-05,-1.8341E-05,-9.55775E-06
2.426,0.000158594,0.00015752,3.06641E-05,-1.82848E-05,-1.81439E-05,-6.85548E-06
2.428,0.000149463,0.000153564,2.74902E-05,-1.76433E-05,-1.78124E-05,-5.73957E-06
2.43,0.000137842,0.00014585,1.12793E-05,-1.83315E-05,-1.76321E-05,-6.6432E-06
2.432,0.000148926,0.000152539,0.0000125,-2.06306E-05,-1.77231E-05,-9.34241E-06
2.434,0.00014209,0.00014082,4.49219E-06,-2.42889E-05,-1.79916E-05,-1.30324E-05
2.436,0.00012959,0.000131543,6.83594E-07,-2.85875E-05,-1.81886E-05,-1.66106E-05
2.438,0.000125879,0.000134473,-7.22656E-06,-3.25703E-05,-1.80334E-05,-1.90396E-05
2.44,0.000137451,0.000150928,8.54492E-06,-3.53758E-05,-1.73811E-05,-1.96894E-05
2.442,0.000129346,0.000148486,8.25195E-06,-3.65168E-05,-1.63213E-05,-1.85134E-05
2.444,0.000128955,0.000152588,1.06934E-05,-3.60388E-05,-1.51964E-05,-1.60275E-05
2.446,0.000136475,0.000156787,1.43066E-05,-3.44637E-05,-1.44915E-05,-1.30807E-05
2.448,0.000136621,0.000154395,1.62109E-05,-3.25886E-05,-1.46608E-05,-1.05462E-05
2.45,0.000125488,0.000141504,7.12891E-06,-3.11848E-05,-1.59293E-05,-9.01787E-06
2.452,0.000129834,0.000136768,1.09863E-05,-3.07165E-05,-1.81543E-05,-8.62323E-06
2.454,0.000127637,0.000130371,9.17969E-06,-3.1182E-05,-2.08024E-05,-9.00675E-06
2.456,0.000136523,0.000140332,1.46484E-05,-3.21604E-05,-2.30918E-05,-9.52006E-06
2.458,0.000141748,0.00014751,1.68457E-05,-3.29963E-05,-2.42196E-05,-9.49094E-06
2.46,0.000144678,0.000150146,2.3291E-05,-3.30809E-05,-2.3627E-05,-8.49815E-06
2.462,0.00012915,0.000139502,1.45996E-05,-3.21128E-05,-2.12071E-05,-6.53338E-06
2.464,0.000128906,0.000145605,1.85547E-05,-3.02427E-05,-1.73812E-05,-4.0137E-06
2.466,0.000128125,0.00014668,2.09961E-05,-2.8025E-05,-1.29996E-05,-1.61914E-06
2.468,0.000133643,0.000149951,2.33887E-05,-2.6212E-05,-9.11099E-06,-3.8388E-08
2.47,0.000134375,0.000146094,1.69922E-05,-2.54522E-05,-6.64526E-06,2.91468E-07
2.472,0.000151367,0.000162207,2.70508E-05,-2.60286E-05,-6.1307E-06,-6.55815E-07
2.474,0.00015083,0.000163428,2.94434E-05,-2.77075E-05,-7.516E-06,-2.47192E-06
2.476,0.000141748,0.000157373,2.42676E-05,-2.97957E-05,-1.01799E-05,-4.45582E-06
2.478,0.000131543,0.000150781,1.66992E-05,-3.13601E-05,-1.31119E-05,-5.84527E-06
2.48,0.000129688,0.000149121,1.83594E-05,-3.15439E-05,-1.52221E-05,-6.07239E-06
2.482,0.000121143,0.000134521,8.74023E-06,-2.98729E-05,-1.56722E-05,-4.9337E-06
2.484,0.000131885,0.000143799,1.68457E-05,-2.64426E-05,-1.41378E-05,-2.64432E-06
2.486,0.00014668,0.000155957,2.75391E-05,-2.18924E-05,-1.08949E-05,2.64694E-07
2.488,0.000154785,0.00016123,3.75977E-05,-1.72168E-05,-6.73386E-06,3.12865E-06
2.49,0.000154639,0.000163721,3.55957E-05,-1.34524E-05,-2.70983E-06,5.36592E-06
2.492,0.000165576,0.000169873,3.9502E-05,-1.13551E-05,1.78124E-07,6.64347E-06
2.494,0.00016167,0.000159326,2.55371E-05,-1.11645E-05,1.3038E-06,6.956E-06
2.496,0.000147363,0.00015752,2.16797E-05,-1.25676E-05,5.7905E-07,6.56472E-06
2.498,0.000137061,0.000158643,2.91504E-05,-1.48265E-05,-1.53465E-06,5.866E-06
2.5,0.000146484,0.000162109,0.0000375,-1.70454E-05,-4.19393E-06,5.23382E-06
2.502,0.000140771,0.000151611,2.3584E-05,-1.84552E-05,-6.43713E-06,4.91077E-06
2.504,0.000152148,0.000163477,3.34961E-05,-1.86515E-05,-7.49408E-06,4.95305E-06
2.506,0.000157715,0.000164648,3.94531E-05,-1.76815E-05,-7.00909E-06,5.26779E-06
2.508,0.000142334,0.000149463,2.82715E-05,-1.59792E-05,-5.12799E-06,5.69631E-06
2.51,0.00015332,0.000151855,3.11523E-05,-1.41685E-05,-2.41895E-06,6.11038E-06
2.512,0.00017002,0.000171582,4.30664E-05,-1.28315E-05,3.2274E-07,6.45904E-06
2.514,0.000155322,0.000167725,3.16895E-05,-1.23033E-05,2.34994E-06,6.77434E-06
2.516,0.000140088,0.000163232,2.47559E-05,-1.25896E-05,3.19216E-06,7.11718E-06
2.518,0.000136914,0.000160156,2.33398E-05,-1.34021E-05,2.78955E-06,7.50717E-06
2.52,0.000153516,0.000168848,3.78906E-05,-1.43026E-05,1.48123E-06,7.87135E-06
2.522,0.000151611,0.000162842,3.83301E-05,-1.48621E-05,-1.23885E-07,8.05421E-06
2.524,0.000160352,0.000165137,4.26758E-05,-1.48098E-05,-1.36379E-06,7.86986E-06
2.526,0.000160156,0.00016582,3.7793E-05,-1.40849E-05,-1.72613E-06,7.2168E-06
2.528,0.000155127,0.000162451,3.5498E-05,-1.28081E-05,-1.00355E-06,6.16644E-06
2.53,0.000145313,0.000153223,2.45117E-05,-1.11813E-05,6.68136E-07,4.9949E-06
2.532,0.000155371,0.0001625,0.000028125,-9.37824E-06,2.88435E-06,4.13107E-06
2.534,0.000156055,0.000166016,2.67578E-05,-7.45084E-06,5.1428E-06,4.04693E-06
2.536,0.000158594,0.000175781,3.25195E-05,-5.32511E-06,7.01193E-06,5.08679E-06
2.538,0.000166602,0.000179492,4.05273E-05,-2.86336E-06,8.2598E-06,7.31925E-06
2.54,0.000171045,0.000178271,4.50684E-05,3.33548E-08,8.90314E-06,1.04739E-05
2.542,0.000165479,0.000165479,3.97949E-05,3.33354E-06,9.17225E-06,1.39946E-05
2.544,0.000170898,0.000167773,4.25781E-05,6.82121E-06,9.39212E-06,1.71782E-05
2.546,0.000179395,0.000172168,4.6582E-05,1.01302E-05,9.84982E-06,1.93926E-05
2.548,0.000179053,0.000173193,4.79004E-05,1.28284E-05,1.06842E-05,2.02718E-05
2.55,0.000171387,0.000166602,3.95508E-05,1.45456E-05,1.18532E-05,1.98331E-05
2.552,0.000186328,0.000181641,5.18555E-05,1.50829E-05,1.31621E-05,1.84619E-05
2.554,0.000186475,0.000181982,5.07324E-05,1.44787E-05,1.43626E-05,1.67843E-05
2.556,0.000181006,0.000182959,4.65332E-05,1.29913E-05,1.52619E-05,1.54491E-05
2.558,0.000173877,0.000183252,4.12598E-05,1.1029E-05,1.58089E-05,1.49214E-05
2.56,0.000173584,0.000178076,4.47754E-05,9.03587E-06,1.61108E-05,1.53362E-05
2.562,0.00016665,0.000168213,4.27246E-05,7.39599E-06,1.63955E-05,1.64854E-05
2.564,0.000171484,0.000177539,4.22852E-05,6.36926E-06,1.69254E-05,1.79251E-05
2.566,0.000172314,0.000181787,4.41895E-05,6.09888E-06,1.79102E-05,1.91829E-05
2.568,0.00017998,0.000185742,5.3418E-05,6.63414E-06,1.94302E-05,1.99568E-05
2.57,0.00017583,0.000182959,5.07324E-05,7.97694E-06,2.14208E-05,2.02506E-05
2.572,0.000179736,0.000190479,5.34668E-05,1.01089E-05,2.37037E-05,2.03735E-05
2.574,0.000175732,0.000190381,5.36621E-05,1.29989E-05,2.60688E-05,2.08305E-05
2.576,0.000178564,0.000193408,5.37598E-05,1.65375E-05,2.83212E-05,2.20898E-05
2.578,0.000187207,0.000194434,5.07812E-05,2.04843E-05,3.03236E-05,2.43635E-05
2.58,0.000189746,0.000193457,5.32227E-05,2.44466E-05,3.19979E-05,2.74687E-05
2.582,0.000184912,0.000187451,4.94629E-05,2.79183E-05,3.33002E-05,3.08409E-05
2.584,0.000198779,0.000198096,6.37207E-05,3.03611E-05,3.41651E-05,3.36771E-05
2.586,0.000204883,0.000196875,7.1875E-05,3.13463E-05,3.44872E-05,3.51953E-05
2.588,0.000205566,0.000199414,7.00195E-05,3.06917E-05,3.41348E-05,3.49011E-05
2.59,0.000191211,0.000196582,6.06445E-05,2.85468E-05,3.30029E-05,3.27817E-05
2.592,0.000190918,0.000203418,6.77734E-05,2.53767E-05,3.10782E-05,2.93274E-05
2.594,0.000185059,0.000197461,6.65039E-05,2.18588E-05,2.85061E-05,2.54003E-05
2.596,0.000175439,0.000176221,4.2627E-05,1.86921E-05,2.5602E-05,2.1966E-05
2.598,0.000176758,0.000169824,2.46094E-05,1.63903E-05,2.28016E-05,1.97963E-05
2.6,0.000194482,0.000193213,4.97559E-05,1.51284E-05,2.05458E-05,1.9228E-05
2.602,0.000185059,0.000187207,6.01562E-05,1.47018E-05,1.91472E-05,2.00813E-05
2.604,0.000181104,0.000185596,6.3623E-05,1.45991E-05,1.86719E-05,2.1743E-05
2.606,0.000178369,0.000185596,6.03027E-05,1.42011E-05,1.89029E-05,2.34113E-05
2.608,0.000173682,0.000179248,5.4834E-05,1.30017E-05,1.93782E-05,2.43773E-05
2.61,0.000175146,0.000172217,4.83887E-05,1.07969E-05,1.95187E-05,2.4262E-05
2.612,0.000181885,0.000182471,5.29785E-05,7.77385E-06,1.88144E-05,2.31239E-05
2.614,0.000167529,0.00017915,4.79004E-05,4.46867E-06,1.70065E-05,2.14115E-05
2.616,0.000163525,0.000180908,4.79004E-05,1.58909E-06,1.41766E-05,1.97616E-05
2.618,0.000162988,0.000179297,5.17578E-05,-2.16514E-07,1.07409E-05,1.87415E-05
2.62,0.000170313,0.000171777,5.56641E-05,-5.7854E-07,7.32938E-06,1.86323E-05
2.622,0.000171045,0.000164014,5.37598E-05,4.70351E-07,4.60149E-06,1.93445E-05
2.624,0.000169727,0.000163281,5.72266E-05,2.49592E-06,3.03641E-06,2.04722E-05
2.626,0.000172217,0.000164209,4.98535E-05,4.81509E-06,2.79141E-06,2.14797E-05
2.628,0.000171436,0.000166846,4.79004E-05,6.72537E-06,3.66E-06,2.19473E-05
2.63,0.000159033,0.000162354,4.34082E-05,7.73779E-06,5.15357E-06,2.17724E-05
2.632,0.000173584,0.000172705,5.7959E-05,7.72809E-06,6.66277E-06,2.12305E-05
2.634,0.000177734,0.000173828,6.09375E-05,6.96839E-06,7.67724E-06,2.08986E-05
2.636,0.000180322,0.000175537,6.05957E-05,6.00509E-06,7.94847E-06,2.14333E-05
2.638,0.000177637,0.000168457,5.45898E-05,5.44235E-06,7.56069E-06,2.33011E-05
2.64,0.000175391,0.000170605,5.49805E-05,5.71365E-06,6.8852E-06,2.65644E-05
2.642,0.00016626,0.000165479,5.80566E-05,6.92543E-06,6.44148E-06,3.08129E-05
2.644,0.00016748,0.000168848,6.57226E-05,8.80663E-06,6.70005E-06,3.5256E-05
2.646,0.00016582,0.000166406,6.75781E-05,1.07992E-05,7.91568E-06,3.8969E-05
2.648,0.000175488,0.00017168,7.66601E-05,1.22482E-05,1.00242E-05,4.11882E-05
2.65,0.000183936,0.000173975,7.78809E-05,1.26269E-05,1.26488E-05,4.15563E-05
2.652,0.000196289,0.000184277,8.02734E-05,1.17012E-05,1.52025E-05,4.02228E-05
2.654,0.000185986,0.0001854,7.40723E-05,9.60123E-06,1.70699E-05,3.779E-05
2.656,0.000165576,0.000182568,6.81152E-05,6.75085E-06,1.77741E-05,3.508E-05
2.658,0.000157373,0.0001771,6.05957E-05,3.71357E-06,1.71077E-05,3.28397E-05
2.66,0.000160742,0.000172754,5.94727E-05,1.01954E-06,1.5192E-05,3.15001E-05
2.662,0.000161084,0.000167334,5.65918E-05,-9.97329E-07,1.24337E-05,3.10538E-05
2.664,0.00017085,0.000172705,6.22559E-05,-2.27728E-06,9.39295E-06,3.10937E-05
2.666,0.00016582,0.000175391,7.17773E-05,-2.98325E-06,6.63897E-06,3.10228E-05
2.668,0.000161182,0.000168896,7.50488E-05,-3.3738E-06,4.6167E-06,3.03296E-05
2.67,0.000162646,0.000161084,6.35254E-05,-3.65396E-06,3.56518E-06,2.88279E-05
2.672,0.000172314,0.000171924,5.99121E-05,-3.87216E-06,3.48973E-06,2.67621E-05
2.674,0.000164648,0.000171973,5.86914E-05,-3.88239E-06,4.20491E-06,2.47498E-05
2.676,0.000158154,0.000168896,5.55176E-05,-3.41828E-06,5.4127E-06,2.35692E-05
2.678,0.000151318,0.000158154,4.60449E-05,-2.21189E-06,6.80751E-06,2.38872E-05
2.68,0.000160303,0.000162354,5.4541E-05,-1.23382E-07,8.16073E-06,2.60062E-05
2.682,0.000172559,0.000175781,7.01172E-05,2.78533E-06,9.38692E-06,2.97485E-05
2.684,0.000178857,0.000181104,7.6709E-05,6.24966E-06,1.05568E-05,3.45018E-05
2.686,0.000182324,0.000180762,7.90039E-05,9.89803E-06,1.18792E-05,3.94239E-05
2.688,0.00017876,0.000170947,7.69043E-05,1.33891E-05,1.36342E-05,4.37155E-05
2.69,0.000175244,0.000171338,7.51465E-05,1.65291E-05,1.60873E-05,4.68655E-05
2.692,0.000186816,0.000186328,8.76953E-05,1.93313E-05,1.93978E-05,4.87895E-05
2.694,0.000189307,0.000183447,8.2959E-05,2.19897E-05,2.35547E-05,4.98116E-05
2.696,0.00018916,0.000191504,7.96875E-05,2.47644E-05,2.83422E-05,5.04903E-05
2.698,0.000192871,0.00019873,8.55469E-05,2.78389E-05,3.3362E-05,5.13793E-05
2.7,0.000201025,0.000202393,9.32129E-05,3.1212E-05,3.81146E-05,5.28085E-05
2.702,0.00019707,0.000199512,8.83789E-05,3.46802E-05,4.21274E-05,5.47759E-05
2.704,0.000201465,0.000207324,9.17969E-05,3.79011E-05,4.50802E-05,5.69629E-05
2.706,0.000207568,0.000210986,9.65332E-05,4.05412E-05,4.69205E-05,5.88881E-05
2.708,0.000208057,0.000208154,9.49707E-05,4.24241E-05,4.78954E-05,6.01102E-05
2.71,0.000203613,0.000203125,8.92578E-05,4.36274E-05,4.84918E-05,6.04081E-05
2.712,0.000218994,0.000218115,9.95605E-05,4.44658E-05,4.92897E-05,5.98547E-05
2.714,0.000219922,0.00022168,9.94141E-05,4.53625E-05,5.07666E-05,5.87654E-05
2.716,0.000211133,0.000215723,9.46289E-05,4.66436E-05,5.30982E-05,5.75398E-05
2.718,0.000204639,0.000211084,8.79394E-05,4.83531E-05,5.60417E-05,5.64695E-05
2.72,0.000212402,0.000220117,8.95508E-05,5.0164E-05,5.89453E-05,5.55906E-05
2.722,0.000217676,0.000222559,8.71094E-05,5.14432E-05,6.09052E-05,5.46572E-05
2.724,0.000217236,0.000222314,8.72559E-05,5.14509E-05,6.10164E-05,5.32377E-05
2.726,0.000213379,0.000217578,8.57422E-05,4.96375E-05,5.86748E-05,5.09172E-05
2.728,0.000213379,0.00021709,8.85742E-05,4.59035E-05,5.38095E-05,4.75071E-05
2.73,0.000209277,0.000210645,8.44726E-05,4.07245E-05,4.69759E-05,4.31845E-05
2.732,0.000208496,0.000205176,7.90039E-05,3.50931E-05,3.9263E-05,3.84977E-05
2.734,0.00020083,0.0001979,7.03613E-05,3.02606E-05,3.20348E-05,3.42268E-05
2.736,0.000188477,0.000189063,6.45508E-05,2.73447E-05,2.65666E-05,3.11233E-05
2.738,0.000182275,0.000183154,5.91309E-05,2.6958E-05,2.37065E-05,2.96496E-05
2.74,0.000190283,0.000181982,6.18652E-05,2.8975E-05,2.36555E-05,2.9803E-05
2.742,0.000194531,0.000177832,6.11328E-05,3.25472E-05,2.59479E-05,3.11013E-05
2.744,0.000202539,0.000189551,7.30469E-05,3.63559E-05,2.9626E-05,3.2724E-05
2.746,0.000213135,0.000202197,8.36426E-05,3.90462E-05,3.35627E-05,3.37869E-05
2.748,0.00021748,0.000207227,8.17383E-05,3.96893E-05,3.68207E-05,3.36516E-05
2.75,0.000199365,0.000198682,6.16699E-05,3.8111E-05,3.89249E-05,3.21578E-05
2.752,0.000197168,0.000203418,5.86914E-05,3.49604E-05,3.99469E-05,2.96729E-05
2.754,0.000196387,0.00020918,6.5332E-05,3.1511E-05,4.0413E-05,2.69734E-05
2.756,0.000188721,0.00019585,5.82519E-05,2.92277E-05,4.1044E-05,2.4977E-05
2.758,0.000191943,0.000190283,5.54199E-05,2.92571E-05,4.24435E-05,2.44312E-05
2.76,0.000201416,0.000204541,6.48926E-05,3.20188E-05,4.48366E-05,2.56597E-05
2.762,0.000202979,0.000214795,7.42676E-05,3.70343E-05,4.79648E-05,2.84572E-05
2.764,0.00020459,0.000220215,7.50977E-05,4.30536E-05,5.11575E-05,3.21576E-05
2.766,0.000215918,0.000220703,6.97266E-05,4.8453E-05,5.35715E-05,3.58603E-05
2.768,0.000223291,0.000213818,7.23145E-05,5.1751E-05,5.4488E-05,3.87171E-05
2.77,0.000217334,0.000206689,7.85645E-05,5.20741E-05,5.35672E-05,4.01823E-05
2.772,0.000215771,0.000210791,7.77832E-05,4.94252E-05,5.09812E-05,4.01483E-05
2.774,0.000210986,0.000211279,7.46582E-05,4.46645E-05,4.73681E-05,3.89318E-05
2.776,0.000199902,0.000214551,7.75391E-05,3.92094E-05,4.36299E-05,3.71121E-05
2.778,0.000190918,0.000202051,7.19727E-05,3.45728E-05,4.0661E-05,3.53161E-05
2.78,0.000194775,0.000193115,7.06543E-05,3.18957E-05,3.90946E-05,3.40186E-05
2.782,0.00020376,0.000192627,7.41699E-05,3.16373E-05,3.91565E-05,3.34359E-05
2.784,0.000206885,0.000201709,7.29004E-05,3.34871E-05,4.06508E-05,3.35224E-05
2.786,0.000201953,0.000207422,7.04102E-05,3.6539E-05,4.30764E-05,3.40724E-05
2.788,0.000200195,0.000212012,7.08984E-05,3.96343E-05,4.58079E-05,3.48579E-05
2.79,0.000202246,0.000212109,7.23633E-05,4.17487E-05,4.82796E-05,3.57431E-05
2.792,0.000209961,0.000215137,7.91992E-05,4.22877E-05,5.00867E-05,3.67206E-05
2.794,0.00020791,0.000212988,7.91016E-05,4.12119E-05,5.10092E-05,3.7859E-05
2.796,0.00020166,0.000208203,8.02734E-05,3.89439E-05,5.09492E-05,3.91909E-05
2.798,0.000201855,0.000204492,7.41211E-05,3.61396E-05,4.98526E-05,4.06138E-05
2.8,0.000206592,0.000206885,8.03223E-05,3.34148E-05,4.7656E-05,4.18467E-05
2.802,0.000192969,0.000204297,8.10547E-05,3.1128E-05,4.43009E-05,4.24827E-05
2.804,0.000181055,0.00019707,7.56836E-05,2.9291E-05,3.97996E-05,4.21222E-05
2.806,0.000188135,0.000193506,7.51465E-05,2.76501E-05,3.43434E-05,4.05526E-05
2.808,0.000197607,0.000199561,8.30566E-05,2.58676E-05,2.83741E-05,3.78836E-05
2.81,0.000197021,0.000197217,8.10059E-05,2.37178E-05,2.25747E-05,3.45806E-05
2.812,0.000192969,0.000183789,7.45117E-05,2.12271E-05,1.77666E-05,3.13759E-05
2.814,0.000187305,0.000167871,6.88477E-05,1.86854E-05,1.4711E-05,2.90599E-05
2.816,0.000174854,0.000159131,6.26465E-05,1.65353E-05,1.38875E-05,2.82256E-05
2.818,0.00016748,0.000166699,6.30859E-05,1.51945E-05,1.53268E-05,2.9062E-05
2.82,0.000175537,0.000178564,6.60645E-05,1.48738E-05,1.85571E-05,3.12581E-05
2.822,0.000176855,0.000182813,6.63086E-05,1.5474E-05,2.26957E-05,3.4086E-05
2.824,0.000184473,0.000199121,7.98828E-05,1.65842E-05,2.66501E-05,3.66098E-05
2.826,0.000192139,0.000204932,8.79395E-05,1.76021E-05,2.93863E-05,3.79728E-05
2.828,0.000192041,0.000198584,8.50098E-05,1.79221E-05,3.01727E-05,3.76659E-05
2.83,0.00018208,0.000181885,7.58301E-05,1.71184E-05,2.87355E-05,3.56879E-05
2.832,0.000175635,0.000174463,7.09473E-05,1.5062E-05,2.52757E-05,3.25353E-05
2.834,0.000173096,0.000171436,6.68457E-05,1.19295E-05,2.0363E-05,2.90316E-05
2.836,0.000164551,0.000170117,5.46875E-05,8.12767E-06,1.47595E-05,2.60655E-05
2.838,0.000161523,0.000171484,5.42969E-05,4.15557E-06,9.22838E-06,2.4316E-05
2.84,0.000165869,0.000171436,6.88965E-05,4.68936E-07,4.39466E-06,2.40617E-05
2.842,0.000167188,0.000167578,7.4707E-05,-2.60115E-06,6.8017E-07,2.51386E-05
2.844,0.000167285,0.000162109,7.33398E-05,-4.87054E-06,-1.69334E-06,2.70317E-05
2.846,0.000164893,0.000162842,7.26074E-05,-6.2656E-06,-2.64801E-06,2.90815E-05
2.848,0.000157422,0.00015918,6.94336E-05,-6.76401E-06,-2.2036E-06,3.07102E-05
2.85,0.00015127,0.000149316,6.51367E-05,-6.3614E-06,-4.70365E-07,3.15827E-05
2.852,0.000157178,0.00015376,6.96777E-05,-5.07457E-06,2.32662E-06,3.16623E-05
2.854,0.00015542,0.000161084,7.00684E-05,-2.98318E-06,5.81571E-06,3.11627E-05
2.856,0.000156592,0.000171826,6.99707E-05,-2.99278E-07,9.45724E-06,3.04086E-05
2.858,0.000168164,0.000179785,7.09961E-05,2.59187E-06,1.25907E-05,2.96796E-05
2.86,0.000180273,0.000182031,7.26563E-05,5.16263E-06,1.45575E-05,2.91142E-05
2.862,0.000181982,0.000177979,7.23145E-05,6.85181E-06,1.48693E-05,2.86962E-05
2.864,0.000170117,0.00017041,6.96289E-05,7.20723E-06,1.33602E-05,2.83113E-05
2.866,0.000162402,0.000164551,6.78711E-05,6.0437E-06,1.02862E-05,2.78587E-05
2.868,0.000160889,0.000165869,6.90918E-05,3.54414E-06,6.31253E-06,2.73484E-05
2.87,0.000154785,0.00015918,6.19141E-05,2.48268E-07,2.36698E-06,2.6927E-05
2.872,0.000164502,0.000159229,6.65527E-05,-3.07667E-06,-6.06872E-07,2.68205E-05
2.874,0.000172607,0.000158643,7.36816E-05,-5.64413E-06,-1.90494E-06,2.72261E-05
2.876,0.000158887,0.000157715,6.8457E-05,-6.87537E-06,-1.25929E-06,2.81852E-05
2.878,0.000156348,0.000163867,6.89453E-05,-6.56601E-06,1.09596E-06,2.95097E-05
2.88,0.000157617,0.00016748,7.70508E-05,-4.93906E-06,4.50754E-06,3.07991E-05
2.882,0.000154346,0.000168896,7.22168E-05,-2.55838E-06,8.1197E-06,3.1562E-05
2.884,0.00015791,0.000169824,6.75781E-05,-1.37357E-07,1.1146E-05,3.13989E-05
2.886,0.000165479,0.000170361,6.77246E-05,1.70322E-06,1.31086E-05,3.01847E-05
2.888,0.00016958,0.000168213,7.26074E-05,2.63727E-06,1.39608E-05,2.81651E-05
2.89,0.000169873,0.000168115,6.99707E-05,2.7251E-06,1.40598E-05,2.5924E-05
2.892,0.000172705,0.000177197,6.93848E-05,2.36689E-06,1.40077E-05,2.42186E-05
2.894,0.000172021,0.00018501,6.9873E-05,2.14393E-06,1.44161E-05,2.37441E-05
2.896,0.000163135,0.000179248,6.56738E-05,2.59477E-06,1.56671E-05,2.48806E-05
2.898,0.000155762,0.00017373,6.18164E-05,4.01389E-06,1.77729E-05,2.75319E-05
2.9,0.000160986,0.000173877,6.82129E-05,6.35256E-06,2.03805E-05,3.11299E-05
2.902,0.000171924,0.000170752,7.36816E-05,9.25953E-06,2.29163E-05,3.48082E-05
2.904,0.00018125,0.000183105,8.14453E-05,1.22209E-05,2.4807E-05,3.76776E-05
2.906,0.000187646,0.000194385,8.83301E-05,1.47666E-05,2.57085E-05,3.91206E-05
2.908,0.000184521,0.000193408,8.61816E-05,1.66636E-05,2.56686E-05,3.90104E-05
2.91,0.00018208,0.000187158,8.13965E-05,1.80156E-05,2.51495E-05,3.77608E-05
2.912,0.000181299,0.000182373,7.75879E-05,1.92285E-05,2.48948E-05,3.61871E-05
2.914,0.000184375,0.000181836,7.61719E-05,2.08584E-05,2.56922E-05,3.52235E-05
2.916,0.000174414,0.000174805,7.06055E-05,2.3391E-05,2.81033E-05,3.55952E-05
2.918,0.0001771,0.000184033,7.03613E-05,2.70333E-05,3.22562E-05,3.75669E-05
2.92,0.000199219,0.000202539,8.47656E-05,3.1596E-05,3.77632E-05,4.08451E-05
2.922,0.000212646,0.000212549,9.60449E-05,3.65168E-05,4.37925E-05,4.46687E-05
2.924,0.000214355,0.000214648,9.7168E-05,4.10198E-05,4.92838E-05,4.80696E-05
2.926,0.000211963,0.000215869,9.59473E-05,4.43676E-05,5.3243E-05,5.0209E-05
2.928,0.00020459,0.000210156,9.12109E-05,4.61173E-05,5.50228E-05,5.06566E-05
2.93,0.0001979,0.000204834,8.5791E-05,4.62954E-05,5.45236E-05,4.95295E-05
2.932,0.00020083,0.000204541,8.71582E-05,4.54272E-05,5.22426E-05,4.7439E-05
2.934,0.00020708,0.000202686,8.66699E-05,4.44006E-05,4.91573E-05,4.52668E-05
2.936,0.000211621,0.000208398,8.56445E-05,4.41956E-05,4.64639E-05,4.38493E-05
2.938,0.000210352,0.000211328,8.93555E-05,4.55811E-05,4.52578E-05,4.36941E-05
2.94,0.000219775,0.000215283,9.4873E-05,4.8857E-05,4.62365E-05,4.48251E-05
2.942,0.000222021,0.000210889,9.1748E-05,5.37238E-05,4.95036E-05,4.68017E-05
2.944,0.00021416,0.000205859,8.66211E-05,5.93332E-05,5.45333E-05,4.89027E-05
2.946,0.000222656,0.000209766,8.97461E-05,6.4505E-05,6.02919E-05,5.04068E-05
2.948,0.000231152,0.00022168,9.44336E-05,6.80606E-05,6.54995E-05,5.08567E-05
2.95,0.000227441,0.000225195,9.08203E-05,6.91722E-05,6.89686E-05,5.02255E-05
2.952,0.000230957,0.000231445,9.4043E-05,6.76182E-05,6.9917E-05,4.89054E-05
2.954,0.000233936,0.000233643,9.87793E-05,6.38871E-05,6.81856E-05,4.75499E-05
2.956,0.000216943,0.000219092,8.67676E-05,5.90819E-05,6.42995E-05,4.68297E-05
2.958,0.000219922,0.000222266,9.14063E-05,5.46451E-05,5.93543E-05,4.71927E-05
2.96,0.000216699,0.000215723,9.45313E-05,5.19795E-05,5.47513E-05,4.87141E-05
2.962,0.000214209,0.000206104,8.82324E-05,5.20665E-05,5.18462E-05,5.10932E-05
2.964,0.000217139,0.000204346,9.44824E-05,5.5191E-05,5.16115E-05,5.37905E-05
2.966,0.000216943,0.000209912,9.35059E-05,6.08462E-05,5.4394E-05,5.62464E-05
2.968,0.000226514,0.000215869,0.000104639,6.7842E-05,5.98204E-05,5.80865E-05
2.97,0.000241553,0.000225049,0.000111963,7.45911E-05,6.6873E-05,5.92351E-05
2.972,0.000244043,0.000234863,0.00010957,7.95058E-05,7.41262E-05,5.99052E-05
2.974,0.000247656,0.000244043,0.000108301,8.14033E-05,8.00882E-05,6.04777E-05
2.976,0.000240332,0.000249023,0.00010293,7.9796E-05,8.35437E-05,6.13089E-05
2.978,0.000236572,0.000241455,9.89746E-05,7.50174E-05,8.38311E-05,6.25629E-05
2.98,0.000225049,0.000227197,9.44824E-05,6.81448E-05,8.09817E-05,6.41455E-05
2.982,0.000220459,0.000222119,0.00010415,6.07426E-05,7.56934E-05,6.57605E-05
2.984,0.000221924,0.000225244,0.000118506,5.44863E-05,6.9152E-05,6.70613E-05
2.986,0.000215283,0.00022876,0.000122705,5.07679E-05,6.27514E-05,6.78372E-05
2.988,0.000207178,0.000223096,0.000120361,5.03897E-05,5.77869E-05,6.8157E-05
2.99,0.000212891,0.00021709,0.00011377,5.33999E-05,5.51865E-05,6.83838E-05
2.992,0.00022334,0.000210352,0.000110352,5.91199E-05,5.5346E-05,6.90523E-05
2.994,0.000237549,0.000215576,0.000113525,6.6332E-05,5.80949E-05,7.06543E-05
2.996,0.000232129,0.000215137,0.000110352,7.35769E-05,6.2783E-05,7.34067E-05
2.998,0.000230469,0.000215723,0.00010957,7.94889E-05,6.84538E-05,7.70972E-05
3,0.000242139,0.000230518,0.000121924,8.30778E-05,7.40587E-05,8.10842E-05
3.002,0.00025083,0.000238428,0.000137939,8.39047E-05,7.8665E-05,8.44618E-05
3.004,0.000248096,0.000242627,0.000139014,8.21106E-05,8.16058E-05,8.63496E-05
3.006,0.000243066,0.00025,0.000140234,7.83226E-05,8.2558E-05,8.62047E-05
3.008,0.000236035,0.000245703,0.000133594,7.34547E-05,8.15359E-05,8.40402E-05
3.01,0.000225488,0.000231055,0.00011875,6.8465E-05,7.88232E-05,8.04623E-05
3.012,0.000215527,0.00021416,0.000105371,6.41401E-05,7.48792E-05,7.65102E-05
3.014,0.000221436,0.000218701,0.000113232,6.09531E-05,7.02385E-05,7.33387E-05
3.016,0.000225244,0.000228076,0.000120752,5.90154E-05,6.54234E-05,7.18465E-05
3.018,0.000224561,0.000225439,0.000119287,5.81209E-05,6.08839E-05,7.238E-05
3.02,0.000222705,0.000219287,0.0001229,5.7856E-05,5.69629E-05,7.46159E-05
3.022,0.00021875,0.000214648,0.000127051,5.77439E-05,5.38883E-05,7.76695E-05
3.024,0.000214746,0.000209668,0.000128223,5.73775E-05,5.17747E-05,8.03831E-05
3.026,0.000213428,0.000202686,0.000126416,5.65099E-05,5.06322E-05,8.17024E-05
3.028,0.000213086,0.000195996,0.000121191,5.51001E-05,5.0379E-05,8.10163E-05
3.03,0.000210107,0.000197705,0.000113623,5.32864E-05,5.08359E-05,7.83379E-05
3.032,0.000213867,0.000212598,0.000117285,5.13184E-05,5.17358E-05,7.42709E-05
3.034,0.000219775,0.00022124,0.000124365,4.94709E-05,5.27513E-05,6.97932E-05
3.036,0.000213037,0.000213232,0.000119092,4.79574E-05,5.35326E-05,6.59225E-05
3.038,0.000204248,0.000209229,0.00010376,4.6878E-05,5.37634E-05,6.33925E-05
3.04,0.000205664,0.000212598,0.000104395,4.62082E-05,5.32215E-05,6.24465E-05
3.042,0.00020752,0.000206055,0.000108887,4.58225E-05,5.18322E-05,6.28164E-05
3.044,0.000197461,0.000193652,0.000104004,4.55437E-05,4.97021E-05,6.38813E-05
3.046,0.000196533,0.000194873,0.000106494,4.5197E-05,4.71042E-05,6.49221E-05
3.048,0.000208008,0.000204004,0.000114844,4.46643E-05,4.44266E-05,6.53846E-05
3.05,0.000213623,0.000206787,0.000115576,4.39158E-05,4.20871E-05,6.5054E-05
3.052,0.000212939,0.000202783,0.000113135,4.30122E-05,4.04429E-05,6.40816E-05
3.054,0.000203516,0.000197852,0.000110156,4.20723E-05,3.97129E-05,6.28621E-05
3.056,0.000196582,0.000192773,0.000103809,4.12332E-05,3.99205E-05,6.18225E-05
3.058,0.000194043,0.00019248,0.000101465,4.06136E-05,4.0893E-05,6.12192E-05
3.06,0.000197266,0.000195508,0.00010293,4.02926E-05,4.23186E-05,6.10297E-05
3.062,0.000195313,0.000191602,0.000100586,4.02993E-05,4.38387E-05,6.09728E-05
3.064,0.000197998,0.000197021,0.000105713,4.0617E-05,4.51476E-05,6.06412E-05
3.066,0.000208838,0.000210107,0.00011499,4.11986E-05,4.60701E-05,5.96971E-05
3.068,0.000211182,0.000207568,0.0001146,4.19931E-05,4.65965E-05,5.80454E-05
3.07,0.00020498,0.000204688,0.000102246,4.29527E-05,4.68534E-05,5.59026E-05
3.072,0.000204004,0.000204492,9.51172E-05,4.40205E-05,4.70247E-05,5.37323E-05
3.074,0.000201465,0.000199902,9.30664E-05,4.51185E-05,4.72581E-05,5.207E-05
3.076,0.000194727,0.000195117,8.94531E-05,4.61419E-05,4.75915E-05,5.13129E-05
3.078,0.000196338,0.000194189,8.94043E-05,4.69763E-05,4.79316E-05,5.15622E-05
3.08,0.000214307,0.000204639,0.000103564,4.75299E-05,4.80927E-05,5.25685E-05
3.082,0.00021626,0.000210303,0.000107861,4.77834E-05,4.7891E-05,5.38219E-05
3.084,0.000211035,0.000208203,0.000104492,4.78372E-05,4.7259E-05,5.47475E-05
3.086,0.000210156,0.000203906,0.000103223,4.79335E-05,4.63444E-05,5.49365E-05
3.088,0.00020249,0.000190186,9.94629E-05,4.84231E-05,4.55279E-05,5.43151E-05
3.09,0.000206543,0.000198145,9.6582E-05,4.96822E-05,4.53549E-05,5.31788E-05
3.092,0.000209229,0.000206104,9.33105E-05,5.1992E-05,4.6391E-05,5.20826E-05
3.094,0.000208887,0.000202832,0.000090625,5.54188E-05,4.90416E-05,5.16285E-05
3.096,0.000217578,0.000206152,9.90234E-05,5.97256E-05,5.33829E-05,5.2216E-05
3.098,0.000227539,0.000211719,0.00010498,6.43587E-05,5.90704E-05,5.38666E-05
3.1,0.000235107,0.000219971,0.000107764,6.85388E-05,6.53611E-05,5.61906E-05
3.102,0.000231738,0.00022627,0.000105957,7.14401E-05,7.12597E-05,5.85127E-05
3.104,0.000228613,0.00022959,0.000103516,7.24012E-05,7.57468E-05,6.01083E-05
3.106,0.000229443,0.000236768,0.000105225,7.11211E-05,7.80315E-05,6.04683E-05
3.108,0.00022207,0.000233203,0.000103418,6.77855E-05,7.77639E-05,5.94978E-05
3.11,0.000211768,0.000222119,9.69238E-05,6.30485E-05,7.51174E-05,5.75529E-05
3.112,0.000216797,0.000219727,0.000102539,5.78934E-05,7.07455E-05,5.53141E-05
3.114,0.000225049,0.000223682,0.000110107,5.33898E-05,6.56113E-05,5.35392E-05
3.116,0.000211914,0.000220508,0.000104688,5.04084E-05,6.07309E-05,5.2765E-05
3.118,0.000203809,0.000213281,9.58008E-05,4.93964E-05,5.69232E-05,5.3104E-05
3.12,0.000212744,0.000206787,9.39941E-05,5.0275E-05,5.4635E-05,5.41926E-05
3.122,0.000209473,0.000199707,9.74609E-05,5.24777E-05,5.38733E-05,5.5312E-05
3.124,0.000203662,0.000200928,9.79004E-05,5.51421E-05,5.42663E-05,5.56547E-05
3.126,0.000206201,0.000211768,0.000101807,5.73775E-05,5.52246E-05,5.4635E-05
3.128,0.000217334,0.000216357,0.000105127,5.85283E-05,5.61332E-05,5.2127E-05
3.13,0.000225781,0.00021582,0.000100781,5.83502E-05,5.65324E-05,4.85432E-05
3.132,0.000224268,0.000208643,9.26269E-05,5.70503E-05,5.6226E-05,4.47221E-05
3.134,0.000222119,0.000207861,9.12598E-05,5.5175E-05,5.52892E-05,4.16587E-05
3.136,0.000203955,0.000202979,8.33496E-05,5.33782E-05,5.39808E-05,4.01612E-05
3.138,0.000199951,0.000199365,7.71973E-05,5.21689E-05,5.26087E-05,4.05705E-05
3.14,0.0002021,0.000201416,8.04199E-05,5.1719E-05,5.14094E-05,4.26372E-05
3.142,0.000201563,0.000203711,8.95508E-05,5.1785E-05,5.04673E-05,4.55968E-05
3.144,0.000214307,0.00020874,0.000100928,5.17834E-05,4.97114E-05,4.84122E-05
3.146,0.000221729,0.000210303,0.000111865,5.09887E-05,4.89716E-05,5.01166E-05
3.148,0.000213428,0.000201904,0.00010249,4.88049E-05,4.80747E-05,5.01277E-05
3.15,0.000197461,0.000192285,9.07227E-05,4.50006E-05,4.69348E-05,4.8423E-05
3.152,0.00019375,0.000194336,8.66211E-05,3.98288E-05,4.55952E-05,4.55275E-05
3.154,0.000192578,0.000199609,8.67188E-05,3.39927E-05,4.42149E-05,4.2309E-05
3.156,0.000182813,0.000194238,8.01758E-05,2.84754E-05,4.30019E-05,3.96707E-05
3.158,0.000171973,0.000189355,7.80273E-05,2.42714E-05,4.21194E-05,3.82416E-05
3.16,0.000175146,0.000192041,8.55957E-05,2.20945E-05,4.16046E-05,3.81723E-05
3.162,0.000180957,0.000196777,9.43359E-05,2.21616E-05,4.13288E-05,3.91055E-05
3.164,0.000187598,0.000198535,9.39453E-05,2.41338E-05,4.10301E-05,4.03356E-05
3.166,0.000196338,0.000200439,9.30176E-05,2.71985E-05,4.03817E-05,4.10676E-05
3.168,0.000192871,0.00019375,8.78906E-05,3.02819E-05,3.9078E-05,4.06978E-05
3.17,0.00018374,0.000181787,7.79785E-05,3.23357E-05,3.69253E-05,3.90272E-05
3.172,0.000175684,0.000169043,7.54883E-05,3.26074E-05,3.3903E-05,3.6325E-05
3.174,0.000176514,0.000179248,7.72949E-05,3.08139E-05,3.01652E-05,3.3225E-05
3.176,0.000178369,0.000184326,7.70996E-05,2.71744E-05,2.59912E-05,3.04961E-05
3.178,0.00018584,0.000180273,7.51953E-05,2.23133E-05,2.17122E-05,2.87801E-05
3.18,0.000191113,0.000174902,8.18359E-05,1.70725E-05,1.76425E-05,2.83916E-05
3.182,0.000178125,0.00016875,8.42773E-05,1.22741E-05,1.4023E-05,2.92353E-05
3.184,0.000161426,0.000164648,8.17383E-05,8.53001E-06,1.09999E-05,3.08646E-05
3.186,0.000151318,0.000157178,7.7002E-05,6.12899E-06,8.6417E-06,3.26531E-05
3.188,0.000148486,0.000139893,6.61621E-05,5.03412E-06,6.97768E-06,3.40163E-05
3.19,0.000157715,0.000144238,7.38281E-05,4.97418E-06,6.03298E-06,3.4606E-05
3.192,0.000164844,0.000164746,8.7207E-05,5.57777E-06,5.83533E-06,3.43968E-05
3.194,0.000167529,0.000178662,8.99902E-05,6.50325E-06,6.39891E-06,3.36535E-05
3.196,0.000166455,0.000167725,7.9541E-05,7.54E-06,7.69504E-06,3.28079E-05
3.198,0.000174121,0.000156641,7.8418E-05,8.63083E-06,9.61486E-06,3.22798E-05
3.2,0.000171387,0.000157031,8.37891E-05,9.82409E-06,1.19453E-05,3.2319E-05
3.202,0.000158301,0.000156445,8.02734E-05,1.11838E-05,1.43772E-05,3.29319E-05
3.204,0.000150781,0.000158008,7.24609E-05,1.27001E-05,1.65477E-05,3.38994E-05
3.206,0.000159863,0.000166016,7.29492E-05,1.42425E-05,1.81096E-05,3.48743E-05
3.208,0.000178564,0.000175537,8.52051E-05,1.55628E-05,1.88032E-05,3.55102E-05
3.21,0.000183398,0.000177539,8.80859E-05,1.63533E-05,1.85099E-05,3.55774E-05
3.212,0.000178271,0.000175635,8.65723E-05,1.63459E-05,1.72766E-05,3.50223E-05
3.214,0.000173193,0.000168408,8.50098E-05,1.54155E-05,1.53064E-05,3.39581E-05
3.216,0.000164551,0.000159473,7.91016E-05,1.36465E-05,1.29139E-05,3.25969E-05
3.218,0.000159424,0.000153174,7.68066E-05,1.1337E-05,1.04632E-05,3.1161E-05
3.22,0.000157861,0.000150342,7.31934E-05,8.94679E-06,8.32035E-06,2.98162E-05
3.222,0.000153467,0.000147314,6.18652E-05,7.00459E-06,6.81281E-06,2.86638E-05
3.224,0.000165039,0.000159668,7.4707E-05,5.98627E-06,6.20065E-06,2.77646E-05
3.226,0.000173877,0.000170166,8.35449E-05,6.21171E-06,6.6639E-06,2.719E-05
3.228,0.000167676,0.000168457,8.30078E-05,7.79126E-06,8.29264E-06,2.70694E-05
3.23,0.000158447,0.000156885,7.51465E-05,1.06202E-05,1.10731E-05,2.75922E-05
3.232,0.000163965,0.000160254,7.41211E-05,1.4416E-05,1.48699E-05,2.89534E-05
3.234,0.000176758,0.000168457,7.87109E-05,1.87868E-05,1.94105E-05,3.12633E-05
3.236,0.000174316,0.000167969,7.65625E-05,2.33041E-05,2.42926E-05,3.4457E-05
3.238,0.000170654,0.000169385,7.52441E-05,2.7564E-05,2.90224E-05,3.82447E-05
3.24,0.000191016,0.000183691,9.22852E-05,3.1241E-05,3.30934E-05,4.21384E-05
3.242,0.000198096,0.000191748,9.7998E-05,3.41096E-05,3.60786E-05,4.55582E-05
3.244,0.000189795,0.000191162,9.45801E-05,3.60587E-05,3.77295E-05,4.79932E-05
3.246,0.000186523,0.000191895,9.83398E-05,3.71069E-05,3.80569E-05,4.91641E-05
3.248,0.000192188,0.00018877,0.000100586,3.74079E-05,3.73523E-05,4.91179E-05
3.25,0.000189551,0.000181055,9.4043E-05,3.72424E-05,3.61377E-05,4.82215E-05
3.252,0.000189795,0.000177783,9.29199E-05,3.69908E-05,3.50499E-05,4.70523E-05
3.254,0.000189795,0.000178955,9.12598E-05,3.70752E-05,3.46808E-05,4.62109E-05
3.256,0.000185498,0.000178174,8.61816E-05,3.78649E-05,3.54164E-05,4.61166E-05
3.258,0.000188867,0.000185156,9.01367E-05,3.95746E-05,3.73236E-05,4.68641E-05
3.26,0.000205127,0.000203271,0.000106006,4.21873E-05,4.01262E-05,4.81959E-05
3.262,0.000208936,0.000201221,0.000103174,4.54253E-05,4.3276E-05,4.96014E-05
3.264,0.0002021,0.000190576,9.29199E-05,4.87937E-05,4.61088E-05,5.051E-05
3.266,0.000201123,0.000188721,9.37012E-05,5.16902E-05,4.80281E-05,5.05086E-05
3.268,0.000196924,0.000189307,9.61426E-05,5.35839E-05,4.86842E-05,4.95148E-05
3.27,0.000194922,0.000188672,9.15039E-05,5.41913E-05,4.80832E-05,4.78346E-05
3.272,0.000208789,0.000202344,9.56055E-05,5.35779E-05,4.65862E-05,4.60649E-05
3.274,0.000213135,0.000201904,9.60449E-05,5.21773E-05,4.481E-05,4.48877E-05
3.276,0.000210547,0.000195313,9.63867E-05,5.06949E-05,4.34534E-05,4.4831E-05
3.278,0.000204883,0.000185156,8.98437E-05,4.99081E-05,4.30928E-05,4.60718E-05
3.28,0.000207715,0.000187988,9.32617E-05,5.04144E-05,4.40157E-05,4.83547E-05
3.282,0.000201758,0.000191992,9.53125E-05,5.24122E-05,4.61325E-05,5.10609E-05
3.284,0.000197168,0.000193164,9.4043E-05,5.55998E-05,4.90114E-05,5.34156E-05
3.286,0.000203271,0.000201318,0.000100439,5.92214E-05,5.20034E-05,5.47437E-05
3.288,0.000213037,0.000207568,0.000113721,6.2271E-05,5.44286E-05,5.46964E-05
3.29,0.000218457,0.000204297,0.000103516,6.37853E-05,5.57686E-05,5.33645E-05
3.292,0.000218799,0.000200342,9.8291E-05,6.31506E-05,5.58086E-05,5.12407E-05
3.294,0.000219678,0.000200342,9.80957E-05,6.03244E-05,5.46812E-05,4.90368E-05
3.296,0.000216455,0.000197119,8.88184E-05,5.58828E-05,5.28057E-05,4.74198E-05
3.298,0.000208691,0.000196484,8.63281E-05,5.08823E-05,5.0743E-05,4.67774E-05
3.3,0.000188281,0.00019834,9.20898E-05,4.65643E-05,4.90148E-05,4.70849E-05
3.302,0.000172559,0.000194141,9.45313E-05,4.39917E-05,4.79482E-05,4.79245E-05
3.304,0.000188477,0.000196387,0.000101758,4.37183E-05,4.75782E-05,4.86509E-05
3.306,0.000208643,0.000199658,0.000103857,4.56049E-05,4.7649E-05,4.86418E-05
3.308,0.000206299,0.000188135,9.05762E-05,4.88452E-05,4.77053E-05,4.75472E-05
3.31,0.000208447,0.000184229,8.9209E-05,5.21918E-05,4.72421E-05,4.54406E-05
3.312,0.00021665,0.000195752,9.57519E-05,5.43241E-05,4.5871E-05,4.28148E-05
3.314,0.000206592,0.000197314,8.87207E-05,5.42439E-05,4.34348E-05,4.04188E-05
3.316,0.000188623,0.000184912,7.76855E-05,5.15776E-05,4.00579E-05,3.90025E-05
3.318,0.000183643,0.000178955,7.70019E-05,4.66919E-05,3.6111E-05,3.90523E-05
3.32,0.000192529,0.00018042,9.11621E-05,4.05951E-05,3.21105E-05,4.06135E-05
3.322,0.000188574,0.00017334,9.72656E-05,3.46534E-05,2.85856E-05,4.32631E-05
3.324,0.000178955,0.000165967,9.32129E-05,3.02081E-05,2.59594E-05,4.62405E-05
3.326,0.000191699,0.000172656,9.75586E-05,2.8203E-05,2.44596E-05,4.86896E-05
3.328,0.000186182,0.000173877,9.95605E-05,2.89308E-05,2.40918E-05,4.99312E-05
3.33,0.000180176,0.000168945,9.63867E-05,3.19621E-05,2.46719E-05,4.96713E-05
3.332,0.000178857,0.00017085,9.27246E-05,3.62806E-05,2.58989E-05,4.80774E-05
3.334,0.000179688,0.000168555,8.74023E-05,4.05756E-05,2.7436E-05,4.57E-05
3.336,0.0001896,0.000172217,8.82324E-05,4.35986E-05,2.89688E-05,4.32754E-05
3.338,0.000201367,0.000179492,8.68164E-05,4.44847E-05,3.02422E-05,4.14833E-05
3.34,0.000198535,0.000180371,8.65234E-05,4.29632E-05,3.10789E-05,4.07537E-05
3.342,0.000192627,0.000175439,9.49707E-05,3.93924E-05,3.13713E-05,4.11661E-05
3.344,0.000184424,0.000172412,9.92676E-05,3.46344E-05,3.10711E-05,4.24769E-05
3.346,0.000180127,0.000172705,9.13574E-05,2.9812E-05,3.01852E-05,4.4255E-05
3.348,0.000172803,0.000174268,8.47168E-05,2.60316E-05,2.88022E-05,4.60741E-05
3.35,0.000163037,0.000169971,8.36426E-05,2.41234E-05,2.71121E-05,4.76715E-05
3.352,0.000170313,0.000170313,9.62891E-05,2.44632E-05,2.53945E-05,4.90081E-05
3.354,0.000182471,0.000171045,0.000102588,2.6929E-05,2.39877E-05,5.02383E-05
3.356,0.00018457,0.000165039,0.000101074,3.09668E-05,2.32224E-05,5.15943E-05
3.358,0.000186768,0.000167725,0.000103174,3.57377E-05,2.33305E-05,5.32343E-05
3.36,0.000192773,0.00017373,0.000104883,4.03025E-05,2.43602E-05,5.51234E-05
3.362,0.000192676,0.000172852,0.000102539,4.38054E-05,2.6128E-05,5.69951E-05
3.364,0.000189307,0.000166455,0.000101514,4.56309E-05,2.82272E-05,5.84218E-05
3.366,0.000182129,0.000166309,9.44336E-05,4.55056E-05,3.01142E-05,5.89627E-05
3.368,0.000189404,0.000171826,0.00010415,4.35224E-05,3.12408E-05,5.83327E-05
3.37,0.000196484,0.000175977,0.000110156,4.00988E-05,3.12052E-05,5.6526E-05
3.372,0.000193506,0.000179834,0.000108057,3.58883E-05,2.98829E-05,5.38535E-05
3.374,0.000185107,0.000178857,0.000104346,3.16542E-05,2.74885E-05,5.0883E-05
3.376,0.000168945,0.000168164,9.16016E-05,2.81126E-05,2.45309E-05,4.82715E-05
3.378,0.000166162,0.00016333,8.6084E-05,2.57948E-05,2.16852E-05,4.65681E-05
3.38,0.000174854,0.00015874,8.69629E-05,2.49576E-05,1.96158E-05,4.6049E-05
3.382,0.000175293,0.000152148,8.87695E-05,2.55472E-05,1.87999E-05,4.6641E-05
3.384,0.00017124,0.000157959,9.64355E-05,2.72253E-05,1.93888E-05,4.79483E-05
3.386,0.000175928,0.000167139,0.000102393,2.94577E-05,2.11653E-05,4.93799E-05
3.388,0.000182227,0.00017373,0.000101953,3.16568E-05,2.3611E-05,5.03418E-05
3.39,0.000184082,0.000175,9.75586E-05,3.33331E-05,2.60573E-05,5.04227E-05
3.392,0.000185547,0.000174707,9.7168E-05,3.4208E-05,2.78722E-05,4.95116E-05
3.394,0.000182129,0.000169238,9.46289E-05,3.42665E-05,2.86338E-05,4.78205E-05
3.396,0.000172021,0.000160303,8.53027E-05,3.37446E-05,2.82433E-05,4.58141E-05
3.398,0.000171143,0.000159131,8.19824E-05,3.30481E-05,2.69459E-05,4.40665E-05
3.4,0.000183984,0.000169629,8.97461E-05,3.26328E-05,2.52657E-05,4.30932E-05
3.402,0.000185742,0.000170996,9.26758E-05,3.28811E-05,2.38676E-05,4.32147E-05
3.404,0.000183643,0.000170361,9.37988E-05,3.40163E-05,2.33918E-05,4.44876E-05
3.406,0.000187598,0.000172852,0.000101367,3.6069E-05,2.42988E-05,4.67121E-05
3.408,0.000183594,0.000166895,0.000101758,3.89008E-05,2.67635E-05,4.95068E-05
3.41,0.000184229,0.000168311,9.76074E-05,4.2263E-05,3.0638E-05,5.24123E-05
3.412,0.000181982,0.000168896,9.04785E-05,4.58673E-05,3.54809E-05,5.49969E-05
3.414,0.000186963,0.000173389,8.77441E-05,4.9448E-05,4.06567E-05,5.69475E-05
3.416,0.000209521,0.00019292,0.000106201,5.27891E-05,4.54646E-05,5.81061E-05
3.418,0.000216455,0.000203174,0.000116455,5.57227E-05,4.92786E-05,5.84613E-05
3.42,0.000208936,0.000198486,0.000113037,5.81194E-05,5.16723E-05,5.81217E-05
3.422,0.000198096,0.000187256,0.000103369,5.98763E-05,5.25011E-05,5.72709E-05
3.424,0.000199951,0.000185205,9.99512E-05,6.09148E-05,5.19206E-05,5.61213E-05
3.426,0.000205713,0.000189893,0.000100244,6.12111E-05,5.03537E-05,5.4881E-05
3.428,0.000201514,0.000184521,9.25293E-05,6.08416E-05,4.84065E-05,5.37297E-05
3.43,0.000198682,0.000184326,9.09668E-05,6.00199E-05,4.67476E-05,5.28172E-05
3.432,0.000207568,0.000194775,0.000101318,5.90914E-05,4.59644E-05,5.22488E-05
3.434,0.000214941,0.000197754,0.000107031,5.84854E-05,4.64394E-05,5.20802E-05
3.436,0.000212646,0.000190771,0.000101611,5.86234E-05,4.8274E-05,5.23204E-05
3.438,0.000207422,0.000187109,0.000100098,5.9802E-05,5.12739E-05,5.29395E-05
3.44,0.000204883,0.000187695,0.00010459,6.20989E-05,5.50041E-05,5.38821E-05
3.442,0.000197754,0.000190039,8.92578E-05,6.53238E-05,5.89037E-05,5.50998E-05
3.444,0.000202197,0.000200537,9.30176E-05,6.90525E-05,6.24308E-05,5.65727E-05
3.446,0.000213965,0.000206738,0.000104102,7.27249E-05,6.51818E-05,5.83067E-05
3.448,0.000224316,0.000214648,0.000112988,7.57888E-05,6.69732E-05,6.03268E-05
3.45,0.000229932,0.000211963,0.000115381,7.78378E-05,6.78542E-05,6.26401E-05
3.452,0.000233398,0.000213379,0.000116016,7.87216E-05,6.80619E-05,6.51975E-05
3.454,0.00023623,0.000210352,0.000113184,7.85731E-05,6.79282E-05,6.78626E-05
3.456,0.00022002,0.000195605,0.000108887,7.77327E-05,6.77663E-05,7.04004E-05
3.458,0.000205078,0.000199609,0.00011377,7.66145E-05,6.77745E-05,7.25016E-05
3.46,0.000202246,0.000202148,0.000118457,7.55709E-05,6.79955E-05,7.38584E-05
3.462,0.000209863,0.000204688,0.000118457,7.47823E-05,6.83239E-05,7.42494E-05
3.464,0.000224854,0.000212451,0.000119678,7.42104E-05,6.85489E-05,7.36095E-05
3.466,0.000233154,0.000216162,0.0001229,7.36439E-05,6.84245E-05,7.20719E-05
3.468,0.000228369,0.000213623,0.000119775,7.28121E-05,6.77494E-05,6.99577E-05
3.47,0.00021665,0.000206885,0.000114795,7.15114E-05,6.64158E-05,6.7704E-05
3.472,0.000208789,0.000200879,0.000111328,6.96927E-05,6.44241E-05,6.57443E-05
3.474,0.000204053,0.000195361,0.000107861,6.74865E-05,6.18691E-05,6.43851E-05
3.476,0.000194189,0.000184912,0.000100439,6.51571E-05,5.89114E-05,6.37217E-05
3.478,0.000198047,0.000183301,0.000103125,6.29849E-05,5.57419E-05,6.36131E-05
3.48,0.000210693,0.000194092,0.000112646,6.11561E-05,5.25591E-05,6.37385E-05
3.482,0.000215283,0.000196533,0.000115771,5.96791E-05,4.95499E-05,6.37132E-05
3.484,0.000206152,0.000195215,0.000112402,5.83749E-05,4.68773E-05,6.32269E-05
3.486,0.0002,0.000190723,0.00010918,5.69513E-05,4.46726E-05,6.21621E-05
3.488,0.00019502,0.000181152,0.000105371,5.51126E-05,4.30084E-05,6.06325E-05
3.49,0.000193213,0.000174658,0.00010376,5.26782E-05,4.18684E-05,5.89376E-05
3.492,0.000181738,0.000163379,9.52148E-05,4.96675E-05,4.11297E-05,5.74441E-05
3.494,0.000178711,0.000161426,9.33594E-05,4.63098E-05,4.05683E-05,5.64243E-05
3.496,0.000193652,0.000178418,0.000105469,4.29653E-05,3.98886E-05,5.5919E-05
3.498,0.000192334,0.000187354,0.000106201,3.99878E-05,3.87845E-05,5.56843E-05
3.5,0.000184473,0.000186914,0.00010498,3.75935E-05,3.70207E-05,5.52512E-05
3.502,0.000173486,0.000181494,0.000101416,3.57777E-05,3.45019E-05,5.40803E-05
3.504,0.000168213,0.000166357,9.31152E-05,3.43082E-05,3.1304E-05,5.17505E-05
3.506,0.000175,0.000155762,9.41406E-05,3.28047E-05,2.7656E-05,4.81347E-05
3.508,0.000172021,0.000149561,8.40332E-05,3.08854E-05,2.38835E-05,4.34983E-05
3.51,0.000160498,0.000144482,7.37793E-05,2.83133E-05,2.03166E-05,3.8462E-05
3.512,0.000168701,0.000154541,7.6709E-05,2.51001E-05,1.71938E-05,3.38461E-05
3.514,0.000174268,0.000163916,8.51074E-05,2.15198E-05,1.45986E-05,3.04351E-05
3.516,0.000160498,0.000155518,8.33496E-05,1.80197E-05,1.24583E-05,2.87331E-05
3.518,0.000152783,0.0001479,7.56348E-05,1.50791E-05,1.06019E-05,2.88122E-05
3.52,0.000156006,0.000145459,7.28027E-05,1.3055E-05,8.85389E-06,3.02891E-05
3.522,0.000149023,0.000140137,6.94336E-05,1.20559E-05,7.11685E-06,3.24421E-05
3.524,0.000140381,0.000130518,6.92871E-05,1.19252E-05,5.43375E-06,3.44539E-05
3.526,0.000147607,0.000131982,7.52441E-05,1.23218E-05,3.99052E-06,3.56848E-05
3.528,0.000159521,0.000142334,8.6377E-05,1.28685E-05,3.06205E-06,3.58875E-05
3.53,0.000164307,0.000146826,9.01855E-05,1.32987E-05,2.90245E-06,3.52736E-05
3.532,0.000161475,0.000144775,8.5791E-05,1.35601E-05,3.64196E-06,3.44212E-05
3.534,0.00015459,0.000140527,8.01758E-05,1.38263E-05,5.2168E-06,3.40423E-05
3.536,0.000142822,0.000134424,7.20215E-05,1.44099E-05,7.35671E-06,3.46925E-05
3.538,0.000145361,0.000137646,7.50488E-05,1.5609E-05,9.64241E-06,3.65249E-05
3.54,0.000155518,0.000146533,7.91504E-05,1.75491E-05,1.16252E-05,3.91944E-05
3.542,0.000162158,0.000151611,8.18848E-05,2.00839E-05,1.29629E-05,4.1946E-05
3.544,0.000165186,0.000149854,8.97949E-05,2.28005E-05,1.35293E-05,4.38601E-05
3.546,0.0001729,0.000152295,9.84863E-05,2.51395E-05,1.34608E-05,4.41913E-05
3.548,0.000168115,0.000145752,9.08691E-05,2.65975E-05,1.31261E-05,4.26788E-05
3.55,0.000160791,0.000142822,8.11035E-05,2.6929E-05,1.30242E-05,3.97078E-05
3.552,0.000161719,0.00014668,7.88086E-05,2.62747E-05,1.36462E-05,3.62577E-05
3.554,0.000164502,0.000149854,8.2373E-05,2.51636E-05,1.53342E-05,3.36432E-05
3.556,0.000157422,0.000148242,7.30469E-05,2.43763E-05,1.81898E-05,3.31179E-05
3.558,0.000157373,0.000151611,6.54785E-05,2.47015E-05,2.20491E-05,3.54623E-05
3.56,0.000173096,0.00016792,8.61816E-05,2.6687E-05,2.65401E-05,4.07083E-05
3.562,0.000177734,0.000170605,0.000101953,3.04416E-05,3.11807E-05,4.80832E-05
3.564,0.000171582,0.00016582,0.000100391,3.55699E-05,3.54924E-05,5.62022E-05
3.566,0.000176367,0.000169727,0.000107813,4.12785E-05,3.91082E-05,6.34621E-05
3.568,0.000182813,0.000173926,0.000113379,4.6599E-05,4.18291E-05,6.8498E-05
3.57,0.000187402,0.00017666,0.000116504,5.06687E-05,4.36225E-05,7.05612E-05
3.572,0.000187695,0.000173535,0.000113477,5.29873E-05,4.45924E-05,6.97158E-05
3.574,0.000187061,0.000173389,9.93652E-05,5.35573E-05,4.49282E-05,6.67851E-05
3.576,0.000189404,0.000176807,0.000101123,5.28544E-05,4.48482E-05,6.30589E-05
3.578,0.000194678,0.000182959,0.00010708,5.16492E-05,4.4553E-05,5.98698E-05
3.58,0.000197949,0.000183887,0.000110938,5.07625E-05,4.42258E-05,5.81961E-05
3.582,0.000194141,0.000180664,0.000111035,5.08142E-05,4.40383E-05,5.83971E-05
3.584,0.000182471,0.000176025,0.000102783,5.20613E-05,4.41601E-05,6.01718E-05
3.586,0.00018291,0.000169043,9.62891E-05,5.43734E-05,4.47657E-05,6.27451E-05
3.588,0.000180029,0.000160889,9.62402E-05,5.73409E-05,4.60183E-05,6.52E-05
3.59,0.000190674,0.000174561,0.00010835,6.04594E-05,4.80236E-05,6.68255E-05
3.592,0.00020791,0.000191406,0.000116504,6.33257E-05,5.07816E-05,6.73568E-05
3.594,0.000222021,0.000203271,0.000123877,6.57692E-05,5.4157E-05,6.7044E-05
3.596,0.000212354,0.000194678,0.000113135,6.78722E-05,5.78818E-05,6.65089E-05
3.598,0.000204785,0.00019082,0.000105859,6.98838E-05,6.16024E-05,6.64648E-05
3.6,0.000203223,0.000191309,0.000107129,7.20686E-05,6.49566E-05,6.7412E-05
3.602,0.000197803,0.0001896,0.000109521,7.4555E-05,6.76661E-05,6.94223E-05
3.604,0.0001979,0.000190869,0.000107178,7.72596E-05,6.96108E-05,7.20986E-05
3.606,0.00021084,0.000196191,0.000111133,7.99061E-05,7.08597E-05,7.4724E-05
3.608,0.00022666,0.00020791,0.000121973,8.21425E-05,7.16551E-05,7.65411E-05
3.61,0.000236133,0.00021709,0.00012959,8.36852E-05,7.23214E-05,7.70367E-05
3.612,0.000232666,0.000214014,0.000130811,8.44462E-05,7.31548E-05,7.61481E-05
3.614,0.000219141,0.000205469,0.000120996,8.4572E-05,7.43162E-05,7.42955E-05
3.616,0.000207861,0.000197119,0.000108838,8.43736E-05,7.57608E-05,7.22208E-05
3.618,0.000208057,0.000198779,0.000102783,8.41768E-05,7.72366E-05,7.06935E-05
3.62,0.000212988,0.000202734,0.000104492,8.41621E-05,7.83627E-05,7.02053E-05
3.622,0.000218652,0.00020332,0.000110156,8.42597E-05,7.87577E-05,7.07616E-05
3.624,0.000221582,0.000206543,0.000114648,8.41496E-05,7.81756E-05,7.18524E-05
3.626,0.000227979,0.000218896,0.000125244,8.33832E-05,7.66037E-05,7.26249E-05
3.628,0.000221436,0.000215186,0.000125635,8.15967E-05,7.42934E-05,7.22062E-05
3.63,0.000206543,0.000200684,0.000114746,7.87059E-05,7.16912E-05,7.00391E-05
3.632,0.000209326,0.000197119,0.000106592,7.50209E-05,6.92941E-05,6.61234E-05
3.634,0.000208691,0.000191797,9.57031E-05,7.1212E-05,6.74803E-05,6.10605E-05
3.636,0.000198047,0.000185254,8.4082E-05,6.81241E-05,6.63714E-05,5.58801E-05
3.638,0.000190332,0.000186719,8.84766E-05,6.64856E-05,6.57741E-05,5.1707E-05
3.64,0.000199316,0.000198242,0.000100098,6.66162E-05,6.52381E-05,4.93776E-05
3.642,0.000209814,0.000201514,0.000107568,6.82412E-05,6.42003E-05,4.91378E-05
3.644,0.000206445,0.000191406,9.63867E-05,7.05119E-05,6.2189E-05,5.05513E-05
3.646,0.000205908,0.000188721,8.5498E-05,7.22285E-05,5.90114E-05,5.26382E-05
3.648,0.000202295,0.000186963,8.8623E-05,7.22019E-05,5.48482E-05,5.42014E-05
3.65,0.000199854,0.000181104,9.31152E-05,6.96451E-05,5.02264E-05,5.42295E-05
3.652,0.000197021,0.000168701,9.32129E-05,6.44718E-05,4.58793E-05,5.22455E-05
3.654,0.000194824,0.000158203,9.53125E-05,5.73864E-05,4.25229E-05,4.84736E-05
3.656,0.000179932,0.000161475,8.82324E-05,4.97158E-05,4.06289E-05,4.37665E-05
3.658,0.000172754,0.000176172,8.38867E-05,4.3027E-05,4.02644E-05,3.93109E-05
3.66,0.000177246,0.000180469,8.20313E-05,3.86701E-05,4.10721E-05,3.62405E-05
3.662,0.000169629,0.000170215,7.16797E-05,3.73798E-05,4.23856E-05,3.52651E-05
3.664,0.000160156,0.000161426,6.52344E-05,3.90635E-05,4.3445E-05,3.64465E-05
3.666,0.000180371,0.000174707,8.28125E-05,4.28406E-05,4.36404E-05,3.91924E-05
3.668,0.000181396,0.000170947,8.84277E-05,4.73338E-05,4.27188E-05,4.24756E-05
3.67,0.000176221,0.000162939,8.53027E-05,5.10955E-05,4.08575E-05,4.51847E-05
3.672,0.000182568,0.000161182,8.78418E-05,5.30314E-05,3.85838E-05,4.64863E-05
3.674,0.000193799,0.000168896,9.45801E-05,5.26896E-05,3.65714E-05,4.6078E-05
3.676,0.000185303,0.000161572,8.65723E-05,5.03309E-05,3.53915E-05,4.42525E-05
3.678,0.000177734,0.000159473,8.08594E-05,4.67667E-05,3.52958E-05,4.1754E-05
3.68,0.000174219,0.000162793,7.70508E-05,4.30397E-05,3.61181E-05,3.94978E-05
3.682,0.00016499,0.000167334,7.82715E-05,4.00597E-05,3.73236E-05,3.82463E-05
3.684,0.000157568,0.00016333,7.25098E-05,3.83283E-05,3.81994E-05,3.83656E-05
3.686,0.000164111,0.000161084,7.51465E-05,3.78386E-05,3.81147E-05,3.97332E-05
3.688,0.000175439,0.00015874,8.83301E-05,3.81649E-05,3.67595E-05,4.18254E-05
3.69,0.000180518,0.000160107,9.1748E-05,3.86809E-05,3.42668E-05,4.39203E-05
3.692,0.000177734,0.000161816,9.13086E-05,3.88255E-05,3.11866E-05,4.53615E-05
3.694,0.000170801,0.000157227,0.000090625,3.83041E-05,2.83065E-05,4.57689E-05
3.696,0.000155518,0.000144287,8.13965E-05,3.71597E-05,2.63884E-05,4.51298E-05
3.698,0.000155322,0.000150537,7.44629E-05,3.56878E-05,2.58988E-05,4.37451E-05
3.7,0.000162646,0.000155908,7.75879E-05,3.42648E-05,2.68469E-05,4.20819E-05
3.702,0.000168018,0.000153564,8.21777E-05,3.31579E-05,2.87738E-05,4.05836E-05
3.704,0.000159131,0.000148682,8.0127E-05,3.23983E-05,3.09015E-05,3.95108E-05
3.706,0.000161572,0.000153564,8.15918E-05,3.17767E-05,3.23918E-05,3.88758E-05
3.708,0.000170459,0.0001646,8.51074E-05,3.09638E-05,3.26254E-05,3.8492E-05
3.71,0.000160693,0.000159717,8.03223E-05,2.96945E-05,3.1407E-05,3.80982E-05
3.712,0.000153906,0.000151465,7.45117E-05,2.79356E-05,2.902E-05,3.74963E-05
3.714,0.000155664,0.000153516,8.00781E-05,2.59583E-05,2.61169E-05,3.66417E-05
3.716,0.000148047,0.000144336,7.33398E-05,2.42852E-05,2.3494E-05,3.56661E-05
3.718,0.000142725,0.000135791,6.47949E-05,2.35034E-05,2.18125E-05,3.48E-05
3.72,0.000150586,0.000140527,7.01172E-05,2.40299E-05,2.13812E-05,3.42557E-05
3.722,0.000161523,0.000151563,7.70508E-05,2.59068E-05,2.2062E-05,3.4108E-05
3.724,0.000160693,0.000150439,7.75879E-05,2.87245E-05,2.33437E-05,3.42369E-05
3.726,0.000169141,0.000157227,8.35938E-05,3.17077E-05,2.45399E-05,3.43641E-05
3.728,0.000163721,0.00015376,7.80762E-05,3.39526E-05,2.50532E-05,3.41625E-05
3.73,0.000151611,0.000135303,6.4502E-05,3.47202E-05,2.45942E-05,3.33942E-05
3.732,0.000148828,0.000130176,6.19141E-05,3.37061E-05,2.33003E-05,3.20316E-05
3.734,0.000158398,0.000143164,0.00006875,3.11839E-05,2.17016E-05,3.03048E-05
3.736,0.00016084,0.00015332,7.06055E-05,2.7963E-05,2.05453E-05,2.86508E-05
3.738,0.000163428,0.000155811,7.23145E-05,2.51623E-05,2.05424E-05,2.7574E-05
3.74,0.000157764,0.000148291,7.05566E-05,2.39002E-05,2.21402E-05,2.74821E-05
3.742,0.000146777,0.000140723,6.70898E-05,2.49587E-05,2.53601E-05,2.85331E-05
3.744,0.000146875,0.000141211,6.52344E-05,2.8548E-05,2.97758E-05,3.05682E-05
3.746,0.000160059,0.000152637,7.11914E-05,3.42431E-05,3.46322E-05,3.31439E-05
3.748,0.000165381,0.000161572,7.3584E-05,4.11284E-05,3.90817E-05,3.56749E-05
3.75,0.000168896,0.000166748,7.08496E-05,4.80641E-05,4.24205E-05,3.76063E-05
3.752,0.000180176,0.000170215,7.53906E-05,5.40057E-05,4.42693E-05,3.85738E-05
3.754,0.000198926,0.000174023,9.0332E-05,5.82768E-05,4.46521E-05,3.84968E-05
3.756,0.000194873,0.000166064,8.21777E-05,6.07052E-05,4.39524E-05,3.75806E-05
3.758,0.000186475,0.000158252,7.06543E-05,6.15842E-05,4.27548E-05,3.62184E-05
3.76,0.000181885,0.000156689,6.93848E-05,6.15135E-05,4.16506E-05,3.48551E-05
3.762,0.000178418,0.00015957,6.94336E-05,6.11575E-05,4.10511E-05,3.38466E-05
3.764,0.000177783,0.000158838,6.64551E-05,6.10277E-05,4.10871E-05,3.33713E-05
3.766,0.000184326,0.00016167,6.84082E-05,6.13541E-05,4.16094E-05,3.3419E-05
3.768,0.000193896,0.000168994,7.58301E-05,6.20797E-05,4.22856E-05,3.38497E-05
3.77,0.000197217,0.00017124,8.00293E-05,6.29445E-05,4.27373E-05,3.4473E-05
3.772,0.000192236,0.000163623,7.66113E-05,6.36392E-05,4.26879E-05,3.51283E-05
3.774,0.000196094,0.000160645,7.79297E-05,6.39404E-05,4.20554E-05,3.57152E-05
3.776,0.000187891,0.000156641,7.14844E-05,6.37884E-05,4.09798E-05,3.61775E-05
3.778,0.000177246,0.00015498,6.92383E-05,6.32633E-05,3.97505E-05,3.64358E-05
3.78,0.000176025,0.000154248,7.13379E-05,6.2507E-05,3.86967E-05,3.63418E-05
3.782,0.00017793,0.000157227,6.52344E-05,6.16173E-05,3.80672E-05,3.56696E-05
3.784,0.000189111,0.000156689,6.91895E-05,6.05596E-05,3.79388E-05,3.41576E-05
3.786,0.000198584,0.000164795,7.90527E-05,5.9141E-05,3.81798E-05,3.1594E-05
3.788,0.000190088,0.000164502,7.43652E-05,5.70917E-05,3.85013E-05,2.79456E-05
3.79,0.000176563,0.000159082,6.54297E-05,5.41874E-05,3.85458E-05,2.34337E-05
3.792,0.000165869,0.00015415,5.13184E-05,5.03838E-05,3.80016E-05,1.85439E-05
3.794,0.000170947,0.000154541,5.05371E-05,4.58945E-05,3.66978E-05,1.39375E-05
3.796,0.000161084,0.000144775,4.18457E-05,4.11904E-05,3.46582E-05,1.02975E-05
3.798,0.000149658,0.000140869,3.59863E-05,3.68922E-05,3.20843E-05,8.13751E-06
3.8,0.000154443,0.000148682,4.4873E-05,3.36012E-05,2.92936E-05,7.64597E-06
3.802,0.000163281,0.000156543,5.60547E-05,3.171E-05,2.66144E-05,8.61481E-06
3.804,0.000161182,0.000145752,5.05371E-05,3.12788E-05,2.42958E-05,1.04987E-05
3.806,0.000164063,0.000144141,5.22461E-05,3.20072E-05,2.24442E-05,1.25727E-05
3.808,0.000154639,0.00014165,5.18066E-05,3.33399E-05,2.10184E-05,1.41619E-05
3.81,0.000149072,0.000137646,4.91699E-05,3.46418E-05,1.98613E-05,1.48357E-05
3.812,0.000149658,0.000125928,4.47754E-05,3.54023E-05,1.87805E-05,1.45267E-05
3.814,0.000153027,0.000123145,4.7168E-05,3.54004E-05,1.76418E-05,1.35263E-05
3.816,0.000154297,0.000129688,4.99023E-05,3.47541E-05,1.64355E-05,1.23538E-05
3.818,0.000163086,0.000139551,5.24414E-05,3.38248E-05,1.52722E-05,1.15331E-05
3.82,0.00016875,0.000144824,5.19531E-05,3.30554E-05,1.43492E-05,1.1396E-05
3.822,0.000159229,0.000140186,5.22949E-05,3.27615E-05,1.38594E-05,1.1943E-05
3.824,0.000146289,0.000127148,4.50195E-05,3.29617E-05,1.38911E-05,1.28316E-05
3.826,0.000148584,0.000125537,4.73145E-05,3.3308E-05,1.43377E-05,1.34896E-05
3.828,0.000151221,0.000123682,4.74121E-05,3.31762E-05,1.48847E-05,1.33281E-05
3.83,0.000147607,0.000122705,4.46777E-05,3.18627E-05,1.50624E-05,1.19536E-05
3.832,0.000151025,0.000129736,4.4873E-05,2.88411E-05,1.43739E-05,9.32346E-06
3.834,0.000153711,0.000139063,5.07813E-05,2.39848E-05,1.24507E-05,5.77815E-06
3.836,0.000141309,0.000130078,4.05273E-05,1.76814E-05,9.21204E-06,1.95552E-06
3.838,0.000131689,0.000122314,3.39355E-05,1.07743E-05,4.94607E-06,-1.40743E-06
3.84,0.000124658,0.000115283,3.16895E-05,4.36492E-06,2.99276E-07,-3.69822E-06
3.842,0.000121973,0.000110937,3.01758E-05,-4.85446E-07,-3.85252E-06,-4.60959E-06
3.844,0.000112793,0.000105078,2.48047E-05,-3.04678E-06,-6.6158E-06,-4.21032E-06
3.846,0.000111133,0.000105078,2.73438E-05,-3.12452E-06,-7.32603E-06,-2.89388E-06
3.848,0.000115527,0.00010625,3.78906E-05,-1.08852E-06,-5.74052E-06,-1.21774E-06
3.85,0.000120703,0.000111816,4.0332E-05,2.24189E-06,-2.14554E-06,2.93074E-07
3.852,0.000131299,0.000124561,4.19434E-05,5.85232E-06,2.69314E-06,1.31777E-06
3.854,0.00013877,0.000128711,4.43359E-05,8.82681E-06,7.71662E-06,1.82502E-06
3.856,0.000131348,0.00012373,3.33008E-05,1.05956E-05,1.18507E-05,2.04951E-06
3.858,0.000127881,0.000126416,3.22754E-05,1.10439E-05,1.42837E-05,2.36019E-06
3.86,0.000123096,0.000125928,3.15918E-05,1.04753E-05,1.46842E-05,3.09228E-06
3.862,0.000123437,0.00012627,3.82813E-05,9.44567E-06,1.32749E-05,4.40175E-06
3.864,0.000123193,0.000123389,4.03809E-05,8.52967E-06,1.07466E-05,6.19086E-06
3.866,0.000132666,0.00012583,4.79004E-05,8.10273E-06,8.03119E-06,8.12844E-06
3.868,0.000134766,0.000121582,5.07813E-05,8.22545E-06,6.0137E-06,9.76763E-06
3.87,0.000130615,0.00012124,4.99512E-05,8.65099E-06,5.25918E-06,1.0699E-05
3.872,0.000120605,0.000117285,4.36523E-05,8.95199E-06,5.8495E-06,1.06926E-05
3.874,0.000124268,0.000121631,4.34082E-05,8.70176E-06,7.37361E-06,9.77344E-06
3.876,0.000122559,0.000118066,3.80859E-05,7.65532E-06,9.08403E-06,8.21394E-06
3.878,0.000119922,0.000117969,3.32031E-05,5.83589E-06,1.01414E-05,6.42839E-06
3.88,0.000130713,0.000125732,3.8916E-05,3.5395E-06,9.90212E-06,4.84254E-06
3.882,0.000131836,0.000128711,4.7168E-05,1.22226E-06,8.13335E-06,3.75723E-06
3.884,0.000109326,0.000115088,3.9209E-05,-6.65981E-07,5.09941E-06,3.27174E-06
3.886,0.000105371,0.00011543,3.90625E-05,-1.84085E-06,1.48057E-06,3.27611E-06
3.888,0.000112354,0.000116943,3.95019E-05,-2.2597E-06,-1.83556E-06,3.5277E-06
3.89,0.000115674,0.00010708,3.64746E-05,-2.12676E-06,-4.03797E-06,3.7459E-06
3.892,0.000114502,9.24316E-05,3.0127E-05,-1.78931E-06,-4.63372E-06,3.71836E-06
3.894,0.000123096,0.0001021,3.73535E-05,-1.58698E-06,-3.5847E-06,3.36588E-06
3.896,0.000120898,0.000118848,4.0332E-05,-1.71846E-06,-1.30355E-06,2.74486E-06
3.898,0.000112061,0.000124072,3.69629E-05,-2.18414E-06,1.47366E-06,1.98575E-06
3.9,0.000110059,0.00011748,3.39844E-05,-2.79328E-06,3.92549E-06,1.22497E-06
3.902,0.000116211,0.000119629,3.94531E-05,-3.26475E-06,5.38631E-06,5.37726E-07
3.904,0.000104785,0.000109961,3.00781E-05,-3.36902E-06,5.51954E-06,-9.48712E-08
3.906,0.000110303,0.000111963,3.04199E-05,-3.05848E-06,4.37108E-06,-7.86826E-07
3.908,0.000114795,0.000110498,3.14941E-05,-2.50562E-06,2.31252E-06,-1.68231E-06
3.91,0.000115527,0.000108105,3.06641E-05,-2.07151E-06,-1.23673E-07,-2.89543E-06
3.912,0.000113623,0.00010708,2.77832E-05,-2.1867E-06,-2.43294E-06,-4.4611E-06
3.914,0.00012085,0.000114404,3.38379E-05,-3.20095E-06,-4.30052E-06,-6.32236E-06
3.916,0.000109131,0.000110693,2.34863E-05,-5.24172E-06,-5.66474E-06,-8.34512E-06
3.918,0.000104199,0.000108789,1.89453E-05,-8.1565E-06,-6.69395E-06,-1.0373E-05
3.92,0.000101123,9.67285E-05,1.9873E-05,-1.15321E-05,-7.66349E-06,-1.22701E-05
3.922,0.000103271,9.64355E-05,2.84668E-05,-1.48111E-05,-8.8122E-06,-1.39542E-05
3.924,9.30664E-05,9.35547E-05,1.46484E-05,-1.74472E-05,-1.02138E-05,-1.53921E-05
3.926,8.98926E-05,9.62402E-05,5.22461E-06,-1.90645E-05,-1.17258E-05,-1.65775E-05
3.928,9.10156E-05,9.6582E-05,9.27735E-06,-1.95481E-05,-1.3026E-05,-1.74877E-05
3.93,0.000106201,0.000107568,2.70996E-05,-1.90646E-05,-1.37416E-05,-1.80738E-05
3.932,9.80957E-05,9.84863E-05,1.87012E-05,-1.79881E-05,-1.35948E-05,-1.82715E-05
3.934,0.000102734,9.9707E-05,1.94336E-05,-1.67719E-05,-1.25288E-05,-1.80423E-05
3.936,9.74609E-05,9.35547E-05,1.34766E-05,-1.58118E-05,-1.0758E-05,-1.74214E-05
3.938,9.68262E-05,9.36035E-05,1.16699E-05,-1.53568E-05,-8.74231E-06,-1.65768E-05
3.94,9.31152E-05,9.94629E-05,1.00098E-05,-1.54531E-05,-7.05316E-06,-1.57932E-05
3.942,8.99902E-05,0.00010376,1.43066E-05,-1.59639E-05,-6.20581E-06,-1.54152E-05
3.944,9.15039E-05,9.89258E-05,1.36719E-05,-1.66385E-05,-6.50021E-06,-1.57411E-05
3.946,0.00010332,0.000106836,2.13867E-05,-1.72101E-05,-7.92705E-06,-1.69153E-05
3.948,0.000102832,0.000102441,1.875E-05,-1.74576E-05,-1.01494E-05,-1.88308E-05
3.95,0.000102539,0.000101074,1.58203E-05,-1.72568E-05,-1.25987E-05,-2.11247E-05
3.952,9.60449E-05,9.02832E-05,5.32227E-06,-1.65831E-05,-1.46293E-05,-2.32519E-05
3.954,9.93164E-05,9.01367E-05,1.10352E-05,-1.55029E-05,-1.57106E-05,-2.46498E-05
3.956,8.88184E-05,8.5791E-05,1.2207E-06,-1.41428E-05,-1.55653E-05,-2.49151E-05
3.958,8.14453E-05,8.59375E-05,-2.63672E-06,-1.26802E-05,-1.42488E-05,-2.39667E-05
3.96,0.00010415,9.62402E-05,9.32617E-06,-1.13178E-05,-1.21229E-05,-2.21049E-05
3.962,0.000120654,0.000108545,1.95801E-05,-1.02823E-05,-9.76168E-06,-1.99607E-05
3.964,0.000106836,0.000102246,9.66797E-06,-9.80548E-06,-7.79167E-06,-1.83224E-05
3.966,9.97559E-05,0.000103955,1.89941E-05,-1.00934E-05,-6.73789E-06,-1.79077E-05
3.968,9.5166E-05,9.7998E-05,2.0166E-05,-1.12715E-05,-6.89799E-06,-1.91308E-05
3.97,9.66309E-05,9.75098E-05,9.13086E-06,-1.33441E-05,-8.29778E-06,-2.19692E-05
3.972,9.10645E-05,9.01855E-05,-5.81055E-06,-1.61532E-05,-1.07049E-05,-2.59441E-05
3.974,9.35059E-05,8.95996E-05,-2.68555E-06,-1.9373E-05,-1.3703E-05,-3.02456E-05
3.976,8.80371E-05,8.56934E-05,-2.29492E-06,-2.2547E-05,-1.67914E-05,-3.39542E-05
3.978,8.8623E-05,9.14551E-05,-1.12305E-06,-2.51887E-05,-1.95084E-05,-3.6309E-05
3.98,8.5498E-05,8.73535E-05,-6.10352E-06,-2.68875E-05,-2.15144E-05,-3.6898E-05
3.982,8.89648E-05,9.11133E-05,-6.83594E-07,-2.74109E-05,-2.26419E-05,-3.57468E-05
3.984,7.99805E-05,8.61328E-05,-4.39453E-06,-2.67776E-05,-2.29141E-05,-3.32849E-05
3.986,8.30078E-05,8.18359E-05,9.76563E-07,-2.52694E-05,-2.25312E-05,-3.01964E-05
3.988,8.45703E-05,7.51953E-05,2.24609E-06,-2.33556E-05,-2.18109E-05,-2.71973E-05
3.99,8.90137E-05,7.74902E-05,2.19727E-06,-2.15854E-05,-2.1129E-05,-2.48536E-05
3.992,8.53027E-05,8.2373E-05,5.0293E-06,-2.04527E-05,-2.08476E-05,-2.34707E-05
3.994,9.71191E-05,9.31152E-05,1.4209E-05,-2.02895E-05,-2.1254E-05,-2.30854E-05
3.996,9.0918E-05,8.65234E-05,1.00586E-05,-2.11941E-05,-2.25005E-05,-2.35384E-05
3.998,8.3252E-05,7.9248E-05,1.12305E-06,-2.30374E-05,-2.45845E-05,-2.46131E-05
4,8.43262E-05,7.71973E-05,-1.51367E-06,-2.55167E-05,-2.7338E-05,-2.61453E-05
4.002,8.83301E-05,8.02246E-05,7.08008E-06,-2.82596E-05,-3.04684E-05,-2.80849E-05
4.004,7.26563E-05,6.29883E-05,1.85547E-06,-3.09314E-05,-3.36251E-05,-3.04707E-05
4.006,6.94336E-05,6.32812E-05,-0.00000625,-3.33156E-05,-3.64814E-05,-3.33505E-05
4.008,7.17285E-05,6.7334E-05,-7.27539E-06,-3.53368E-05,-3.88059E-05,-3.6666E-05
4.01,7.29492E-05,6.30859E-05,-1.34766E-05,-3.70542E-05,-4.05262E-05,-4.01979E-05
4.012,7.5293E-05,6.29883E-05,-1.60156E-05,-3.85911E-05,-4.17327E-05,-4.35626E-05
4.014,7.74414E-05,7.04101E-05,-6.83594E-06,-4.00679E-05,-4.26455E-05,-4.63027E-05
4.016,6.55273E-05,6.34766E-05,-1.23047E-05,-4.15415E-05,-4.35345E-05,-4.80187E-05
4.018,6.01074E-05,5.13184E-05,-2.10449E-05,-4.29935E-05,-4.46382E-05,-4.85232E-05
4.02,5.94238E-05,4.65332E-05,-2.71973E-05,-4.43349E-05,-4.60717E-05,-4.79188E-05
4.022,6.44531E-05,5.63477E-05,-2.27539E-05,-4.54556E-05,-4.77907E-05,-4.65952E-05
4.024,5.26855E-05,5.50293E-05,-2.46582E-05,-4.62756E-05,-4.96045E-05,-4.51233E-05
4.026,6.35254E-05,6.49902E-05,-5.81054E-06,-4.67905E-05,-5.12427E-05,-4.40826E-05
4.028,7.23633E-05,5.70313E-05,-2.92969E-06,-4.70719E-05,-5.24358E-05,-4.38635E-05
4.03,6.63574E-05,4.22363E-05,-8.83789E-06,-4.72554E-05,-5.30217E-05,-4.4549E-05
4.032,5.04394E-05,3.67676E-05,-2.41699E-05,-4.74859E-05,-5.29975E-05,-4.58817E-05
4.034,6.08398E-05,5.23438E-05,-1.82617E-05,-4.78576E-05,-5.25231E-05,-4.73496E-05
4.036,5.52246E-05,5.32715E-05,-2.48535E-05,-4.83492E-05,-5.18499E-05,-4.8342E-05
4.038,5.23926E-05,4.80957E-05,-2.96387E-05,-4.88134E-05,-5.1234E-05,-4.83522E-05
4.04,5.85937E-05,5.13672E-05,-1.98242E-05,-4.89976E-05,-5.08339E-05,-4.71273E-05
4.042,6.74316E-05,6.45996E-05,-3.75977E-06,-4.86194E-05,-5.065E-05,-4.47381E-05
4.044,5.41504E-05,5.04394E-05,-1.06934E-05,-4.74465E-05,-5.05106E-05,-4.15352E-05
4.046,5.99121E-05,4.50684E-05,-9.0332E-06,-4.53919E-05,-5.01377E-05,-3.80367E-05
4.048,7.08008E-05,4.99023E-05,-0.00000625,-4.25593E-05,-4.92484E-05,-3.47551E-05
4.05,7.27539E-05,5.46875E-05,-1.07422E-06,-3.9247E-05,-4.7673E-05,-3.20616E-05
4.052,6.03027E-05,5.1123E-05,-1.04004E-05,-3.58808E-05,-4.5424E-05,-3.01025E-05
4.054,6.81152E-05,6.08887E-05,-2.49023E-06,-3.29106E-05,-4.2711E-05,-2.88067E-05
4.056,7.0166E-05,6.11816E-05,4.88281E-08,-3.06813E-05,-3.98776E-05,-2.79541E-05
4.058,8.02734E-05,6.61133E-05,3.80859E-06,-2.93448E-05,-3.73037E-05,-2.72992E-05
4.06,7.98828E-05,6.40625E-05,3.90625E-07,-2.8803E-05,-3.52709E-05,-2.66587E-05
4.062,8.65723E-05,7.48535E-05,8.25195E-06,-2.87427E-05,-3.38801E-05,-2.59696E-05
4.064,7.43652E-05,6.55762E-05,-4.88281E-08,-2.87323E-05,-3.30243E-05,-2.52829E-05
4.066,7.42676E-05,6.6748E-05,1.51367E-06,-2.83724E-05,-3.24471E-05,-2.47252E-05
4.068,7.39258E-05,6.41602E-05,2.53906E-06,-2.74109E-05,-3.18367E-05,-2.4409E-05
4.07,7.37305E-05,6.13281E-05,2.24609E-06,-2.58477E-05,-3.09681E-05,-2.43912E-05
4.072,7.47559E-05,6.34277E-05,-2.19727E-06,-2.39375E-05,-2.97876E-05,-2.465E-05
4.074,9.35547E-05,8.49609E-05,1.00586E-05,-2.21079E-05,-2.84374E-05,-2.51102E-05
4.076,8.93066E-05,8.36426E-05,5.41992E-06,-2.07967E-05,-2.71861E-05,-2.56713E-05
4.078,8.27637E-05,7.3291E-05,1.90429E-06,-2.02973E-05,-2.63195E-05,-2.62586E-05
4.08,0.000078125,6.70898E-05,-8.88672E-06,-2.06231E-05,-2.59947E-05,-2.68287E-05
4.082,8.69629E-05,7.25098E-05,3.56445E-06,-2.14864E-05,-2.61587E-05,-2.73729E-05
4.084,7.55371E-05,6.13769E-05,-6.78711E-06,-2.23679E-05,-2.65283E-05,-2.78744E-05
4.086,7.52441E-05,6.64551E-05,-5.9082E-06,-2.26904E-05,-2.66792E-05,-2.82826E-05
4.088,8.51074E-05,7.93457E-05,4.93164E-06,-2.20085E-05,-2.61838E-05,-2.84898E-05
4.09,9.11133E-05,8.70117E-05,1.05469E-05,-2.0193E-05,-2.4793E-05,-2.83674E-05
4.092,8.38379E-05,7.78809E-05,-3.27148E-06,-1.74948E-05,-2.25536E-05,-2.78079E-05
4.094,9.53613E-05,8.15918E-05,2.68555E-06,-1.44856E-05,-1.98341E-05,-2.67899E-05
4.096,8.61328E-05,7.13867E-05,-7.12891E-06,-1.18885E-05,-1.72331E-05,-2.54191E-05
4.098,8.56934E-05,7.73926E-05,-4.24805E-06,-1.03515E-05,-1.54099E-05,-2.39377E-05
4.1,8.7207E-05,7.96875E-05,-1.46484E-06,-1.02016E-05,-1.48525E-05,-2.26493E-05
4.102,9.53613E-05,8.35449E-05,9.7168E-06,-1.13143E-05,-1.57108E-05,-2.18248E-05
4.104,8.7793E-05,7.90039E-05,6.34765E-06,-1.31251E-05,-1.77192E-05,-2.15943E-05
4.106,9.79492E-05,8.60351E-05,1.16211E-05,-1.48052E-05,-2.02655E-05,-2.18959E-05
4.108,9.12598E-05,7.97363E-05,8.1543E-06,-1.55158E-05,-2.25572E-05,-2.24611E-05
4.11,8.5791E-05,7.75879E-05,5.61523E-06,-1.46961E-05,-2.38675E-05,-2.29003E-05
4.112,8.17383E-05,6.58203E-05,-4.98047E-06,-1.22696E-05,-2.37505E-05,-2.2835E-05
4.114,9.47266E-05,7.29492E-05,4.00391E-06,-8.7008E-06,-2.21749E-05,-2.20451E-05
4.116,9.01855E-05,7.21191E-05,-1.41602E-06,-4.85957E-06,-1.9508E-05,-2.0551E-05
4.118,0.00009375,7.44141E-05,-2.05078E-06,-1.76842E-06,-1.63918E-05,-1.86434E-05
4.12,0.000101709,8.07129E-05,1.02051E-05,-2.74389E-07,-1.35195E-05,-1.67986E-05
4.122,0.000114551,9.80469E-05,2.90039E-05,-7.93418E-07,-1.14278E-05,-1.5535E-05
4.124,0.0001021,9.21387E-05,1.14746E-05,-3.17564E-06,-1.03468E-05,-1.5241E-05
4.126,9.25781E-05,8.54492E-05,3.125E-06,-6.76491E-06,-1.01778E-05,-1.60594E-05
4.128,9.10644E-05,8.6084E-05,1.26465E-05,-1.06061E-05,-1.05768E-05,-1.78391E-05
4.13,8.7207E-05,8.47656E-05,6.05469E-06,-1.37676E-05,-1.11478E-05,-2.02149E-05
4.132,7.24121E-05,7.50488E-05,-1.1084E-05,-1.5624E-05,-1.16138E-05,-2.27414E-05
4.134,7.66602E-05,0.000078125,-3.80859E-06,-1.60418E-05,-1.19387E-05,-2.506E-05
4.136,8.29101E-05,8.08594E-05,2.53906E-06,-1.53858E-05,-1.2332E-05,-2.70221E-05
4.138,9.55078E-05,8.75976E-05,1.85547E-06,-1.43873E-05,-1.31625E-05,-2.87379E-05
4.14,9.51172E-05,8.31055E-05,-7.22656E-06,-1.38686E-05,-1.47725E-05,-3.05001E-05
4.142,9.63379E-05,8.76465E-05,-1.2207E-06,-1.44806E-05,-1.73159E-05,-3.26532E-05
4.144,7.69043E-05,7.18262E-05,-1.46973E-05,-1.65024E-05,-2.06592E-05,-3.54354E-05
4.146,7.43652E-05,7.14355E-05,-1.24512E-05,-1.98006E-05,-2.44094E-05,-3.88741E-05
4.148,6.79199E-05,6.35254E-05,-1.89941E-05,-2.3911E-05,-2.80263E-05,-4.27422E-05
4.15,6.33301E-05,5.80566E-05,-2.60254E-05,-2.82493E-05,-3.10175E-05,-4.66378E-05
4.152,6.36719E-05,5.5957E-05,-3.33984E-05,-3.23353E-05,-3.31247E-05,-5.01339E-05
4.154,7.9834E-05,6.48926E-05,-2.0752E-05,-3.59664E-05,-3.44327E-05,-5.29518E-05
4.156,6.29394E-05,5.72754E-05,-2.74902E-05,-3.92511E-05,-3.53351E-05,-5.50651E-05
4.158,5.50781E-05,5.79101E-05,-3.08594E-05,-4.25371E-05,-3.64084E-05,-5.67194E-05
4.16,4.89258E-05,5.77148E-05,-3.96484E-05,-4.62218E-05,-3.81974E-05,-5.83349E-05
4.162,5.0293E-05,6.21094E-05,-3.20312E-05,-5.05685E-05,-4.10226E-05,-6.03392E-05
4.164,3.38379E-05,4.61426E-05,-4.5459E-05,-5.55666E-05,-4.48591E-05,-6.29869E-05
4.166,3.68652E-05,4.10645E-05,-4.37012E-05,-6.09107E-05,-4.93523E-05,-6.62525E-05
4.168,3.79883E-05,4.07227E-05,-3.93555E-05,-6.60815E-05,-5.39409E-05,-6.98074E-05
4.17,3.05176E-05,3.04199E-05,-4.4873E-05,-7.05325E-05,-5.80676E-05,-7.31343E-05
4.172,1.30371E-05,1.69434E-05,-6.31348E-05,-7.38644E-05,-6.13621E-05,-7.57054E-05
4.174,2.97363E-05,3.91113E-05,-4.72168E-05,-7.59549E-05,-6.3765E-05,-7.71836E-05
4.176,2.12402E-05,3.58887E-05,-5.20996E-05,-7.69641E-05,-6.55081E-05,-7.75512E-05
4.178,1.71387E-05,2.93457E-05,-5.7666E-05,-7.72626E-05,-6.70027E-05,-7.71474E-05
4.18,1.67969E-05,2.04102E-05,-5.92773E-05,-7.72648E-05,-6.86316E-05,-7.65471E-05
4.182,2.3877E-05,2.0752E-05,-4.94629E-05,-7.72667E-05,-7.0568E-05,-7.63657E-05
4.184,1.52832E-05,1.14746E-05,-5.44434E-05,-7.7342E-05,-7.26829E-05,-7.70341E-05
4.186,2.57324E-05,1.86035E-05,-5.30762E-05,-7.73565E-05,-7.45947E-05,-7.86531E-05
4.188,0.00001875,1.97266E-05,-5.46875E-05,-7.70541E-05,-7.58142E-05,-8.09399E-05
4.19,1.96777E-05,2.14355E-05,-5.39551E-05,-7.62304E-05,-7.59716E-05,-8.33383E-05
4.192,1.67969E-05,1.24023E-05,-7.08008E-05,-7.48811E-05,-7.50002E-05,-8.52206E-05
4.194,2.82715E-05,2.00684E-05,-6.33301E-05,-7.32821E-05,-7.32286E-05,-8.61244E-05
4.196,2.21191E-05,1.75293E-05,-6.57715E-05,-7.19355E-05,-7.1307E-05,-8.59159E-05
4.198,1.66016E-05,1.37695E-05,-6.98242E-05,-7.14393E-05,-7.00268E-05,-8.48546E-05
4.2,2.3291E-05,1.91895E-05,-6.23535E-05,-7.22767E-05,-7.00581E-05,-8.3492E-05
4.202,3.31543E-05,3.00293E-05,-4.5752E-05,-7.46346E-05,-7.17307E-05,-8.24812E-05
4.204,1.50879E-05,1.44043E-05,-5.86426E-05,-7.829E-05,-7.49085E-05,-8.23255E-05
4.206,1.38184E-05,1.84082E-05,-6.0791E-05,-8.26454E-05,-7.90321E-05,-8.31967E-05
4.208,1.1084E-05,1.16699E-05,-6.27441E-05,-8.68716E-05,-8.32829E-05,-8.48562E-05
4.21,5.12695E-06,4.88281E-08,-6.27441E-05,-9.01733E-05,-8.68695E-05,-8.67578E-05
4.212,-1.66504E-05,-1.97754E-05,-8.24707E-05,-9.2022E-05,-8.9269E-05,-8.82456E-05
4.214,3.22266E-06,-1.85547E-06,-6.69922E-05,-9.23124E-05,-9.03796E-05,-8.88127E-05
4.216,1.38184E-05,7.86133E-06,-5.97168E-05,-9.13718E-05,-9.05031E-05,-8.82959E-05
4.218,1.24512E-05,8.83789E-06,-6.12793E-05,-8.98499E-05,-9.02084E-05,-8.69776E-05
4.22,1.85547E-06,-6.83594E-07,-6.52344E-05,-8.84781E-05,-9.00821E-05,-8.54969E-05
4.222,1.14258E-05,4.10156E-06,-5.27344E-05,-8.78316E-05,-9.05024E-05,-8.46433E-05
4.224,-1.17188E-06,-7.51953E-06,-6.89453E-05,-8.81425E-05,-9.14948E-05,-8.50684E-05
4.226,-3.90625E-07,-6.34766E-06,-7.19727E-05,-8.92657E-05,-9.27539E-05,-8.7056E-05
4.228,4.54102E-06,-4.15039E-06,-7.22168E-05,-9.07504E-05,-9.37703E-05,-9.03794E-05
4.23,6.10352E-06,-4.73633E-06,-7.11426E-05,-9.20366E-05,-9.40465E-05,-9.43514E-05
4.232,-2.68555E-06,-1.41113E-05,-7.84668E-05,-9.2667E-05,-9.32973E-05,-9.80119E-05
4.234,9.0332E-06,4.54102E-06,-6.72363E-05,-9.24661E-05,-9.15765E-05,-0.000100433
4.236,-4.15039E-06,-7.32424E-07,-8.14941E-05,-9.15745E-05,-8.92422E-05,-0.000100993
4.238,-7.51953E-06,0,-8.64258E-05,-9.03694E-05,-8.6825E-05,-9.95711E-05
4.24,9.91211E-06,9.0332E-06,-7.57324E-05,-8.92682E-05,-8.48167E-05,-9.65705E-05
4.242,2.30957E-05,1.48926E-05,-6.13769E-05,-8.85258E-05,-8.34942E-05,-9.27945E-05
4.244,-7.8125E-07,-4.29688E-06,-7.58789E-05,-8.80803E-05,-8.28191E-05,-8.91772E-05
4.246,-7.42187E-06,-9.76563E-07,-7.35351E-05,-8.75414E-05,-8.24842E-05,-8.65091E-05
4.248,-1.02539E-06,2.58789E-06,-6.45996E-05,-8.62952E-05,-8.20477E-05,-8.51966E-05
4.25,1.23535E-05,1.1084E-05,-5.38574E-05,-8.37451E-05,-8.1141E-05,-8.51809E-05
4.252,1.3623E-05,6.00586E-06,-6.60645E-05,-7.95614E-05,-7.96204E-05,-8.59885E-05
4.254,3.22266E-05,1.79687E-05,-6.10352E-05,-7.38743E-05,-7.76269E-05,-8.69222E-05
4.256,2.88574E-05,1.31348E-05,-6.72363E-05,-6.73079E-05,-7.55104E-05,-8.7292E-05
4.258,2.40234E-05,1.04492E-05,-7.11914E-05,-6.08682E-05,-7.36774E-05,-8.6641E-05
4.26,2.48047E-05,7.22656E-06,-7.55859E-05,-5.56532E-05,-7.23753E-05,-8.48481E-05
4.262,3.94043E-05,1.60644E-05,-6.22559E-05,-5.25242E-05,-7.15532E-05,-8.21273E-05
4.264,3.49121E-05,1.40137E-05,-6.00098E-05,-5.18281E-05,-7.08323E-05,-7.89091E-05
4.266,4.44336E-05,2.4707E-05,-4.66797E-05,-5.3281E-05,-6.96289E-05,-7.56817E-05
4.268,4.13086E-05,2.44141E-05,-4.18945E-05,-5.60109E-05,-6.73537E-05,-7.2807E-05
4.27,3.53516E-05,2.33398E-05,-4.54102E-05,-5.88052E-05,-6.36513E-05,-7.04307E-05
4.272,2.61719E-05,1.61133E-05,-6.21094E-05,-6.04511E-05,-5.85557E-05,-6.84808E-05
4.274,3.96973E-05,3.83301E-05,-4.92676E-05,-6.00857E-05,-5.25217E-05,-6.67576E-05
4.276,2.99805E-05,3.76953E-05,-4.87305E-05,-5.74098E-05,-4.62847E-05,-6.50349E-05
4.278,2.35352E-05,3.7793E-05,-4.95117E-05,-5.27412E-05,-4.06274E-05,-6.31728E-05
4.28,3.19824E-05,4.49707E-05,-3.8916E-05,-4.6865E-05,-3.61151E-05,-6.11676E-05
4.282,6.21094E-05,6.98242E-05,-0.000028125,-4.07721E-05,-3.29276E-05,-5.91353E-05
4.284,5.53223E-05,5.61035E-05,-4.35059E-05,-3.53437E-05,-3.08173E-05,-5.72231E-05
4.286,6.75781E-05,5.77148E-05,-3.42773E-05,-3.11139E-05,-2.9249E-05,-5.55253E-05
4.288,7.09961E-05,5.68359E-05,-2.7832E-05,-2.81544E-05,-2.76294E-05,-5.40086E-05
4.29,6.81152E-05,6.04004E-05,-2.51465E-05,-2.61497E-05,-2.55727E-05,-5.25201E-05
4.292,4.95117E-05,4.83398E-05,-4.79492E-05,-2.45675E-05,-2.30592E-05,-5.08349E-05
4.294,5.82031E-05,5.70312E-05,-4.23828E-05,-2.28931E-05,-2.04515E-05,-4.87615E-05
4.296,6.17676E-05,7.0166E-05,-2.68066E-05,-2.08137E-05,-1.83286E-05,-4.62299E-05
4.298,7.11914E-05,7.37305E-05,-1.47461E-05,-1.83275E-05,-1.72422E-05,-4.33614E-05
4.3,7.68555E-05,6.97266E-05,-1.71875E-05,-1.56986E-05,-1.74399E-05,-4.04342E-05
4.302,9.33105E-05,7.53418E-05,-9.13086E-06,-1.33332E-05,-1.87161E-05,-3.78026E-05
4.304,7.69043E-05,5.98144E-05,-2.03613E-05,-1.16047E-05,-2.04316E-05,-3.57652E-05
4.306,8.28613E-05,6.46973E-05,-2.28027E-05,-1.07297E-05,-2.17252E-05,-3.44693E-05
4.308,7.26074E-05,5.68848E-05,-2.19238E-05,-1.06864E-05,-2.18152E-05,-3.38357E-05
4.31,6.58691E-05,5.62988E-05,-1.40137E-05,-1.12579E-05,-2.03243E-05,-3.35953E-05
4.312,6.2793E-05,5.73242E-05,-1.96289E-05,-1.21303E-05,-1.74581E-05,-3.33778E-05
4.314,8.65723E-05,7.6709E-05,-3.85742E-06,-1.30233E-05,-1.39881E-05,-3.28541E-05
4.316,8.02246E-05,7.45605E-05,-8.64258E-06,-1.37688E-05,-1.10057E-05,-3.1838E-05
4.318,7.40234E-05,7.63672E-05,-1.42578E-05,-1.43527E-05,-9.56306E-06,-3.03559E-05
4.32,7.17773E-05,7.5293E-05,-1.42578E-05,-1.4866E-05,-1.02878E-05,-2.86139E-05
4.322,8.07129E-05,8.05176E-05,-4.73633E-06,-1.54217E-05,-1.31391E-05,-2.69059E-05
4.324,6.46484E-05,6.01562E-05,-1.82617E-05,-1.60586E-05,-1.73759E-05,-2.54757E-05
4.326,6.26953E-05,5.36133E-05,-1.19141E-05,-1.67199E-05,-2.17938E-05,-2.44333E-05
4.328,7.40723E-05,5.37598E-05,7.32422E-07,-1.72692E-05,-2.51123E-05,-2.37097E-05
4.33,7.68066E-05,5.49316E-05,6.68945E-06,-1.75769E-05,-2.64145E-05,-2.31196E-05
4.332,6.15723E-05,4.87793E-05,-9.91211E-06,-1.76074E-05,-2.54503E-05,-2.24647E-05
4.334,0.000075,7.11914E-05,1.46484E-06,-1.74924E-05,-2.27306E-05,-2.16677E-05
4.336,7.08008E-05,7.23633E-05,-2.05078E-06,-1.75244E-05,-1.93513E-05,-2.08476E-05
4.338,6.12793E-05,6.4209E-05,-1.16699E-05,-1.80983E-05,-1.66386E-05,-2.03301E-05
4.34,5.52734E-05,5.5957E-05,-1.58203E-05,-1.95532E-05,-1.569E-05,-2.05303E-05
4.342,7.14355E-05,6.46973E-05,-1.41602E-06,-2.20414E-05,-1.7018E-05,-2.17983E-05
4.344,6.7041E-05,5.74707E-05,-6.5918E-06,-2.54284E-05,-2.03893E-05,-2.42398E-05
4.346,7.06055E-05,6.52344E-05,1.85547E-06,-2.92912E-05,-2.49253E-05,-2.76238E-05
4.348,5.97168E-05,6.06934E-05,-4.93164E-06,-3.29964E-05,-2.93948E-05,-3.13807E-05
4.35,4.10156E-05,4.64844E-05,-1.66016E-05,-3.58803E-05,-3.26343E-05,-3.47536E-05
4.352,1.94336E-05,2.48047E-05,-3.64258E-05,-3.74364E-05,-3.39103E-05,-3.70222E-05
4.354,4.91699E-05,5.09277E-05,-1.96777E-05,-3.74718E-05,-3.31329E-05,-3.77498E-05
4.356,5.87402E-05,5.81543E-05,-1.90918E-05,-3.61555E-05,-3.08238E-05,-3.69351E-05
4.358,5.49316E-05,5.43457E-05,-2.34863E-05,-3.39793E-05,-2.7908E-05,-3.50441E-05
4.36,5.78613E-05,5.31738E-05,-2.41699E-05,-3.16038E-05,-2.53675E-05,-3.28605E-05
4.362,7.2168E-05,6.75781E-05,-3.90624E-07,-2.96798E-05,-2.39222E-05,-3.12367E-05
4.364,4.96094E-05,5.3125E-05,-1.13281E-05,-2.86519E-05,-2.38074E-05,-3.07861E-05
4.366,4.88281E-05,5.2832E-05,-1.06445E-05,-2.86643E-05,-2.47674E-05,-3.16734E-05
4.368,4.69727E-05,4.9707E-05,-1.83594E-05,-2.95357E-05,-2.61937E-05,-3.35318E-05
4.37,5.42969E-05,5.32227E-05,-1.72852E-05,-3.0844E-05,-2.73798E-05,-3.55791E-05
4.372,4.58984E-05,4.48242E-05,-3.35937E-05,-3.20442E-05,-2.77572E-05,-3.68638E-05
4.374,5.35156E-05,5.06836E-05,-2.50977E-05,-3.26325E-05,-2.70665E-05,-3.66035E-05
4.376,5.44434E-05,5.62012E-05,-1.80176E-05,-3.2258E-05,-2.53772E-05,-3.44494E-05
4.378,6.41602E-05,6.73828E-05,-6.83594E-06,-3.08008E-05,-2.30003E-05,-3.0633E-05
4.38,6.22559E-05,6.26465E-05,-7.27539E-06,-2.83673E-05,-2.03104E-05,-2.59003E-05
4.382,6.47949E-05,6.57715E-05,2.00195E-06,-2.52499E-05,-1.75935E-05,-2.12885E-05
4.384,4.58008E-05,5.54687E-05,-8.10547E-06,-2.18335E-05,-1.49524E-05,-1.77925E-05
4.386,5.25391E-05,5.98633E-05,-2.44141E-06,-1.85271E-05,-1.23412E-05,-1.6067E-05
4.388,6.7041E-05,6.46973E-05,-2.7832E-06,-1.56732E-05,-9.64517E-06,-1.62123E-05
4.39,7.60254E-05,7.27051E-05,-1.70899E-06,-1.35004E-05,-6.81002E-06,-1.77696E-05
4.392,7.05078E-05,7.55859E-05,-9.47266E-06,-1.2116E-05,-3.94409E-06,-1.9906E-05
4.394,8.26172E-05,8.83789E-05,2.24609E-06,-1.15185E-05,-1.33523E-06,-2.17204E-05
4.396,7.29004E-05,7.86621E-05,-5.61523E-06,-1.15943E-05,6.4712E-07,-2.25399E-05
4.398,6.65527E-05,7.39746E-05,-8.05664E-06,-1.21565E-05,1.67555E-06,-2.21492E-05
4.4,6.71875E-05,7.57812E-05,-8.20313E-06,-1.29796E-05,1.60647E-06,-2.08361E-05
4.402,7.59277E-05,8.82324E-05,1.12305E-06,-1.38619E-05,5.43356E-07,-1.92824E-05
4.404,5.77148E-05,7.28516E-05,-1.26953E-05,-1.46536E-05,-1.16854E-06,-1.82911E-05
4.406,5.66406E-05,6.96289E-05,-8.20313E-06,-1.52901E-05,-3.04941E-06,-1.84937E-05
4.408,6.92871E-05,7.37793E-05,2.39258E-06,-1.57757E-05,-4.62039E-06,-2.01033E-05
4.41,8.11035E-05,7.72949E-05,7.95898E-06,-1.61628E-05,-5.55446E-06,-2.28379E-05
4.412,6.53809E-05,6.53809E-05,-2.0166E-05,-1.64909E-05,-5.73984E-06,-2.59948E-05
4.414,6.33301E-05,7.22168E-05,-1.82129E-05,-1.6751E-05,-5.27805E-06,-2.86882E-05
4.416,5.98144E-05,7.24121E-05,-1.62598E-05,-1.68513E-05,-4.39022E-06,-3.01322E-05
4.418,6.46484E-05,7.54883E-05,-1.61133E-05,-1.6641E-05,-3.31247E-06,-2.99103E-05
4.42,6.39648E-05,7.43164E-05,-2.00195E-05,-1.59486E-05,-2.18721E-06,-2.80965E-05
4.422,7.25098E-05,8.14941E-05,-3.36914E-06,-1.46623E-05,-1.03382E-06,-2.52292E-05
4.424,6.0498E-05,7.26074E-05,-8.15429E-06,-1.27973E-05,2.23211E-07,-2.21235E-05
4.426,7.19238E-05,7.90527E-05,-1.2207E-06,-1.05446E-05,1.65209E-06,-1.96241E-05
4.428,7.90039E-05,7.68555E-05,-2.92969E-07,-8.23657E-06,3.23793E-06,-1.83344E-05
4.43,7.74902E-05,8.31543E-05,-2.39258E-06,-6.27877E-06,4.82863E-06,-1.84605E-05
4.432,6.48438E-05,7.5293E-05,-1.71875E-05,-5.02568E-06,6.16763E-06,-1.9782E-05
4.434,8.02246E-05,8.37402E-05,-4.83398E-06,-4.68542E-06,6.96774E-06,-2.17727E-05
4.436,7.39746E-05,8.40332E-05,-9.61914E-06,-5.23189E-06,7.04355E-06,-2.37875E-05
4.438,6.91894E-05,8.12012E-05,-1.63574E-05,-6.41914E-06,6.39595E-06,-2.52973E-05
4.44,7.36328E-05,8.17383E-05,-1.37695E-05,-7.85244E-06,5.24415E-06,-2.60477E-05
4.442,8.47168E-05,9.21387E-05,2.44141E-07,-9.13146E-06,3.94986E-06,-2.61274E-05
4.444,6.72852E-05,7.48047E-05,-1.43555E-05,-9.97932E-06,2.89476E-06,-2.58835E-05
4.446,6.72363E-05,7.57324E-05,-1.06934E-05,-1.03443E-05,2.32883E-06,-2.57695E-05
4.448,6.25E-05,7.40234E-05,-1.23047E-05,-1.04103E-05,2.26353E-06,-2.61596E-05
4.45,6.56738E-05,7.0459E-05,-1.09863E-05,-1.05433E-05,2.43281E-06,-2.72226E-05
4.452,5.97656E-05,6.52344E-05,-2.88086E-05,-1.1137E-05,2.38851E-06,-2.88523E-05
4.454,7.63672E-05,8.41797E-05,-1.85547E-05,-1.24637E-05,1.65173E-06,-3.07183E-05
4.456,7.41211E-05,8.32031E-05,-1.54297E-05,-1.4536E-05,-9.11291E-08,-3.23763E-05
4.458,6.69434E-05,7.6416E-05,-1.50879E-05,-1.70852E-05,-2.87567E-06,-3.3434E-05
4.46,5.40527E-05,6.89941E-05,-2.12402E-05,-1.96095E-05,-6.40911E-06,-3.36698E-05
4.462,6.01562E-05,7.22656E-05,-1.00586E-05,-2.15251E-05,-1.01582E-05,-3.31063E-05
4.464,4.87793E-05,5.35644E-05,-2.23145E-05,-2.23426E-05,-1.35127E-05,-3.1978E-05
4.466,4.87793E-05,4.99512E-05,-2.22168E-05,-2.18377E-05,-1.599E-05,-3.06544E-05
4.468,5.2832E-05,4.73633E-05,-2.19727E-05,-2.01169E-05,-1.73652E-05,-2.94978E-05
4.47,6.38672E-05,4.78516E-05,-1.83594E-05,-1.76073E-05,-1.77356E-05,-2.87596E-05
4.472,7.19726E-05,5.69336E-05,-2.07031E-05,-1.49408E-05,-1.74572E-05,-2.85156E-05
4.474,8.12012E-05,7.53418E-05,-1.12305E-06,-1.2795E-05,-1.70055E-05,-2.86862E-05
4.476,6.4209E-05,6.50879E-05,-1.04004E-05,-1.17104E-05,-1.67874E-05,-2.909E-05
4.478,5.48828E-05,5.66406E-05,-1.9043E-05,-1.19771E-05,-1.70147E-05,-2.95528E-05
4.48,5.78125E-05,5.33203E-05,-2.37305E-05,-1.35883E-05,-1.76499E-05,-2.99846E-05
4.482,6.68457E-05,5.82519E-05,-1.4209E-05,-1.62876E-05,-1.84661E-05,-3.0429E-05
4.484,4.64355E-05,3.47168E-05,-2.9834E-05,-1.96494E-05,-1.91572E-05,-3.10289E-05
4.486,5.58105E-05,3.84277E-05,-2.30957E-05,-2.32104E-05,-1.94924E-05,-3.19707E-05
4.488,6.11816E-05,5.7373E-05,-1.31348E-05,-2.65582E-05,-1.94126E-05,-3.33884E-05
4.49,5.20019E-05,6.55762E-05,-1.30371E-05,-2.94057E-05,-1.90651E-05,-3.53E-05
4.492,3.63281E-05,5.50781E-05,-3.21289E-05,-3.15987E-05,-1.87328E-05,-3.75656E-05
4.494,5.15137E-05,6.79199E-05,-2.27051E-05,-3.31137E-05,-1.87313E-05,-3.99238E-05
4.496,4.54102E-05,5.6543E-05,-2.94922E-05,-3.40214E-05,-1.92763E-05,-4.20539E-05
4.498,3.58398E-05,4.52148E-05,-3.88672E-05,-3.44698E-05,-2.04193E-05,-4.36823E-05
4.5,3.63281E-05,3.90625E-05,-3.79883E-05,-3.46463E-05,-2.20317E-05,-4.46457E-05
4.502,4.45801E-05,4.42871E-05,-2.6123E-05,-3.47595E-05,-2.38699E-05,-4.4932E-05
4.504,3.38867E-05,3.63281E-05,-3.62305E-05,-3.50037E-05,-2.56645E-05,-4.46522E-05
4.506,4.51172E-05,4.59961E-05,-3.16406E-05,-3.55441E-05,-2.72348E-05,-4.40008E-05
4.508,4.43848E-05,4.81934E-05,-2.86621E-05,-3.64662E-05,-2.8529E-05,-4.31705E-05
4.51,4.44336E-05,5.52734E-05,-2.48047E-05,-3.77528E-05,-2.96187E-05,-4.23021E-05
4.512,3.20313E-05,4.45313E-05,-3.4375E-05,-3.92747E-05,-3.06271E-05,-4.14512E-05
4.514,4.0332E-05,4.27734E-05,-2.51953E-05,-4.08283E-05,-3.16575E-05,-4.06247E-05
4.516,2.72461E-05,2.86133E-05,-3.31055E-05,-4.21847E-05,-3.27213E-05,-3.98221E-05
4.518,2.54883E-05,2.53906E-05,-3.20313E-05,-4.31808E-05,-3.37386E-05,-3.91048E-05
4.52,2.56348E-05,3.05176E-05,-3.03223E-05,-4.37787E-05,-3.45776E-05,-3.86157E-05
4.522,3.94531E-05,4.53125E-05,-1.86523E-05,-4.41092E-05,-3.51461E-05,-3.85805E-05
4.524,3.16895E-05,3.35449E-05,-3.08105E-05,-4.44332E-05,-3.54618E-05,-3.92389E-05
4.526,3.75977E-05,3.71094E-05,-2.93945E-05,-4.50655E-05,-3.56946E-05,-4.07745E-05
4.528,3.05176E-05,4.06738E-05,-2.68066E-05,-4.62404E-05,-3.61188E-05,-4.3219E-05
4.53,2.82715E-05,4.04785E-05,-2.93457E-05,-4.80161E-05,-3.70284E-05,-4.64179E-05
4.532,9.76563E-06,1.92383E-05,-5.17578E-05,-5.0214E-05,-3.86078E-05,-5.00384E-05
4.534,1.11816E-05,1.78223E-05,-5.05371E-05,-5.24441E-05,-4.08383E-05,-5.36409E-05
4.536,2.83203E-05,3.21289E-05,-3.96484E-05,-5.41922E-05,-4.34548E-05,-5.67708E-05
4.538,0.000034375,3.27148E-05,-3.90625E-05,-5.49908E-05,-4.60107E-05,-5.90836E-05
4.54,2.20215E-05,1.87988E-05,-4.92676E-05,-5.45685E-05,-4.79881E-05,-6.04068E-05
4.542,2.01172E-05,1.88477E-05,-5E-05,-5.29649E-05,-4.89604E-05,-6.07706E-05
4.544,1.03516E-05,1.51367E-05,-6.23047E-05,-5.05378E-05,-4.87167E-05,-6.03597E-05
4.546,2.54395E-05,2.74902E-05,-4.78027E-05,-4.78809E-05,-4.7326E-05,-5.94484E-05
4.548,2.91992E-05,2.91992E-05,-4.29687E-05,-4.56425E-05,-4.50885E-05,-5.82922E-05
4.55,2.96387E-05,2.24121E-05,-4.29199E-05,-4.43378E-05,-4.24315E-05,-5.70668E-05
4.552,2.63184E-05,1.68457E-05,-5.04394E-05,-4.41855E-05,-3.97629E-05,-5.58383E-05
4.554,4.01855E-05,3.80371E-05,-3.62793E-05,-4.50466E-05,-3.73655E-05,-5.45944E-05
4.556,2.75879E-05,3.6084E-05,-4.31152E-05,-4.64579E-05,-3.53344E-05,-5.32863E-05
4.558,2.3291E-05,3.93066E-05,-4.62402E-05,-4.77864E-05,-3.36149E-05,-5.19025E-05
4.56,2.25586E-05,3.78906E-05,-4.62891E-05,-4.84214E-05,-3.20922E-05,-5.05056E-05
4.562,2.54883E-05,4.07227E-05,-3.36914E-05,-4.79777E-05,-3.07173E-05,-4.92471E-05
4.564,1.49414E-05,2.77344E-05,-4.43359E-05,-4.64086E-05,-2.95726E-05,-4.83112E-05
4.566,2.63184E-05,3.09082E-05,-3.9209E-05,-4.40249E-05,-2.88835E-05,-4.78567E-05
4.568,3.90625E-05,3.89648E-05,-3.125E-05,-4.1395E-05,-2.89313E-05,-4.7946E-05
4.57,4.08691E-05,4.53613E-05,-2.87598E-05,-3.91916E-05,-2.99391E-05,-4.85194E-05
4.572,3.11523E-05,3.71094E-05,-4.67773E-05,-3.79889E-05,-3.19332E-05,-4.9391E-05
4.574,4.22363E-05,4.33105E-05,-3.76465E-05,-3.81175E-05,-3.46843E-05,-5.0307E-05
4.576,2.99805E-05,3.04687E-05,-4.31641E-05,-3.95725E-05,-3.77243E-05,-5.10072E-05
4.578,2.43652E-05,2.10449E-05,-4.65332E-05,-4.20448E-05,-4.04779E-05,-5.13074E-05
4.58,1.83594E-05,1.5332E-05,-5.03906E-05,-4.50053E-05,-4.24252E-05,-5.11296E-05
4.582,2.27051E-05,1.99707E-05,-4.12598E-05,-4.78485E-05,-4.3278E-05,-5.05051E-05
4.584,1.95801E-05,2.0752E-05,-3.76465E-05,-5.00291E-05,-4.30681E-05,-4.95261E-05
4.586,3.17383E-05,3.48633E-05,-2.25586E-05,-5.11883E-05,-4.2137E-05,-4.83019E-05
4.588,3.05664E-05,3.67187E-05,-2.94922E-05,-5.11939E-05,-4.10004E-05,-4.6894E-05
4.59,1.6748E-05,2.39746E-05,-4.12598E-05,-5.01423E-05,-4.01637E-05,-4.53028E-05
4.592,1.14258E-05,1.29883E-05,-5.22461E-05,-4.83013E-05,-3.99297E-05,-4.34776E-05
4.594,3.33984E-05,3.33984E-05,-3.20312E-05,-4.60448E-05,-4.0296E-05,-4.13797E-05
4.596,2.62695E-05,2.66602E-05,-2.79297E-05,-4.37616E-05,-4.09469E-05,-3.903E-05
4.598,2.31445E-05,2.24609E-05,-2.59766E-05,-4.17915E-05,-4.13862E-05,-3.65573E-05
4.6,2.52441E-05,1.87988E-05,-2.7002E-05,-4.03628E-05,-4.11253E-05,-3.41919E-05
4.602,3.72559E-05,3.39355E-05,-1.29395E-05,-3.95748E-05,-3.98887E-05,-3.2232E-05
4.604,2.99316E-05,2.3877E-05,-2.3877E-05,-3.93814E-05,-3.77313E-05,-3.09478E-05
4.606,3.68164E-05,3.16406E-05,-2.17773E-05,-3.96199E-05,-3.50579E-05,-3.05037E-05
4.608,3.83789E-05,3.78906E-05,-2.10937E-05,-4.00312E-05,-3.24931E-05,-3.08833E-05
4.61,2.86133E-05,3.71094E-05,-2.12891E-05,-4.0326E-05,-3.069E-05,-3.18801E-05
4.612,1.47949E-05,2.21191E-05,-3.56934E-05,-4.0254E-05,-3.01165E-05,-3.31428E-05
4.614,2.86621E-05,3.59863E-05,-2.66113E-05,-3.96808E-05,-3.0913E-05,-3.42766E-05
4.616,3.5498E-05,4.02832E-05,-2.57324E-05,-3.86374E-05,-3.28496E-05,-3.49432E-05
4.618,3.58398E-05,3.25195E-05,-2.34375E-05,-3.73377E-05,-3.54255E-05,-3.49637E-05
4.62,3.33984E-05,2.24609E-05,-2.31445E-05,-3.61286E-05,-3.80342E-05,-3.43501E-05
4.622,4.02832E-05,2.56348E-05,-1.3916E-05,-3.54226E-05,-4.01741E-05,-3.32964E-05
4.624,2.85645E-05,1.77246E-05,-2.76855E-05,-3.55904E-05,-4.16058E-05,-3.2103E-05
4.626,3.33984E-05,2.58789E-05,-2.59766E-05,-3.68533E-05,-4.24197E-05,-3.10969E-05
4.628,2.86621E-05,2.15332E-05,-2.87598E-05,-3.91831E-05,-4.2957E-05,-3.05198E-05
4.63,2.73437E-05,1.75781E-05,-2.75391E-05,-4.22951E-05,-4.36665E-05,-3.04787E-05
4.632,1.48437E-05,1.41602E-05,-2.76367E-05,-4.57037E-05,-4.49201E-05,-3.09305E-05
4.634,2.91504E-05,2.81738E-05,-8.44727E-06,-4.88487E-05,-4.68765E-05,-3.1734E-05
4.636,2.0166E-05,1.84082E-05,-1.87012E-05,-5.12301E-05,-4.9404E-05,-3.26968E-05
4.638,1.45508E-05,1.24023E-05,-2.67578E-05,-5.25655E-05,-5.21398E-05,-3.36509E-05
4.64,1.43066E-05,3.4668E-06,-3.03223E-05,-5.28618E-05,-5.46173E-05,-3.44866E-05
4.642,2.13379E-05,6.98242E-06,-2.50488E-05,-5.24116E-05,-5.64304E-05,-3.51698E-05
4.644,6.78711E-06,-1.80664E-06,-3.82324E-05,-5.16868E-05,-5.73478E-05,-3.57039E-05
4.646,1.3916E-05,4.3457E-06,-3.25684E-05,-5.11984E-05,-5.73801E-05,-3.61003E-05
4.648,2.5E-05,1.26953E-05,-2.59766E-05,-5.1318E-05,-5.67365E-05,-3.6338E-05
4.65,2.35352E-05,1.62109E-05,-1.96289E-05,-5.21616E-05,-5.5732E-05,-3.63645E-05
4.652,3.85742E-06,4.15039E-06,-2.89551E-05,-5.35425E-05,-5.4653E-05,-3.61089E-05
4.654,1.52832E-05,1.20605E-05,-1.9873E-05,-5.5037E-05,-5.36706E-05,-3.55319E-05
4.656,1.50391E-05,1.05469E-05,-2.83203E-05,-5.61209E-05,-5.28048E-05,-3.46587E-05
4.658,8.1543E-06,7.76367E-06,-3.43262E-05,-5.63692E-05,-5.1974E-05,-3.36113E-05
4.66,9.86328E-06,8.49609E-06,-3.24219E-05,-5.55988E-05,-5.10692E-05,-3.25844E-05
4.662,1.69922E-05,1.38672E-05,-2.12891E-05,-5.39528E-05,-5.00549E-05,-3.18016E-05
4.664,9.96094E-06,8.78906E-06,-2.80273E-05,-5.18596E-05,-4.90145E-05,-3.14347E-05
4.666,2.10449E-05,1.41113E-05,-1.97754E-05,-4.99088E-05,-4.81488E-05,-3.15461E-05
4.668,2.36328E-05,1.86523E-05,-1.72852E-05,-4.86278E-05,-4.76823E-05,-3.20362E-05
4.67,2.3877E-05,2.62207E-05,-1.4209E-05,-4.83013E-05,-4.7763E-05,-3.26711E-05
4.672,6.15234E-06,9.76563E-06,-3.60352E-05,-4.8847E-05,-4.83642E-05,-3.31455E-05
4.674,1.33789E-05,8.98437E-06,-3.33984E-05,-4.9831E-05,-4.92609E-05,-3.31964E-05
4.676,1.9873E-05,7.95898E-06,-2.68066E-05,-5.05912E-05,-5.00651E-05,-3.26936E-05
4.678,1.7627E-05,8.74023E-06,-2.82715E-05,-5.0478E-05,-5.03555E-05,-3.1718E-05
4.68,1.86035E-05,1.21582E-05,-2.53418E-05,-4.90805E-05,-4.98238E-05,-3.05571E-05
4.682,3.01758E-05,2.29492E-05,-9.96094E-06,-4.64115E-05,-4.84129E-05,-2.9637E-05
4.684,1.7041E-05,1.02051E-05,-2.23145E-05,-4.29381E-05,-4.63511E-05,-2.93757E-05
4.686,2.36816E-05,1.7334E-05,-2.09473E-05,-3.94768E-05,-4.41019E-05,-3.00502E-05
4.688,2.94434E-05,2.18262E-05,-2.6123E-05,-3.69536E-05,-4.22278E-05,-3.16842E-05
4.69,2.74414E-05,2.01172E-05,-2.82227E-05,-3.61206E-05,-4.12144E-05,-3.40179E-05
4.692,2.1582E-05,1.19141E-05,-4.20898E-05,-3.72825E-05,-4.12858E-05,-3.6544E-05
4.694,3.33496E-05,2.11426E-05,-3.20801E-05,-4.01769E-05,-4.23246E-05,-3.86485E-05
4.696,2.72461E-05,1.95312E-05,-2.80273E-05,-4.40124E-05,-4.38874E-05,-3.97664E-05
4.698,1.81641E-05,2.05078E-05,-2.69531E-05,-4.77031E-05,-4.53465E-05,-3.95573E-05
4.7,1.61621E-05,1.56738E-05,-3.00293E-05,-5.01723E-05,-4.60742E-05,-3.79883E-05
4.702,2.12402E-05,1.51855E-05,-2.43652E-05,-5.06711E-05,-4.56399E-05,-3.53423E-05
4.704,5.9082E-06,6.5918E-06,-3.30566E-05,-4.89787E-05,-4.39338E-05,-3.21185E-05
4.706,1.29395E-05,1.83105E-05,-2.6123E-05,-4.54532E-05,-4.12074E-05,-2.88941E-05
4.708,2.48535E-05,2.36816E-05,-2.0459E-05,-4.08715E-05,-3.79719E-05,-2.61484E-05
4.71,3.1543E-05,2.80273E-05,-1.83594E-05,-3.61677E-05,-3.48402E-05,-2.41485E-05
4.712,3.2666E-05,2.58301E-05,-2.23145E-05,-3.21279E-05,-3.23333E-05,-2.29004E-05
4.714,4.63867E-05,4.16016E-05,-6.15235E-06,-2.91704E-05,-3.07378E-05,-2.22075E-05
4.716,3.73535E-05,3.03223E-05,-9.13086E-06,-2.72596E-05,-3.00344E-05,-2.17715E-05
4.718,3.58887E-05,2.53418E-05,-1.48926E-05,-2.60213E-05,-2.99475E-05,-2.13382E-05
4.72,3.67676E-05,2.3877E-05,-1.94824E-05,-2.49653E-05,-3.0064E-05,-2.07955E-05
4.722,4.76563E-05,2.86133E-05,-1.14258E-05,-2.37532E-05,-3.00024E-05,-2.02207E-05
4.724,3.41797E-05,2.16797E-05,-2.37305E-05,-2.23701E-05,-2.95387E-05,-1.98224E-05
4.726,3.50586E-05,3.18359E-05,-2.11914E-05,-2.1162E-05,-2.86781E-05,-1.98449E-05
4.728,4.51172E-05,4.28711E-05,-1.2207E-05,-2.06818E-05,-2.76248E-05,-2.0434E-05
4.73,5.09766E-05,4.29687E-05,-5.85938E-06,-2.14395E-05,-2.66948E-05,-2.15543E-05
4.732,4.0332E-05,2.87109E-05,-1.55273E-05,-2.36187E-05,-2.61799E-05,-2.29629E-05
4.734,4.42383E-05,3.33984E-05,-8.10547E-06,-2.69104E-05,-2.62404E-05,-2.42833E-05
4.736,3.05664E-05,2.60742E-05,-2.10938E-05,-3.0524E-05,-2.68467E-05,-2.51317E-05
4.738,2.66602E-05,2.26563E-05,-2.55859E-05,-3.34283E-05,-2.78137E-05,-2.52858E-05
4.74,2.90039E-05,2.5293E-05,-2.77344E-05,-3.47E-05,-2.88741E-05,-2.47778E-05
4.742,2.96875E-05,3.42773E-05,-2.5293E-05,-3.38927E-05,-2.97866E-05,-2.39187E-05
4.744,2.37793E-05,2.97363E-05,-2.48535E-05,-3.12714E-05,-3.04162E-05,-2.32128E-05
4.746,3.99414E-05,3.97461E-05,-6.93359E-06,-2.78254E-05,-3.07877E-05,-2.32119E-05
4.748,4.71191E-05,3.62793E-05,-2.39258E-06,-2.49831E-05,-3.10387E-05,-2.43119E-05
4.75,4.39941E-05,2.45605E-05,-9.91211E-06,-2.41638E-05,-3.13491E-05,-2.6608E-05
4.752,2.1582E-05,7.71485E-06,-3.4082E-05,-2.62713E-05,-3.18368E-05,-2.98269E-05
4.754,2.55371E-05,1.68457E-05,-4.12598E-05,-3.13345E-05,-3.24996E-05,-3.34032E-05
4.756,3.14941E-05,2.6416E-05,-3.62793E-05,-3.84097E-05,-3.31914E-05,-3.6627E-05
4.758,2.44141E-05,2.96875E-05,-3.70117E-05,-4.58271E-05,-3.36845E-05,-3.88698E-05
4.76,2.28027E-05,3.54004E-05,-3.28613E-05,-5.16788E-05,-3.37609E-05,-3.97729E-05
4.762,1.10352E-05,3.75E-05,-2.2168E-05,-5.44227E-05,-3.33258E-05,-3.9362E-05
4.764,-1.3916E-05,1.47949E-05,-3.35449E-05,-5.337E-05,-3.2453E-05,-3.80173E-05
4.766,4.39453E-06,1.83594E-05,-3.03711E-05,-4.89201E-05,-3.13891E-05,-3.63459E-05
4.768,2.85644E-05,2.45605E-05,-2.52441E-05,-4.24282E-05,-3.04748E-05,-3.49636E-05
4.77,3.43262E-05,2.70019E-05,-2.66113E-05,-3.57695E-05,-3.00239E-05,-3.42927E-05
4.772,2.49023E-05,1.91406E-05,-4.51172E-05,-3.07217E-05,-3.01848E-05,-3.44179E-05
4.774,4.1748E-05,3.2959E-05,-3.51074E-05,-2.84035E-05,-3.08679E-05,-3.50799E-05
4.776,3.99902E-05,3.46191E-05,-3.13965E-05,-2.89351E-05,-3.17437E-05,-3.57651E-05
4.778,2.73926E-05,2.82715E-05,-2.2998E-05,-3.1475E-05,-3.23588E-05,-3.59079E-05
4.78,2.09473E-05,1.91895E-05,-2.30957E-05,-3.45635E-05,-3.22854E-05,-3.50904E-05
4.782,3.02246E-05,2.84668E-05,-2.0752E-05,-3.66916E-05,-3.12969E-05,-3.32007E-05
4.784,1.86035E-05,2.29004E-05,-3.37402E-05,-3.68552E-05,-2.94829E-05,-3.04747E-05
4.786,2.3291E-05,2.7002E-05,-2.62207E-05,-3.49333E-05,-2.72832E-05,-2.74365E-05
4.788,2.85645E-05,2.76855E-05,-2.2998E-05,-3.17131E-05,-2.53787E-05,-2.47167E-05
4.79,3.35938E-05,2.93945E-05,-2.43164E-05,-2.85943E-05,-2.45024E-05,-2.28549E-05
4.792,3.13477E-05,3.06641E-05,-2.35352E-05,-2.70657E-05,-2.52089E-05,-2.21385E-05
4.794,4.84375E-05,4.11133E-05,-3.02735E-06,-2.81572E-05,-2.76896E-05,-2.25366E-05
4.796,3.54492E-05,2.5E-05,-1.09375E-05,-3.20388E-05,-3.16737E-05,-2.37272E-05
4.798,1.61133E-05,0.00001875,-2.06055E-05,-3.79562E-05,-3.64863E-05,-2.52363E-05
4.8,1.17676E-05,1.71387E-05,-2.59277E-05,-4.44833E-05,-4.12166E-05,-2.66029E-05
4.802,1.45996E-05,1.35254E-05,-2.42676E-05,-5.0019E-05,-4.49828E-05,-2.75367E-05
4.804,-4.10156E-06,-3.61328E-06,-3.54492E-05,-5.33255E-05,-4.71756E-05,-2.79752E-05
4.806,3.90625E-07,-2.14844E-06,-2.93945E-05,-5.39535E-05,-4.7635E-05,-2.80708E-05
4.808,1.39648E-05,7.51953E-06,-1.91406E-05,-5.23604E-05,-4.66787E-05,-2.80786E-05
4.81,2.44141E-05,2.39258E-05,-1.16211E-05,-4.97222E-05,-4.50037E-05,-2.82318E-05
4.812,8.59375E-06,1.77734E-05,-2.48047E-05,-4.74867E-05,-4.3466E-05,-2.86266E-05
4.814,1.64062E-05,2.20703E-05,-1.86523E-05,-4.68593E-05,-4.28323E-05,-2.91883E-05
4.816,1.21582E-05,1.09863E-05,-2.62207E-05,-4.83848E-05,-4.35584E-05,-2.97032E-05
4.818,5.46875E-06,5.85938E-07,-3.37891E-05,-5.18023E-05,-4.56867E-05,-2.99378E-05
4.82,1.75781E-06,-6.44531E-06,-3.67187E-05,-5.61736E-05,-4.88577E-05,-2.97517E-05
4.822,6.49414E-06,-8.30078E-07,-2.22168E-05,-6.02658E-05,-5.24636E-05,-2.9194E-05
4.824,-9.76563E-06,-2.14844E-06,-2.11914E-05,-6.29987E-05,-5.58485E-05,-2.84978E-05
4.826,-9.13086E-06,9.81445E-06,-1.93848E-05,-6.38244E-05,-5.85137E-05,-2.80099E-05
4.828,-8.93555E-06,2.68555E-06,-2.58301E-05,-6.28748E-05,-6.0241E-05,-2.80455E-05
4.83,5.41992E-06,-4.3457E-06,-1.92871E-05,-6.08588E-05,-6.11163E-05,-2.87485E-05
4.832,6.68945E-06,-1.20605E-05,-2.68066E-05,-5.87501E-05,-6.14476E-05,-3.00027E-05
4.834,1.62598E-05,-7.86133E-06,-2.48535E-05,-5.74048E-05,-6.16292E-05,-3.14549E-05
4.836,-2.29492E-06,-1.97754E-05,-3.85254E-05,-5.72211E-05,-6.19602E-05,-3.26031E-05
4.838,-7.51953E-06,-1.26953E-05,-3.35937E-05,-5.80297E-05,-6.25414E-05,-3.29822E-05
4.84,-7.4707E-06,-5.22461E-06,-2.83691E-05,-5.9201E-05,-6.32391E-05,-3.23359E-05
4.842,3.27148E-06,3.36914E-06,-1.69434E-05,-5.99344E-05,-6.37454E-05,-3.07321E-05
4.844,-2.53906E-06,-8.98437E-06,-2.64648E-05,-5.95958E-05,-6.36902E-05,-2.85501E-05
4.846,4.83398E-06,-7.47071E-06,-2.21191E-05,-5.79978E-05,-6.27861E-05,-2.6379E-05
4.848,5.76172E-06,-7.03125E-06,-2.14844E-05,-5.54721E-05,-6.09283E-05,-2.48093E-05
4.85,6.98242E-06,-8.44727E-06,-2.11426E-05,-5.27423E-05,-5.82494E-05,-2.4227E-05
4.852,1.80664E-06,-1.35254E-05,-2.73926E-05,-5.06267E-05,-5.50772E-05,-2.46635E-05
4.854,1.34766E-05,-3.90623E-07,-1.95312E-05,-4.97172E-05,-5.18535E-05,-2.57851E-05
4.856,1.23535E-05,9.32617E-06,-2.27051E-05,-5.01295E-05,-4.90182E-05,-2.70021E-05
4.858,8.54492E-06,1.63574E-05,-2.23145E-05,-5.14577E-05,-4.69189E-05,-2.76906E-05
4.86,4.88282E-07,1.31836E-05,-2.32422E-05,-5.29135E-05,-4.57344E-05,-2.74184E-05
4.862,6.25E-06,1.15234E-05,-1.73828E-05,-5.36258E-05,-4.54655E-05,-2.61185E-05
4.864,5.37108E-07,-2.09961E-06,-2.82715E-05,-5.29687E-05,-4.59599E-05,-2.41246E-05
4.866,1.09863E-05,1.41601E-06,-2.11426E-05,-5.08114E-05,-4.69763E-05,-2.20802E-05
4.868,1.12793E-05,9.27734E-07,-1.78223E-05,-4.75583E-05,-4.82223E-05,-2.07019E-05
4.87,7.8125E-06,-1.5625E-06,-1.73828E-05,-4.40147E-05,-4.94038E-05,-2.0526E-05
4.872,1.15723E-05,2.09961E-06,-2.14355E-05,-4.10845E-05,-5.02442E-05,-2.16946E-05
4.874,3.06152E-05,1.7334E-05,-1.1377E-05,-3.94489E-05,-5.05084E-05,-2.38891E-05
4.876,2.66602E-05,9.86328E-06,-1.99219E-05,-3.93015E-05,-5.00098E-05,-2.64032E-05
4.878,1.76758E-05,3.32031E-06,-2.62695E-05,-4.02804E-05,-4.86446E-05,-2.83705E-05
4.88,1.21582E-05,1.2207E-06,-2.94434E-05,-4.15953E-05,-4.64221E-05,-2.90412E-05
4.882,1.77246E-05,6.98242E-06,-2.16309E-05,-4.23117E-05,-4.34921E-05,-2.80362E-05
4.884,1.5625E-06,-3.90626E-07,-3.39844E-05,-4.16705E-05,-4.01357E-05,-2.54642E-05
4.886,8.69141E-06,1.16211E-05,-2.58789E-05,-3.9348E-05,-3.67355E-05,-2.18917E-05
4.888,2.66602E-05,2.50977E-05,-8.98438E-06,-3.55457E-05,-3.36928E-05,-1.81425E-05
4.89,3.72559E-05,3.13965E-05,-2.44142E-07,-3.09102E-05,-3.13338E-05,-1.50336E-05
4.892,3.31055E-05,2.22656E-05,-1.07422E-05,-2.62965E-05,-2.98083E-05,-1.31081E-05
4.894,4.79492E-05,2.91992E-05,-6.64062E-06,-2.24795E-05,-2.90338E-05,-1.24793E-05
4.896,3.97461E-05,2.28516E-05,-1.15234E-05,-1.99061E-05,-2.8688E-05,-1.28197E-05
4.898,2.70508E-05,1.5918E-05,-1.17188E-05,-1.86007E-05,-2.82979E-05,-1.35187E-05
4.9,2.65137E-05,1.55762E-05,-2.00684E-05,-1.82017E-05,-2.73612E-05,-1.39131E-05
4.902,3.49609E-05,2.41211E-05,-1.29883E-05,-1.81442E-05,-2.55017E-05,-1.354E-05
4.904,3.35449E-05,2.71973E-05,-1.31348E-05,-1.78789E-05,-2.25878E-05,-1.22896E-05
4.906,4.93652E-05,4.52637E-05,-1.61133E-06,-1.70735E-05,-1.87987E-05,-1.04317E-05
4.908,5.26855E-05,4.34082E-05,1.90429E-06,-1.56997E-05,-1.45893E-05,-8.4975E-06
4.91,4.90234E-05,3.98438E-05,1.07422E-06,-1.3997E-05,-1.05794E-05,-7.06506E-06
4.912,4.05273E-05,3.89648E-05,-8.20313E-06,-1.23341E-05,-7.38233E-06,-6.53497E-06
4.914,4.77051E-05,4.7998E-05,-5.90821E-06,-1.10294E-05,-5.43692E-06,-6.98382E-06
4.916,3.85742E-05,0.000040625,-1.06445E-05,-1.01952E-05,-4.86673E-06,-8.1241E-06
4.918,3.39355E-05,3.76465E-05,-8.54492E-06,-9.70741E-06,-5.44736E-06,-9.41157E-06
4.92,3.94043E-05,4.18457E-05,-1.1084E-05,-9.26595E-06,-6.66182E-06,-1.02369E-05
4.922,6.07422E-05,5.80078E-05,-1.66016E-06,-8.5367E-06,-7.85049E-06,-1.01448E-05
4.924,5.62012E-05,4.56543E-05,-6.20117E-06,-7.29345E-06,-8.38216E-06,-8.97209E-06
4.926,5.81055E-05,4.29687E-05,-2.14844E-06,-5.53727E-06,-7.8333E-06,-6.9017E-06
4.928,5.63965E-05,4.27246E-05,1.51367E-06,-3.50857E-06,-6.09254E-06,-4.37808E-06
4.93,4.85351E-05,4.44336E-05,1.17188E-06,-1.61264E-06,-3.3887E-06,-1.95899E-06
4.932,4.12109E-05,4.3457E-05,-6.93359E-06,-2.70047E-07,-2.09356E-07,-1.2743E-07
4.934,4.79492E-05,4.92187E-05,-5.85938E-07,2.31775E-07,2.83409E-06,8.44271E-07
4.936,5.90332E-05,6.03027E-05,7.86133E-06,-1.4551E-07,5.17955E-06,9.57085E-07
4.938,6.21094E-05,6.40625E-05,7.42188E-06,-1.18031E-06,6.45382E-06,4.28248E-07
4.94,6.09863E-05,5.97168E-05,1.61133E-06,-2.45002E-06,6.57319E-06,-4.09559E-07
4.942,6.43555E-05,5.88867E-05,3.125E-06,-3.46999E-06,5.74538E-06,-1.23907E-06
4.944,4.77051E-05,4.28223E-05,-4.05273E-06,-3.83316E-06,4.40778E-06,-1.84808E-06
4.946,4.00391E-05,5.20508E-05,2.83203E-06,-3.32562E-06,3.09936E-06,-2.16744E-06
4.948,4.19922E-05,5.83008E-05,-3.51563E-06,-1.94295E-06,2.34204E-06,-2.21364E-06
4.95,5.12207E-05,5.19043E-05,-4.83399E-06,1.40464E-07,2.50491E-06,-2.0271E-06
4.952,5.68848E-05,4.47754E-05,-5.32227E-06,2.65604E-06,3.72689E-06,-1.60309E-06
4.954,7.86621E-05,5.85449E-05,1.38184E-05,5.32312E-06,5.89284E-06,-8.77148E-07
4.956,7.30957E-05,6.13769E-05,1.05957E-05,7.92381E-06,8.67938E-06,2.45638E-07
4.958,6.51367E-05,6.69922E-05,4.6875E-06,1.03019E-05,1.1624E-05,1.80113E-06
4.96,6.26465E-05,6.77246E-05,-2.4414E-07,1.23356E-05,1.42317E-05,3.69196E-06
4.962,6.36719E-05,6.74805E-05,6.05469E-06,1.3884E-05,1.60643E-05,5.64672E-06
4.964,5.4248E-05,5.03418E-05,-2.29492E-06,1.4785E-05,1.68311E-05,7.27622E-06
4.966,6.76758E-05,5.66406E-05,6.15234E-06,1.48771E-05,1.64394E-05,8.18583E-06
4.968,7.78809E-05,7.02637E-05,1.60645E-05,1.40709E-05,1.50194E-05,8.13567E-06
4.97,7.60254E-05,7.42676E-05,2.21191E-05,1.24266E-05,1.28984E-05,7.16602E-06
4.972,5.92285E-05,6.19629E-05,5.81055E-06,1.02094E-05,1.05502E-05,5.64752E-06
4.974,6.34277E-05,5.40527E-05,5.71289E-06,7.86799E-06,8.49965E-06,4.19757E-06
4.976,7.11426E-05,5.44434E-05,7.4707E-06,5.94457E-06,7.2204E-06,3.50118E-06
4.978,6.41601E-05,6.00586E-05,8.39844E-06,4.90154E-06,7.01646E-06,4.06444E-06
4.98,4.26758E-05,4.91211E-05,-3.71094E-06,4.96318E-06,7.95933E-06,6.02209E-06
4.982,5.10254E-05,5.55176E-05,5.81055E-06,5.99313E-06,9.85512E-06,9.03403E-06
4.984,5.68848E-05,5.68848E-05,1.21582E-05,7.48779E-06,1.22702E-05,1.23496E-05
4.986,6.80664E-05,6.89453E-05,1.8457E-05,8.69338E-06,1.46108E-05,1.50094E-05
4.988,7.06543E-05,7.20215E-05,2.20215E-05,8.85999E-06,1.62686E-05,1.61655E-05
4.99,7.2998E-05,6.99707E-05,3.2666E-05,7.49553E-06,1.67567E-05,1.5361E-05
4.992,6.0498E-05,6.02051E-05,1.69434E-05,4.57609E-06,1.5835E-05,1.27107E-05
4.994,5.45898E-05,6.28906E-05,5.76172E-06,5.93808E-07,1.35592E-05,8.89246E-06
4.996,0.000034375,4.54102E-05,-7.8125E-06,-3.54651E-06,1.02739E-05,4.96617E-06
4.998,3.30078E-05,4.58984E-05,-5.46875E-06,-6.79653E-06,6.51125E-06,2.04942E-06
5,4.76563E-05,5.99609E-05,6.25E-06,-8.29318E-06,2.84699E-06,9.73671E-07
5.002,6.40625E-05,6.43555E-05,1.71875E-05,-7.66599E-06,-2.63345E-07,2.01704E-06
5.004,5.19043E-05,4.29199E-05,7.08008E-06,-5.18862E-06,-2.59671E-06,4.82891E-06
5.006,5.18555E-05,3.87695E-05,8.10547E-06,-1.73578E-06,-4.21085E-06,8.54218E-06
5.008,5.4541E-05,4.28223E-05,1.41113E-05,1.47147E-06,-5.39391E-06,1.20655E-05
5.01,5.09277E-05,3.95996E-05,1.91895E-05,3.22567E-06,-6.55403E-06,1.44252E-05
5.012,3.97949E-05,2.9248E-05,6.78711E-06,2.71341E-06,-8.06075E-06,1.50688E-05
5.014,5.5957E-05,3.84766E-05,1.45508E-05,-2.37291E-07,-1.01113E-05,1.40013E-05
5.016,5.55664E-05,3.64258E-05,1.36719E-05,-5.10843E-06,-1.26546E-05,1.17396E-05
5.018,5.35156E-05,3.80859E-05,1.33789E-05,-1.0881E-05,-1.54175E-05,9.07811E-06
5.02,3.79883E-05,3.41797E-05,1.11328E-05,-1.63582E-05,-1.79938E-05,6.79113E-06
5.022,3.07617E-05,3.26172E-05,1.26953E-05,-2.05501E-05,-1.99981E-05,5.34671E-06
5.024,2.09961E-05,2.23633E-05,8.78905E-07,-2.29652E-05,-2.12035E-05,4.76134E-06
5.026,2.50977E-05,1.94336E-05,1.66016E-06,-2.37338E-05,-2.16404E-05,4.62242E-06
5.028,2.9834E-05,1.91895E-05,4.63867E-06,-2.34948E-05,-2.15837E-05,4.29241E-06
5.03,2.54883E-05,1.9043E-05,1.26953E-06,-2.31204E-05,-2.14632E-05,3.18964E-06
5.032,2.80273E-05,2.30469E-05,1.90735E-12,-2.33677E-05,-2.17088E-05,1.0553E-06
5.034,3.9502E-05,3.80371E-05,8.83789E-06,-2.46055E-05,-2.25981E-05,-1.91338E-06
5.036,3.06641E-05,3.36914E-05,8.78908E-07,-2.66713E-05,-2.41311E-05,-5.07819E-06
5.038,2.27051E-05,2.23145E-05,-4.73633E-06,-2.89522E-05,-2.60156E-05,-7.56271E-06
5.04,2.05078E-05,1.20117E-05,-7.8125E-06,-3.06342E-05,-2.77518E-05,-8.55424E-06
5.042,2.53906E-05,1.51367E-05,-9.57031E-06,-3.10258E-05,-2.87998E-05,-7.60244E-06
5.044,8.1543E-06,4.83398E-06,-1.88965E-05,-2.9818E-05,-2.8756E-05,-4.78764E-06
5.046,1.39648E-05,1.57227E-05,-4.10156E-06,-2.72315E-05,-2.75156E-05,-7.3853E-07
5.048,2.90039E-05,2.77344E-05,1.19141E-05,-2.39357E-05,-2.53182E-05,3.55596E-06
5.05,4.13574E-05,3.2666E-05,2.12402E-05,-2.08141E-05,-2.26936E-05,7.03736E-06
5.052,3.88184E-05,2.56348E-05,1.53809E-05,-1.86415E-05,-2.02984E-05,8.90937E-06
5.054,4.62402E-05,3.19824E-05,9.03321E-06,-1.78087E-05,-1.87146E-05,8.87359E-06
5.056,3.71582E-05,2.7002E-05,4.15039E-06,-1.81813E-05,-1.82624E-05,7.20761E-06
5.058,2.12402E-05,2.30957E-05,-6.34763E-07,-1.91724E-05,-1.8918E-05,4.64875E-06
5.06,1.82617E-05,2.09961E-05,-2.34375E-06,-1.99593E-05,-2.03176E-05,2.14657E-06
5.062,2.91504E-05,2.09473E-05,-2.44139E-07,-1.97948E-05,-2.1881E-05,5.51252E-07
5.064,3.07129E-05,1.77246E-05,1.46486E-07,-1.8286E-05,-2.29975E-05,3.55018E-07
5.066,4.43359E-05,2.97852E-05,1.08398E-05,-1.55566E-05,-2.3221E-05,1.55047E-06
5.068,4.89746E-05,3.14941E-05,1.29395E-05,-1.21959E-05,-2.23829E-05,3.6776E-06
5.07,4.47266E-05,2.69531E-05,9.66797E-06,-9.05579E-06,-2.0619E-05,5.9969E-06
5.072,3.83301E-05,2.14355E-05,5.37111E-07,-6.9434E-06,-1.82834E-05,7.75471E-06
5.074,4.73145E-05,3.2666E-05,8.54492E-06,-6.34958E-06,-1.58138E-05,8.41975E-06
5.076,4.36523E-05,2.92969E-05,6.15235E-06,-7.27431E-06,-1.35621E-05,7.84248E-06
5.078,3.49609E-05,2.55859E-05,2.14844E-06,-9.23921E-06,-1.16831E-05,6.26948E-06
5.08,3.72559E-05,3.35449E-05,4.34571E-06,-1.14557E-05,-1.01014E-05,4.23392E-06
5.082,4.36035E-05,4.35059E-05,1.15723E-05,-1.30957E-05,-8.57932E-06,2.35929E-06
5.084,3.19336E-05,3.66211E-05,-7.81248E-07,-1.35491E-05,-6.83717E-06,1.16911E-06
5.086,4.07227E-05,4.88281E-05,5.17578E-06,-1.25958E-05,-4.68683E-06,9.40252E-07
5.088,5.07324E-05,5.06348E-05,1.0791E-05,-1.04178E-05,-2.11891E-06,1.66654E-06
5.09,4.53613E-05,4.24316E-05,2.29492E-06,-7.47524E-06,6.76291E-07,3.11482E-06
5.092,3.13477E-05,2.88086E-05,-1.29883E-05,-4.28878E-06,3.38336E-06,4.95547E-06
5.094,5.1123E-05,4.83887E-05,8.64258E-06,-1.23372E-06,5.68257E-06,6.89324E-06
5.096,5.77148E-05,5.6543E-05,1.52344E-05,1.59032E-06,7.39178E-06,8.7682E-06
5.098,5.72754E-05,5.96191E-05,1.56738E-05,4.34356E-06,8.53688E-06,1.05603E-05
5.1,5.27832E-05,5.88379E-05,1.40137E-05,7.33033E-06,9.36412E-06,1.23513E-05
5.102,6.33301E-05,6.29394E-05,2.0166E-05,1.08071E-05,1.02645E-05,1.42306E-05
5.104,6.33789E-05,5.17578E-05,1.25E-05,1.48247E-05,1.16541E-05,1.62177E-05
5.106,7.37793E-05,5.26855E-05,1.59668E-05,1.91504E-05,1.38345E-05,1.82074E-05
5.108,7.48535E-05,5.88379E-05,1.90918E-05,2.33331E-05,1.69081E-05,1.99995E-05
5.11,7.04101E-05,5.94727E-05,1.81641E-05,2.68623E-05,2.07542E-05,2.13703E-05
5.112,7.50488E-05,6.53809E-05,2.06543E-05,2.93743E-05,2.50814E-05,2.2177E-05
5.114,8.73047E-05,8.0957E-05,3.03711E-05,3.07988E-05,2.95207E-05,2.24215E-05
5.116,8.64746E-05,8.12012E-05,2.68066E-05,3.14104E-05,3.37425E-05,2.22777E-05
5.118,8.09082E-05,8.49121E-05,2.23145E-05,3.17206E-05,3.75154E-05,2.203E-05
5.12,8.28613E-05,9.13574E-05,2.19238E-05,3.2278E-05,4.07183E-05,2.19721E-05
5.122,8.9209E-05,9.5166E-05,2.82715E-05,3.34391E-05,4.3297E-05,2.22894E-05
5.124,7.50488E-05,7.56348E-05,1.57715E-05,3.52033E-05,4.5202E-05,2.29829E-05
5.126,7.56348E-05,7.38769E-05,1.46973E-05,3.71718E-05,4.63442E-05,2.38558E-05
5.128,9.5459E-05,8.9209E-05,2.60254E-05,3.86717E-05,4.66006E-05,2.45869E-05
5.13,9.93652E-05,9.63379E-05,3.37402E-05,3.89971E-05,4.58678E-05,2.48506E-05
5.132,8.27148E-05,9.33594E-05,2.23633E-05,3.77086E-05,4.41725E-05,2.44676E-05
5.134,8.4668E-05,9.44336E-05,2.86133E-05,3.48373E-05,4.17501E-05,2.34925E-05
5.136,7.73438E-05,8.45703E-05,2.70508E-05,3.09501E-05,3.90747E-05,2.22275E-05
5.138,8.41309E-05,8.17871E-05,2.27051E-05,2.70153E-05,3.67781E-05,2.11315E-05
5.14,7.99805E-05,7.45117E-05,1.96289E-05,2.41381E-05,3.55057E-05,2.06749E-05
5.142,6.83105E-05,6.96777E-05,1.40137E-05,2.32152E-05,3.5717E-05,2.11622E-05
5.144,5.83496E-05,6.93848E-05,1.23535E-05,2.46503E-05,3.75138E-05,2.26178E-05
5.146,7.34863E-05,8.75488E-05,2.69043E-05,2.82103E-05,4.05508E-05,2.4758E-05
5.148,9.01855E-05,9.89746E-05,3.43262E-05,3.30993E-05,4.41047E-05,2.70814E-05
5.15,9.38477E-05,9.93164E-05,3.83789E-05,3.81836E-05,4.72556E-05,2.90189E-05
5.152,9.26758E-05,9.12109E-05,3.34961E-05,4.23211E-05,4.91535E-05,3.01184E-05
5.154,0.000102588,9.25293E-05,3.44238E-05,4.46733E-05,4.92815E-05,3.01855E-05
5.156,9.35059E-05,8.35449E-05,2.09473E-05,4.49259E-05,4.76399E-05,2.93481E-05
5.158,8.08594E-05,7.63672E-05,1.62109E-05,4.33189E-05,4.4753E-05,2.79927E-05
5.16,8.34961E-05,8.36914E-05,2.44141E-05,4.05133E-05,4.15062E-05,2.66158E-05
5.162,9.08691E-05,9.24316E-05,3.44238E-05,3.73418E-05,3.88582E-05,2.56327E-05
5.164,7.95898E-05,8.24219E-05,2.58789E-05,3.45482E-05,3.75311E-05,2.52364E-05
5.166,8.6377E-05,8.85254E-05,3.2373E-05,3.25675E-05,3.77646E-05,2.53253E-05
5.168,8.71582E-05,8.37402E-05,3.30566E-05,3.14551E-05,3.92465E-05,2.55591E-05
5.17,8.24707E-05,7.84668E-05,2.33887E-05,3.09346E-05,4.12129E-05,2.5495E-05
5.172,7.32422E-05,6.98242E-05,1.24023E-05,3.0558E-05,4.27122E-05,2.47729E-05
5.174,7.36816E-05,7.77832E-05,1.58691E-05,2.9881E-05,4.29225E-05,2.32688E-05
5.176,7.44141E-05,8.82813E-05,2.20703E-05,2.8603E-05,4.14271E-05,2.11735E-05
5.178,8.03711E-05,9.6582E-05,2.92969E-05,2.66109E-05,3.83399E-05,1.89423E-05
5.18,7.58789E-05,8.75977E-05,2.43164E-05,2.39562E-05,3.42555E-05,1.71534E-05
5.182,7.24121E-05,7.50488E-05,1.96777E-05,2.07705E-05,3.00298E-05,1.63162E-05
5.184,6.53809E-05,6.12793E-05,1.46973E-05,1.71837E-05,2.64829E-05,1.66996E-05
5.186,5.69824E-05,5.50293E-05,1.41113E-05,1.32787E-05,2.41185E-05,1.82223E-05
5.188,4.72168E-05,5.19043E-05,1.1084E-05,9.13338E-06,2.29839E-05,2.0485E-05
5.19,5.61035E-05,6.47949E-05,2.13379E-05,4.90164E-06,2.26975E-05,2.2895E-05
5.192,5.17578E-05,6.85547E-05,2.20703E-05,8.87718E-07,2.26373E-05,2.48471E-05
5.194,5.78125E-05,8.1543E-05,3.51563E-05,-2.44317E-06,2.21925E-05,2.59049E-05
5.196,4.55566E-05,7.10449E-05,3.55957E-05,-4.52118E-06,2.1019E-05,2.59308E-05
5.198,3.44727E-05,5.76172E-05,2.71484E-05,-4.83793E-06,1.91602E-05,2.50885E-05
5.2,4.10156E-05,5.18555E-05,2.56836E-05,-3.15013E-06,1.70171E-05,2.37577E-05
5.202,5.52246E-05,5.63965E-05,2.02637E-05,3.46858E-07,1.51667E-05,2.23791E-05
5.204,4.89258E-05,4.62891E-05,8.30078E-06,4.9603E-06,1.41155E-05,2.13039E-05
5.206,4.99023E-05,5.01953E-05,9.57032E-06,9.58741E-06,1.40631E-05,2.06853E-05
5.208,6.12793E-05,5.99121E-05,2.15332E-05,1.2964E-05,1.47941E-05,2.04557E-05
5.21,7.06055E-05,6.51367E-05,3.37891E-05,1.40043E-05,1.5724E-05,2.03844E-05
5.212,6.09375E-05,6.08398E-05,2.66602E-05,1.21336E-05,1.61024E-05,2.01977E-05
5.214,5.98633E-05,6.14258E-05,2.69531E-05,7.48202E-06,1.52737E-05,1.96918E-05
5.216,4.7168E-05,5.21484E-05,1.82617E-05,8.96015E-07,1.29273E-05,1.88167E-05
5.218,3.71582E-05,4.78027E-05,1.27441E-05,-6.27732E-06,9.21518E-06,1.76753E-05
5.22,3.19824E-05,4.42871E-05,9.03321E-06,-1.25479E-05,4.7201E-06,1.6468E-05
5.222,3.00293E-05,3.90137E-05,8.25195E-06,-1.66954E-05,2.67198E-07,1.53978E-05
5.224,2.58301E-05,3.07129E-05,9.22852E-06,-1.81039E-05,-3.34455E-06,1.4584E-05
5.226,3.39844E-05,3.85742E-05,1.97266E-05,-1.69214E-05,-5.60445E-06,1.40094E-05
5.228,3.76953E-05,4.16992E-05,2.22656E-05,-1.39738E-05,-6.4331E-06,1.35433E-05
5.23,4.07715E-05,3.78418E-05,2.3291E-05,-1.04725E-05,-6.1719E-06,1.3012E-05
5.232,3.71094E-05,3.00781E-05,1.24023E-05,-7.62424E-06,-5.42886E-06,1.22922E-05
5.234,4.31641E-05,3.88672E-05,9.86329E-06,-6.26069E-06,-4.83982E-06,1.13804E-05
5.236,3.81836E-05,3.76953E-05,2.34375E-06,-6.5857E-06,-4.82356E-06,1.04274E-05
5.238,3.04688E-05,3.16406E-05,-7.81246E-07,-8.1538E-06,-5.44585E-06,9.68917E-06
5.24,3.51562E-05,3.04688E-05,4.29688E-06,-1.00618E-05,-6.41612E-06,9.4317E-06
5.242,4.77051E-05,3.78418E-05,2.09473E-05,-1.12824E-05,-7.22086E-06,9.82439E-06
5.244,3.63769E-05,2.9834E-05,1.7041E-05,-1.10127E-05,-7.32702E-06,1.0878E-05
5.246,3.87695E-05,3.70117E-05,1.80664E-05,-8.95166E-06,-6.40797E-06,1.24176E-05
5.248,4.18457E-05,4.04785E-05,1.3623E-05,-5.38358E-06,-4.46545E-06,1.41394E-05
5.25,4.07715E-05,3.83301E-05,1.1084E-05,-1.07136E-06,-1.82991E-06,1.57119E-05
5.252,4.47266E-05,3.4082E-05,9.27734E-06,3.02695E-06,9.7083E-07,1.68993E-05
5.254,5.53711E-05,3.96484E-05,1.69922E-05,6.08781E-06,3.4138E-06,1.76405E-05
5.256,5.37598E-05,4.73144E-05,1.64551E-05,7.70551E-06,5.1944E-06,1.80785E-05
5.258,6.04004E-05,5.44434E-05,2.27051E-05,8.01301E-06,6.34914E-06,1.85009E-05
5.26,5.99121E-05,5.32715E-05,2.40723E-05,7.62819E-06,7.25505E-06,1.9236E-05
5.262,6.04004E-05,5.40527E-05,2.84668E-05,7.43611E-06,8.50395E-06,2.05327E-05
5.264,4.88281E-05,4.15039E-05,1.97266E-05,8.2894E-06,1.06955E-05,2.24741E-05
5.266,4.21387E-05,4.00879E-05,1.23535E-05,1.07178E-05,1.42099E-05,2.49386E-05
5.268,5.68359E-05,5.56641E-05,2.43164E-05,1.47701E-05,1.90669E-05,2.76486E-05
5.27,7.15332E-05,6.94824E-05,3.13965E-05,2.00141E-05,2.48958E-05,3.02649E-05
5.272,7.84668E-05,7.97363E-05,3.47168E-05,2.56974E-05,3.10344E-05,3.24972E-05
5.274,8.94531E-05,8.86719E-05,4.39453E-05,3.10053E-05,3.67147E-05,3.4184E-05
5.276,8.42773E-05,8.05664E-05,3.86719E-05,3.53414E-05,4.13017E-05,3.53332E-05
5.278,8.02734E-05,7.70508E-05,3.38867E-05,3.85056E-05,4.44714E-05,3.60862E-05
5.28,7.96387E-05,7.78809E-05,2.88574E-05,4.07199E-05,4.62856E-05,3.66414E-05
5.282,8.61328E-05,9.02344E-05,3.52539E-05,4.25051E-05,4.7152E-05,3.71544E-05
5.284,8.06152E-05,8.30566E-05,3.34473E-05,4.44562E-05,4.76848E-05,3.76823E-05
5.286,9.31641E-05,8.41797E-05,3.90625E-05,4.69833E-05,4.85092E-05,3.816E-05
5.288,0.000109668,9.48242E-05,4.53125E-05,5.01363E-05,5.00779E-05,3.84406E-05
5.29,0.000111328,9.80469E-05,4.23828E-05,5.35444E-05,5.25401E-05,3.83704E-05
5.292,0.000100146,9.55566E-05,3.20801E-05,5.65249E-05,5.57156E-05,3.78695E-05
5.294,0.000103369,0.000104053,4.06738E-05,5.83134E-05,5.91621E-05,3.69842E-05
5.296,9.86328E-05,0.000102246,3.80859E-05,5.83457E-05,6.23169E-05,3.589E-05
5.298,9.33594E-05,9.85352E-05,3.18359E-05,5.64756E-05,6.4649E-05,3.48257E-05
5.3,9.42383E-05,9.64844E-05,2.62695E-05,5.30743E-05,6.58012E-05,3.40124E-05
5.302,0.000100098,0.000100195,3.13477E-05,4.89673E-05,6.5678E-05,3.35717E-05
5.304,9.79492E-05,0.000102051,3.44727E-05,4.52219E-05,6.44618E-05,3.34826E-05
5.306,9.52148E-05,0.000109766,4.0625E-05,4.28345E-05,6.25501E-05,3.35816E-05
5.308,9.08203E-05,0.000112891,3.92578E-05,4.24497E-05,6.04574E-05,3.36429E-05
5.31,9.01367E-05,0.00010293,3.45703E-05,4.41757E-05,5.86908E-05,3.34766E-05
5.312,8.52051E-05,8.75488E-05,2.37793E-05,4.7535E-05,5.76172E-05,3.29994E-05
5.314,9.31152E-05,8.8916E-05,2.92481E-05,5.15908E-05,5.73761E-05,3.22702E-05
5.316,9.52148E-05,8.96484E-05,3.23242E-05,5.52125E-05,5.78606E-05,3.1479E-05
5.318,0.000100049,9.61426E-05,3.05176E-05,5.73701E-05,5.87471E-05,3.08678E-05
5.32,0.000112256,0.000105518,3.13965E-05,5.7406E-05,5.95853E-05,3.06335E-05
5.322,0.00011709,0.000108203,3.73047E-05,5.51932E-05,5.99159E-05,3.08472E-05
5.324,9.27246E-05,9.64355E-05,3.10059E-05,5.11473E-05,5.94036E-05,3.14261E-05
5.326,8.58887E-05,9.36035E-05,2.78809E-05,4.60907E-05,5.79315E-05,3.2157E-05
5.328,8.46191E-05,9.43848E-05,3.02246E-05,4.10224E-05,5.56431E-05,3.27855E-05
5.33,8.24707E-05,9.15527E-05,3.75488E-05,3.6848E-05,5.29035E-05,3.31152E-05
5.332,7.30957E-05,8.51074E-05,2.86621E-05,3.41574E-05,5.02031E-05,3.30816E-05
5.334,7.1875E-05,8.38867E-05,2.85156E-05,3.31004E-05,4.80151E-05,3.27799E-05
5.336,8.17871E-05,8.27637E-05,3.80371E-05,3.33828E-05,4.66482E-05,3.24241E-05
5.338,9.04785E-05,9.09668E-05,3.65723E-05,3.43675E-05,4.61343E-05,3.22389E-05
5.34,8.93555E-05,8.98437E-05,3.00781E-05,3.52665E-05,4.62044E-05,3.23453E-05
5.342,8.48144E-05,8.8623E-05,3.48145E-05,3.53325E-05,4.6338E-05,3.26642E-05
5.344,7.23633E-05,7.91016E-05,3.01758E-05,3.40384E-05,4.59051E-05,3.29036E-05
5.346,6.38184E-05,7.56348E-05,2.94434E-05,3.11766E-05,4.43375E-05,3.26179E-05
5.348,6.61621E-05,7.57324E-05,2.77832E-05,2.68919E-05,4.13059E-05,3.13493E-05
5.35,6.68945E-05,7.56836E-05,2.69531E-05,2.16242E-05,3.68231E-05,2.87949E-05
5.352,6.87988E-05,7.44629E-05,2.78809E-05,1.59779E-05,3.12462E-05,2.49312E-05
5.354,6.55762E-05,6.99707E-05,2.76855E-05,1.05671E-05,2.51726E-05,2.00647E-05
5.356,4.81934E-05,5.32715E-05,1.45996E-05,5.88544E-06,1.92796E-05,1.47915E-05
5.358,4.47266E-05,5.36133E-05,1.05469E-05,2.19667E-06,1.41301E-05,9.84771E-06
5.36,4.66309E-05,4.86816E-05,2.68555E-06,-5.15079E-07,1.00168E-05,5.91184E-06
5.362,4.65332E-05,4.42871E-05,1.70898E-06,-2.52573E-06,6.89509E-06,3.41752E-06
5.364,3.2959E-05,3.37402E-05,-2.7832E-06,-4.28081E-06,4.42679E-06,2.44478E-06
5.366,3.0127E-05,3.49121E-05,-1.2207E-06,-6.26439E-06,2.11163E-06,2.71191E-06
5.368,3.75488E-05,4.21387E-05,7.08008E-06,-8.86026E-06,-5.3327E-07,3.67765E-06
5.37,3.81836E-05,3.98438E-05,9.375E-06,-1.2242E-05,-3.81209E-06,4.70976E-06
5.372,3.04687E-05,3.38867E-05,6.34765E-06,-1.63142E-05,-7.76034E-06,5.27451E-06
5.374,2.14844E-05,2.80273E-05,8.30078E-06,-2.07347E-05,-1.21498E-05,5.07554E-06
5.376,2.53418E-05,2.0459E-05,6.98242E-06,-2.50004E-05,-1.65708E-05,4.11188E-06
5.378,2.2168E-05,1.00586E-05,-5.85937E-07,-2.85993E-05,-2.05882E-05,2.62547E-06
5.38,1.03516E-05,7.32422E-06,-8.39844E-06,-3.11657E-05,-2.38903E-05,9.80138E-07
5.382,2.53906E-06,8.00781E-06,-6.54297E-06,-3.25992E-05,-2.63852E-05,-4.88632E-07
5.384,4.6875E-06,1.12305E-05,-1.17188E-06,-3.31083E-05,-2.82136E-05,-1.59547E-06
5.386,1.48437E-05,1.41602E-05,0.00000625,-3.31667E-05,-2.96891E-05,-2.36497E-06
5.388,1.69434E-05,1.25488E-05,3.27148E-06,-3.33711E-05,-3.11669E-05,-2.99283E-06
5.39,1.0498E-05,8.05664E-06,-4.93164E-06,-3.42651E-05,-3.29142E-05,-3.75243E-06
5.392,6.5918E-06,-4.3457E-06,-8.74023E-06,-3.61777E-05,-3.50157E-05,-4.8763E-06
5.394,1.52344E-05,-0.00000625,-4.6875E-06,-3.91216E-05,-3.73576E-05,-6.46049E-06
5.396,2.83203E-06,-4.58984E-06,-1.10352E-05,-4.27698E-05,-3.96734E-05,-8.40981E-06
5.398,-1.21582E-05,-5.22461E-06,-1.59668E-05,-4.6548E-05,-4.16521E-05,-1.04642E-05
5.4,-1.32813E-05,-4.39453E-06,-1.5918E-05,-4.9795E-05,-4.30478E-05,-1.2281E-05
5.402,-5.71289E-06,-2.00195E-06,-8.54492E-06,-5.19539E-05,-4.37634E-05,-1.35465E-05
5.404,-4.93164E-06,-5.61523E-06,-1.05957E-05,-5.27273E-05,-4.38665E-05,-1.40718E-05
5.406,-1.41602E-06,-6.78711E-06,-1.0791E-05,-5.2157E-05,-4.35487E-05,-1.38563E-05
5.408,-5.17578E-06,-7.91016E-06,-1.42578E-05,-5.05962E-05,-4.30393E-05,-1.30803E-05
5.41,-5.9082E-06,-5.61523E-06,-1.27441E-05,-4.8606E-05,-4.25203E-05,-1.20557E-05
5.412,-1.17187E-05,-8.88672E-06,-1.66992E-05,-4.67892E-05,-4.20684E-05,-1.11407E-05
5.414,-2.44141E-06,-6.25E-06,-1.45508E-05,-4.56327E-05,-4.16534E-05,-1.06548E-05
5.416,5.81055E-06,-3.66211E-06,-8.44727E-06,-4.53916E-05,-4.11796E-05,-1.08103E-05
5.418,1.66016E-06,4.88282E-07,-9.08203E-06,-4.60471E-05,-4.05641E-05,-1.16783E-05
5.42,-5.81055E-06,-3.75977E-06,-1.08887E-05,-4.73499E-05,-3.98106E-05,-1.31924E-05
5.422,-4.49219E-06,-1.95313E-06,-9.47266E-06,-4.89231E-05,-3.90472E-05,-1.51705E-05
5.424,-1.00586E-05,-2.44141E-06,-2.28516E-05,-5.03792E-05,-3.85046E-05,-1.73471E-05
5.426,-1.18652E-05,-3.17383E-06,-2.37793E-05,-5.14286E-05,-3.84524E-05,-1.94211E-05
5.428,-4.63867E-06,-3.95508E-06,-2.53418E-05,-5.19282E-05,-3.9095E-05,-2.10864E-05
5.43,-6.29883E-06,-9.7168E-06,-2.41699E-05,-5.18795E-05,-4.04869E-05,-2.20764E-05
5.432,-1.11816E-05,-6.88477E-06,-1.97754E-05,-5.13939E-05,-4.24973E-05,-2.22162E-05
5.434,-3.80859E-06,-9.76572E-08,-1.44531E-05,-5.06414E-05,-4.4839E-05,-2.14786E-05
5.436,-2.58789E-06,-4.54102E-06,-1.43066E-05,-4.9792E-05,-4.71309E-05,-2.00106E-05
5.438,-2.73438E-06,-1.28906E-05,-1.94336E-05,-4.8995E-05,-4.90045E-05,-1.81416E-05
5.44,-3.71094E-06,-2.01172E-05,-2.1582E-05,-4.83746E-05,-5.02075E-05,-1.63392E-05
5.442,-5.32227E-06,-1.95801E-05,-1.72363E-05,-4.80346E-05,-5.06603E-05,-1.51124E-05
5.444,-1.61133E-05,-2.01172E-05,-2.27539E-05,-4.80641E-05,-5.04559E-05,-1.48779E-05
5.446,-1.54785E-05,-1.51855E-05,-2.33887E-05,-4.85402E-05,-4.9821E-05,-1.58426E-05
5.448,-3.27149E-06,-5.22461E-06,-1.28418E-05,-4.95052E-05,-4.90342E-05,-1.79171E-05
5.45,1.0498E-05,-1.31836E-06,-2.58789E-06,-5.09417E-05,-4.83517E-05,-2.07114E-05
5.452,4.8828E-07,-1.33789E-05,-1.98242E-05,-5.27509E-05,-4.79556E-05,-2.36218E-05
5.454,-1.4502E-05,-2.09473E-05,-3.55957E-05,-5.47538E-05,-4.79469E-05,-2.59966E-05
5.456,-1.21094E-05,-9.86328E-06,-2.87109E-05,-5.67185E-05,-4.83682E-05,-2.73243E-05
5.458,-2.71484E-05,-1.30859E-05,-3.07617E-05,-5.84235E-05,-4.92522E-05,-2.7416E-05
5.46,-2.89551E-05,-1.7627E-05,-3.09082E-05,-5.97205E-05,-5.06573E-05,-2.64883E-05
5.462,-1.91895E-05,-2.47559E-05,-2.85645E-05,-6.0589E-05,-5.2663E-05,-2.51214E-05
5.464,-1.3623E-05,-2.23145E-05,-2.44629E-05,-6.11569E-05,-5.53263E-05,-2.41001E-05
5.466,-7.17773E-06,-1.47949E-05,-1.86035E-05,-6.16852E-05,-5.86293E-05,-2.41875E-05
5.468,-7.76367E-06,-1.71387E-05,-1.83105E-05,-6.25021E-05,-6.24256E-05,-2.58875E-05
5.47,-1.68945E-05,-2.73437E-05,-2.27539E-05,-6.39213E-05,-6.64271E-05,-2.92783E-05
5.472,-2.99316E-05,-3.97949E-05,-4.14551E-05,-6.61615E-05,-7.02445E-05,-3.39798E-05
5.474,-3.66211E-05,-4.29687E-05,-4.9707E-05,-6.9292E-05,-7.34779E-05,-3.92643E-05
5.476,-3.64746E-05,-4.66309E-05,-4.04785E-05,-7.31986E-05,-7.58242E-05,-4.42645E-05
5.478,-4.01367E-05,-4.6875E-05,-4.85352E-05,-7.76187E-05,-7.71897E-05,-4.82304E-05
5.48,-3.66211E-05,-3.97461E-05,-5.57617E-05,-8.2205E-05,-7.77515E-05,-5.07464E-05
5.482,-3.13477E-05,-3.51562E-05,-5.10742E-05,-8.6598E-05,-7.79336E-05,-5.1832E-05
5.484,-4.17969E-05,-4.04297E-05,-4.86328E-05,-9.04861E-05,-7.8302E-05,-5.18948E-05
5.486,-4.65332E-05,-4.14551E-05,-4.65332E-05,-9.36513E-05,-7.94052E-05,-5.15692E-05
5.488,-5.19531E-05,-4.375E-05,-4.78516E-05,-9.59817E-05,-8.15941E-05,-5.14908E-05
5.49,-6.06445E-05,-5.35156E-05,-5.23437E-05,-9.7467E-05,-8.48975E-05,-5.2083E-05
5.492,-7.05078E-05,-6.44531E-05,-6.26953E-05,-9.81729E-05,-8.89794E-05,-5.34261E-05
5.494,-6.41602E-05,-6.42578E-05,-6.41602E-05,-9.82146E-05,-9.32055E-05,-5.52601E-05
5.496,-4.37988E-05,-5.55176E-05,-5.38574E-05,-9.77299E-05,-9.67976E-05,-5.70985E-05
5.498,-4.29199E-05,-5.69824E-05,-5.12207E-05,-9.68665E-05,-9.9044E-05,-5.84199E-05
5.5,-5.18555E-05,-6.24023E-05,-5.81055E-05,-9.57731E-05,-9.94967E-05,-5.88533E-05
5.502,-5.00977E-05,-6.48437E-05,-5.66406E-05,-9.45849E-05,-9.81018E-05,-5.82942E-05
5.504,-4.9707E-05,-6.11328E-05,-5.63477E-05,-9.34114E-05,-9.52247E-05,-5.69184E-05
5.506,-5.27344E-05,-5.67383E-05,-5.84961E-05,-9.23227E-05,-9.15571E-05,-5.50956E-05
5.508,-5.19043E-05,-5.2002E-05,-5.53223E-05,-9.13174E-05,-8.79131E-05,-5.32232E-05
5.51,-6.11328E-05,-5.60547E-05,-5.80078E-05,-9.03194E-05,-8.50089E-05,-5.15755E-05
5.512,-4.91211E-05,-5.30273E-05,-5.16602E-05,-8.92004E-05,-8.32763E-05,-5.02205E-05
5.514,-3.32031E-05,-4.93164E-05,-4.17969E-05,-8.78105E-05,-8.27499E-05,-4.90231E-05
5.516,-3.20313E-05,-4.10156E-05,-4.19922E-05,-8.60185E-05,-8.30665E-05,-4.77359E-05
5.518,-3.6377E-05,-4.01855E-05,-4.32129E-05,-8.3766E-05,-8.35914E-05,-4.61444E-05
5.52,-4.42383E-05,-4.96094E-05,-4.75586E-05,-8.11105E-05,-8.3622E-05,-4.41946E-05
5.522,-4.33105E-05,-5.2002E-05,-4.81934E-05,-7.82265E-05,-8.26021E-05,-4.20519E-05
5.524,-3.94043E-05,-5.18066E-05,-4.60449E-05,-7.53662E-05,-8.02856E-05,-4.00606E-05
5.526,-3.36914E-05,-4.92188E-05,-4.35547E-05,-7.27847E-05,-7.68006E-05,-3.86183E-05
5.528,-2.0166E-05,-3.5498E-05,-3.12012E-05,-7.06563E-05,-7.25899E-05,-3.80096E-05
5.53,-1.80664E-05,-2.67578E-05,-2.82227E-05,-6.89998E-05,-6.8253E-05,-3.82677E-05
5.532,-3.07617E-05,-2.96875E-05,-4.12109E-05,-6.76331E-05,-6.43396E-05,-3.91199E-05
5.534,-2.60254E-05,-2.36816E-05,-4.2627E-05,-6.61963E-05,-6.11628E-05,-4.00557E-05
5.536,-1.54785E-05,-2.34863E-05,-3.74512E-05,-6.4244E-05,-5.86974E-05,-4.04915E-05
5.538,-1.78711E-05,-2.60742E-05,-4.11133E-05,-6.13888E-05,-5.66015E-05,-3.99883E-05
5.54,-1.88477E-05,-2.32422E-05,-4.38477E-05,-5.74492E-05,-5.43512E-05,-3.84334E-05
5.542,-1.60156E-05,-2.11914E-05,-4.23828E-05,-5.25449E-05,-5.14503E-05,-3.61147E-05
5.544,-1.12305E-05,-1.82617E-05,-3.4668E-05,-4.71208E-05,-4.76411E-05,-3.3665E-05
5.546,6.83594E-06,-2.05078E-06,-2.76367E-05,-4.18804E-05,-4.30481E-05,-3.18845E-05
5.548,1.45508E-05,5.07813E-06,-2.64648E-05,-3.76111E-05,-3.8189E-05,-3.14802E-05
5.55,8.88672E-06,4.00391E-06,-2.79297E-05,-3.49571E-05,-3.38413E-05,-3.28164E-05
5.552,5.12695E-06,-1.02539E-06,-3.50098E-05,-3.42206E-05,-3.08029E-05,-3.57717E-05
5.554,4.6875E-06,-2.34375E-06,-4.14062E-05,-3.52465E-05,-2.96218E-05,-3.97482E-05
5.556,-1.80664E-06,-1.31836E-06,-4.8291E-05,-3.74225E-05,-3.03768E-05,-4.38222E-05
5.558,-2.68555E-06,-2.88086E-06,-5.63965E-05,-3.98259E-05,-3.25947E-05,-4.70062E-05
5.56,6.44531E-06,-9.76558E-08,-5.13672E-05,-4.14703E-05,-3.53415E-05,-4.85333E-05
5.562,8.15429E-06,5.32226E-06,-4.15527E-05,-4.15837E-05,-3.74718E-05,-4.80761E-05
5.564,2.58789E-06,7.32422E-07,-4.09668E-05,-3.98279E-05,-3.79605E-05,-4.58247E-05
5.566,4.63867E-06,1.2207E-06,-4.03809E-05,-3.64043E-05,-3.62241E-05,-4.24156E-05
5.568,1.11816E-05,1.31836E-06,-3.59863E-05,-3.19902E-05,-3.23228E-05,-3.87301E-05
5.57,1.55762E-05,1.51367E-06,-3.28613E-05,-2.7531E-05,-2.69809E-05,-3.5633E-05
5.572,1.26953E-05,3.90625E-07,-4.24805E-05,-2.39495E-05,-2.14022E-05,-3.374E-05
5.574,9.7168E-06,6.68945E-06,-4.39941E-05,-2.18655E-05,-1.69345E-05,-3.32831E-05
5.576,1.90918E-05,2.54395E-05,-3.31543E-05,-2.14157E-05,-1.4681E-05,-3.40973E-05
5.578,2.53906E-05,3.02734E-05,-2.92969E-05,-2.22351E-05,-1.51774E-05,-3.57425E-05
5.58,2.88086E-05,2.09961E-05,-3.35937E-05,-2.36004E-05,-1.82227E-05,-3.7683E-05
5.582,3.05176E-05,1.49902E-05,-3.42285E-05,-2.46886E-05,-2.29238E-05,-3.94734E-05
5.584,1.73828E-05,6.83594E-06,-3.96484E-05,-2.48641E-05,-2.79458E-05,-4.08852E-05
5.586,2.88086E-06,-7.4707E-06,-4.87793E-05,-2.39053E-05,-3.18899E-05,-4.19364E-05
5.588,7.56836E-06,-1.17676E-05,-4.96582E-05,-2.20736E-05,-3.36792E-05,-4.28201E-05
5.59,1.45996E-05,-6.29883E-06,-4.86816E-05,-2.0013E-05,-3.28439E-05,-4.37683E-05
5.592,2.34375E-05,3.41797E-06,-4.47266E-05,-1.85142E-05,-2.96241E-05,-4.49175E-05
5.594,3.74023E-05,1.85547E-05,-3.80859E-05,-1.82256E-05,-2.48656E-05,-4.62217E-05
5.596,3.63281E-05,2.48047E-05,-3.47656E-05,-1.93973E-05,-1.9743E-05,-4.74317E-05
5.598,2.3291E-05,2.27051E-05,-4.62402E-05,-2.17629E-05,-1.54032E-05,-4.81634E-05
5.6,1.29883E-05,1.69922E-05,-6.15234E-05,-2.45927E-05,-1.26402E-05,-4.80161E-05
5.602,1.14746E-05,1.68457E-05,-5.28809E-05,-2.69082E-05,-1.16889E-05,-4.67074E-05
5.604,5.56641E-06,1.65039E-05,-4.44336E-05,-2.77798E-05,-1.21985E-05,-4.41551E-05
5.606,3.07617E-06,1.26465E-05,-4.42871E-05,-2.66145E-05,-1.33959E-05,-4.0507E-05
5.608,1.5332E-05,1.28906E-05,-3.07617E-05,-2.33456E-05,-1.43723E-05,-3.61092E-05
5.61,2.8418E-05,1.9043E-05,-2.31445E-05,-1.84494E-05,-1.43893E-05,-3.14219E-05
5.612,3.7793E-05,2.67578E-05,-2.46094E-05,-1.28102E-05,-1.31114E-05,-2.69138E-05
5.614,4.86816E-05,3.41309E-05,-2.54395E-05,-7.4646E-06,-1.06907E-05,-2.29702E-05
5.616,4.64844E-05,3.52539E-05,-1.98242E-05,-3.31127E-06,-7.69319E-06,-1.98348E-05
5.618,3.39355E-05,2.65137E-05,-2.03613E-05,-8.90063E-07,-4.89599E-06,-1.76012E-05
5.62,2.21191E-05,1.51855E-05,-2.31934E-05,-2.7744E-07,-3.01183E-06,-1.62301E-05
5.622,2.95898E-05,1.74805E-05,-1.93359E-05,-1.11806E-06,-2.44542E-06,-1.55835E-05
5.624,4.08203E-05,2.55859E-05,-8.88672E-06,-2.78415E-06,-3.16809E-06,-1.54584E-05
5.626,4.26269E-05,3.02246E-05,-1.47949E-05,-4.59689E-06,-4.7467E-06,-1.56152E-05
5.628,4.35059E-05,3.61816E-05,-1.51855E-05,-6.03688E-06,-6.51132E-06,-1.5812E-05
5.63,4.31152E-05,3.75488E-05,-1.09863E-05,-6.88111E-06,-7.81048E-06,-1.58316E-05
5.632,3.53027E-05,2.68066E-05,-1.40137E-05,-7.23503E-06,-8.26018E-06,-1.55217E-05
5.634,3.14453E-05,2.09961E-05,-1.50391E-05,-7.45916E-06,-7.89964E-06,-1.4839E-05
5.636,2.75391E-05,1.97266E-05,-1.71875E-05,-8.02695E-06,-7.19873E-06,-1.38778E-05
5.638,2.30469E-05,1.71875E-05,-2.08008E-05,-9.37205E-06,-6.91677E-06,-1.28712E-05
5.64,2.58789E-05,1.99219E-05,-1.61133E-05,-1.17598E-05,-7.84443E-06,-1.21484E-05
5.642,3.21289E-05,2.32422E-05,-7.71484E-06,-1.52133E-05,-1.05127E-05,-1.20476E-05
5.644,2.77344E-05,1.83594E-05,-7.71484E-06,-1.95036E-05,-1.49667E-05,-1.28002E-05
5.646,1.78223E-05,1.54785E-05,-1.21582E-05,-2.42011E-05,-2.06916E-05,-1.44269E-05
5.648,1.54785E-05,1.7627E-05,-1.23535E-05,-2.87708E-05,-2.67196E-05,-1.66856E-05
5.65,1.07422E-05,8.69141E-06,-1.5625E-05,-3.26714E-05,-3.18943E-05,-1.90993E-05
5.652,-3.41797E-06,-1.40625E-05,-0.00003125,-3.54393E-05,-3.52028E-05,-2.10577E-05
5.654,-2.88086E-06,-1.95801E-05,-3.36426E-05,-3.67636E-05,-3.60807E-05,-2.19849E-05
5.656,1.26953E-05,6.83594E-07,-1.58203E-05,-3.65408E-05,-3.4594E-05,-2.1521E-05
5.658,8.1543E-06,3.07617E-06,-1.4209E-05,-3.49011E-05,-3.14368E-05,-1.96518E-05
5.66,7.32422E-06,4.19922E-06,-1.36719E-05,-3.21995E-05,-2.77343E-05,-1.67438E-05
5.662,1.35742E-05,8.69141E-06,-0.000009375,-2.89612E-05,-2.47065E-05,-1.34552E-05
5.664,1.91406E-05,1.2207E-05,-1.49414E-05,-2.58059E-05,-2.33153E-05,-1.05571E-05
5.666,1.52344E-05,1.10352E-05,-1.38672E-05,-2.33455E-05,-2.39924E-05,-8.71439E-06
5.668,1.34766E-05,6.83594E-06,-8.59375E-06,-2.20553E-05,-2.65301E-05,-8.27938E-06
5.67,1.46484E-05,-1.36719E-06,-9.66797E-06,-2.21699E-05,-3.01751E-05,-9.18521E-06
5.672,1.91895E-05,-7.37304E-06,-1.03027E-05,-2.36198E-05,-3.38801E-05,-1.09696E-05
5.674,2.41699E-05,-5.81055E-06,-9.13086E-06,-2.60335E-05,-3.66359E-05,-1.2925E-05
5.676,1.38672E-05,-4.98047E-06,-1.14258E-05,-2.88122E-05,-3.77684E-05,-1.43198E-05
5.678,6.15234E-06,-5.46875E-06,-1.38672E-05,-3.12632E-05,-3.71101E-05,-1.46283E-05
5.68,6.39648E-06,-1.31836E-06,-1.60645E-05,-3.27619E-05,-3.50034E-05,-1.36827E-05
5.682,8.30078E-06,1.85547E-06,-1.48438E-05,-3.28923E-05,-3.2138E-05,-1.17031E-05
5.684,9.86328E-06,1.66016E-06,-1.19141E-05,-3.15266E-05,-2.92788E-05,-9.18684E-06
5.686,3.32031E-06,-9.76577E-08,-1.23047E-05,-2.88323E-05,-2.69925E-05,-6.71283E-06
5.688,1.40137E-05,6.49414E-06,-2.09961E-06,-2.52013E-05,-2.54571E-05,-4.73145E-06
5.69,2.60254E-05,1.24512E-05,5.51758E-06,-2.11193E-05,-2.44219E-05,-3.40862E-06
5.692,3.2373E-05,1.11816E-05,4.83398E-06,-1.70225E-05,-2.3319E-05,-2.57761E-06
5.694,2.82227E-05,7.91016E-06,-6.64063E-06,-1.31806E-05,-2.14772E-05,-1.81527E-06
5.696,3.12012E-05,8.74023E-06,-3.95508E-06,-9.65727E-06,-1.83788E-05,-6.33572E-07
5.698,3.14453E-05,1.42578E-05,-1.90735E-12,-6.35343E-06,-1.38695E-05,1.30455E-06
5.7,2.88574E-05,2.13379E-05,-2.44143E-07,-3.09211E-06,-8.23328E-06,4.03411E-06
5.702,3.25684E-05,2.76855E-05,2.00195E-06,2.76441E-07,-2.12066E-06,7.24728E-06
5.704,4.78027E-05,3.80371E-05,1.28418E-05,3.78307E-06,3.63295E-06,1.03813E-05
5.706,5.56641E-05,4.56055E-05,1.82617E-05,7.30459E-06,8.25099E-06,1.28063E-05
5.708,6.05469E-05,4.87305E-05,1.92383E-05,1.06117E-05,1.1244E-05,1.4053E-05
5.71,5.91797E-05,4.46289E-05,1.8457E-05,1.34581E-05,1.25456E-05,1.39895E-05
5.712,5.07324E-05,3.94043E-05,1.05957E-05,1.56768E-05,1.25228E-05,1.2874E-05
5.714,5.04883E-05,3.55469E-05,5.3711E-06,1.72662E-05,1.18661E-05,1.12682E-05
5.716,5.32715E-05,3.70605E-05,6.29883E-06,1.84274E-05,1.14006E-05,9.84922E-06
5.718,5.25879E-05,3.67676E-05,3.75976E-06,1.95215E-05,1.18686E-05,9.17315E-06
5.72,6.48437E-05,4.72656E-05,1.04492E-05,2.09672E-05,1.37425E-05,9.48489E-06
5.722,7.68066E-05,5.96191E-05,1.87988E-05,2.31103E-05,1.71131E-05,1.06366E-05
5.724,7.11914E-05,5.9668E-05,1.5332E-05,2.61083E-05,2.16875E-05,1.21577E-05
5.726,6.89453E-05,6.09375E-05,1.32812E-05,2.98719E-05,2.68758E-05,1.34412E-05
5.728,7.29492E-05,6.30859E-05,1.38672E-05,3.40855E-05,3.19369E-05,1.39817E-05
5.73,7.73926E-05,6.12793E-05,1.34277E-05,3.82896E-05,3.61496E-05,1.35706E-05
5.732,7.61719E-05,6.00586E-05,8.20312E-06,4.20108E-05,3.89863E-05,1.23887E-05
5.734,7.6416E-05,6.08887E-05,3.36914E-06,4.49027E-05,4.02406E-05,1.09515E-05
5.736,8.49121E-05,6.87012E-05,1.1084E-05,4.68502E-05,4.00807E-05,9.92631E-06
5.738,9.6875E-05,7.43164E-05,1.57227E-05,4.80038E-05,3.9023E-05,9.89159E-06
5.74,0.00010083,8.07129E-05,1.46973E-05,4.87359E-05,3.78276E-05,1.11209E-05
5.742,9.87305E-05,8.22266E-05,1.91406E-05,4.95338E-05,3.73305E-05,1.3479E-05
5.744,8.76953E-05,7.72461E-05,1.5918E-05,5.08533E-05,3.82423E-05,1.64577E-05
5.746,7.89062E-05,5.91797E-05,1.38672E-05,5.2974E-05,4.09588E-05,1.93469E-05
5.748,8.62793E-05,5.55176E-05,9.91211E-06,5.59149E-05,4.54363E-05,2.1482E-05
5.75,0.000101807,7.34863E-05,2.0166E-05,5.94244E-05,5.11648E-05,2.24767E-05
5.752,0.000105518,8.81348E-05,2.54394E-05,6.30359E-05,5.72607E-05,2.23573E-05
5.754,0.00011084,0.000103418,3.27148E-05,6.61807E-05,6.26605E-05,2.15417E-05
5.756,0.000119043,0.000106348,3.02734E-05,6.83336E-05,6.63753E-05,2.06735E-05
5.758,0.000110205,0.000101904,2.02637E-05,6.91444E-05,6.77398E-05,2.03787E-05
5.76,0.000102344,0.000100293,1.20117E-05,6.8525E-05,6.65918E-05,2.10278E-05
5.762,0.000106445,9.61914E-05,1.49414E-05,6.66711E-05,6.33204E-05,2.25875E-05
5.764,0.000104248,7.96387E-05,1.83105E-05,6.40136E-05,5.87626E-05,2.46207E-05
5.766,9.23828E-05,6.77734E-05,2.36328E-05,6.11124E-05,5.39794E-05,2.64352E-05
5.768,9.375E-05,7.48047E-05,3.54492E-05,5.85278E-05,4.9973E-05,2.73223E-05
5.77,9.75098E-05,8.16894E-05,3.71582E-05,5.6695E-05,4.74223E-05,2.68058E-05
5.772,0.000102393,8.8623E-05,2.83691E-05,5.58333E-05,4.65241E-05,2.4813E-05
5.774,0.000109424,9.34082E-05,1.94824E-05,5.59018E-05,4.69691E-05,2.1707E-05
5.776,0.000104395,8.14453E-05,1.66992E-05,5.66111E-05,4.80612E-05,1.81627E-05
5.778,8.69141E-05,6.50391E-05,1.04492E-05,5.74854E-05,4.89365E-05,1.49409E-05
5.78,8.4668E-05,6.29883E-05,5.95703E-06,5.79606E-05,4.88122E-05,1.26359E-05
5.782,9.05762E-05,7.21191E-05,5.9082E-06,5.75019E-05,4.7196E-05,1.14911E-05
5.784,9.66309E-05,7.93457E-05,1.25488E-05,5.56994E-05,4.39853E-05,1.13321E-05
5.786,9.77539E-05,8.03711E-05,1.79687E-05,5.23339E-05,3.94435E-05,1.16487E-05
5.788,9.38965E-05,7.18262E-05,2.00684E-05,4.74174E-05,3.40832E-05,1.17981E-05
5.79,8.6084E-05,5.7959E-05,1.52832E-05,4.11944E-05,2.8504E-05,1.12488E-05
5.792,7.75879E-05,4.68262E-05,7.95898E-06,3.41097E-05,2.32388E-05,9.77286E-06
5.794,6.6748E-05,4.52637E-05,3.66211E-06,2.67554E-05,1.86584E-05,7.52527E-06
5.796,5.03418E-05,3.97949E-05,-1.61133E-06,1.97976E-05,1.49559E-05,4.98866E-06
5.798,3.91113E-05,3.37402E-05,-5.71289E-06,1.38935E-05,1.21921E-05,2.80442E-06
5.8,4.63867E-05,4.00391E-05,2.24609E-06,9.59426E-06,1.03564E-05,1.54678E-06
5.802,5.79102E-05,5.17578E-05,9.47265E-06,7.25543E-06,9.41729E-06,1.5267E-06
5.804,5.53711E-05,4.9707E-05,7.91015E-06,6.96895E-06,9.34144E-06,2.69709E-06
5.806,5.12695E-05,3.94531E-05,5.07812E-06,8.51367E-06,1.00618E-05,4.67327E-06
5.808,5.29785E-05,3.76465E-05,7.27539E-06,1.13532E-05,1.14156E-05,6.85822E-06
5.81,5.12207E-05,3.50098E-05,9.81445E-06,1.47047E-05,1.30993E-05,8.63091E-06
5.812,4.67285E-05,2.96387E-05,2.68554E-06,1.76652E-05,1.46719E-05,9.52338E-06
5.814,5.22461E-05,3.7793E-05,1.85547E-06,1.93806E-05,1.56253E-05,9.32879E-06
5.816,6.17676E-05,5.30762E-05,7.27539E-06,1.92226E-05,1.5494E-05,8.11724E-06
5.818,6.11816E-05,5.93262E-05,1.19629E-05,1.6938E-05,1.39805E-05,6.15669E-06
5.82,5.76172E-05,5.07813E-05,7.61719E-06,1.27296E-05,1.10591E-05,3.79018E-06
5.822,5.10742E-05,3.57422E-05,8.59375E-06,7.22993E-06,7.00987E-06,1.32056E-06
5.824,3.78906E-05,2.27539E-05,-3.41797E-06,1.3648E-06,2.36751E-06,-1.05567E-06
5.826,2.8418E-05,1.65039E-05,-1.03516E-05,-3.86446E-06,-2.20466E-06,-3.2482E-06
5.828,2.89062E-05,1.58203E-05,-1.25977E-05,-7.60839E-06,-6.06637E-06,-5.20845E-06
5.83,2.96875E-05,1.45508E-05,-1.19141E-05,-9.37355E-06,-8.7462E-06,-6.85156E-06
5.832,3.34961E-05,2.30469E-05,-2.53906E-06,-9.14145E-06,-1.00395E-05,-8.00619E-06
5.834,3.94531E-05,3.54492E-05,6.25E-06,-7.35346E-06,-1.00238E-05,-8.42428E-06
5.836,3.7207E-05,3.06641E-05,-3.32031E-06,-4.77412E-06,-8.99936E-06,-7.85155E-06
5.838,2.41699E-05,1.31348E-05,-2.06543E-05,-2.26763E-06,-7.38797E-06,-6.13961E-06
5.84,3.47656E-05,1.75781E-05,-8.00781E-06,-5.63062E-07,-5.62209E-06,-3.35657E-06
5.842,4.45312E-05,2.42187E-05,4.78515E-06,-6.80783E-08,-4.06464E-06,1.62825E-07
5.844,3.82813E-05,1.98242E-05,2.53906E-06,-8.00128E-07,-2.96922E-06,3.84725E-06
5.846,3.58887E-05,1.7041E-05,1.61133E-06,-2.41993E-06,-2.4745E-06,7.02553E-06
5.848,4.35547E-05,3.11523E-05,1.04492E-05,-4.37691E-06,-2.62262E-06,9.10346E-06
5.85,4.00879E-05,3.44238E-05,1.6748E-05,-6.10755E-06,-3.38615E-06,9.73033E-06
5.852,2.07031E-05,2.51953E-05,9.96094E-06,-7.21059E-06,-4.68231E-06,8.90853E-06
5.854,1.90918E-05,2.3877E-05,4.63867E-06,-7.54948E-06,-6.36765E-06,6.99912E-06
5.856,3.42773E-05,2.22656E-05,4.98047E-06,-7.26176E-06,-8.2315E-06,4.612E-06
5.858,3.86719E-05,1.5332E-05,1.95313E-06,-6.67819E-06,-1.00065E-05,2.41487E-06
5.86,3.42773E-05,1.06445E-05,-3.32031E-06,-6.17566E-06,-1.13955E-05,9.40682E-07
5.862,3.21777E-05,6.78711E-06,-2.49023E-06,-6.03776E-06,-1.21278E-05,4.41049E-07
5.864,3.21777E-05,1.68457E-05,-2.29492E-06,-6.371E-06,-1.20449E-05,8.34371E-07
5.866,3.24707E-05,2.88574E-05,3.4668E-06,-7.09173E-06,-1.11611E-05,1.77436E-06
5.868,3.67187E-05,2.50977E-05,9.17969E-06,-7.98698E-06,-9.68361E-06,2.80212E-06
5.87,3.34473E-05,1.74316E-05,7.86133E-06,-8.81736E-06,-7.97729E-06,3.52625E-06
5.872,1.8457E-05,1.41602E-05,-1.17187E-06,-9.42526E-06,-6.48201E-06,3.75838E-06
5.874,2.1582E-05,2.40234E-05,1.95313E-06,-9.79659E-06,-5.59717E-06,3.56232E-06
5.876,2.89551E-05,2.39746E-05,2.39258E-06,-1.00479E-05,-5.56238E-06,3.20577E-06
5.878,2.65137E-05,1.47949E-05,-1.12305E-06,-1.03624E-05,-6.38474E-06,3.02919E-06
5.88,3.35449E-05,1.72363E-05,2.00196E-06,-1.08943E-05,-7.8358E-06,3.29109E-06
5.882,4.07227E-05,0.000025,6.15235E-06,-1.16799E-05,-9.51551E-06,4.0522E-06
5.884,2.82715E-05,2.22168E-05,6.88477E-06,-1.25973E-05,-1.09687E-05,5.14791E-06
5.886,1.7041E-05,1.53809E-05,2.49024E-06,-1.33917E-05,-1.18163E-05,6.25348E-06
5.888,1.94336E-05,1.64063E-05,9.375E-06,-1.37522E-05,-1.18641E-05,7.01568E-06
5.89,2.57812E-05,1.31836E-05,1.15234E-05,-1.34233E-05,-1.11524E-05,7.19927E-06
5.892,2.27539E-05,1.2793E-05,4.29687E-06,-1.23025E-05,-9.93659E-06,6.78967E-06
5.894,2.06543E-05,1.68457E-05,1.41602E-06,-1.04825E-05,-8.60576E-06,6.00602E-06
5.896,3.14941E-05,1.96777E-05,2.68555E-06,-8.23078E-06,-7.56879E-06,5.22222E-06
5.898,3.89648E-05,2.22656E-05,5.85939E-07,-5.92076E-06,-7.13433E-06,4.81826E-06
5.9,4.33105E-05,2.42676E-05,8.05664E-06,-3.93912E-06,-7.43375E-06,5.03462E-06
5.902,4.36035E-05,2.60254E-05,1.50879E-05,-2.58765E-06,-8.40385E-06,5.87284E-06
5.904,3.46191E-05,1.91895E-05,6.59179E-06,-2.01488E-06,-9.81751E-06,7.09371E-06
5.906,2.66113E-05,9.81445E-06,3.66211E-06,-2.20177E-06,-1.13542E-05,8.31788E-06
5.908,2.71973E-05,9.13086E-06,4.63867E-06,-3.00364E-06,-1.26793E-05,9.18933E-06
5.91,2.8125E-05,6.83594E-06,4.00391E-06,-4.20825E-06,-1.35167E-05,9.537E-06
5.912,3.10059E-05,1.0498E-05,6.29883E-06,-5.5975E-06,-1.37018E-05,9.4604E-06
5.914,3.76465E-05,2.06543E-05,1.3916E-05,-6.99974E-06,-1.32095E-05,9.30129E-06
5.916,3.94531E-05,2.24609E-05,1.76758E-05,-8.31211E-06,-1.21501E-05,9.51179E-06
5.918,3.28125E-05,2.06055E-05,1.35742E-05,-9.49535E-06,-1.07518E-05,1.04553E-05
5.92,2.85156E-05,1.92383E-05,9.17969E-06,-1.05585E-05,-9.33451E-06,1.22234E-05
5.922,2.99805E-05,1.96289E-05,1.34766E-05,-1.1538E-05,-8.26984E-06,1.45478E-05
5.924,2.2998E-05,1.45996E-05,1.16699E-05,-1.24877E-05,-7.93251E-06,1.68468E-05
5.926,5.41992E-06,6.34766E-07,1.61133E-06,-1.34733E-05,-8.6375E-06,1.84085E-05
5.928,1.4209E-05,1.0791E-05,1.72363E-05,-1.45626E-05,-1.0571E-05,1.86351E-05
5.93,2.85644E-05,2.16309E-05,2.87598E-05,-1.58082E-05,-1.37286E-05,1.72742E-05
5.932,2.99316E-05,1.97754E-05,2.40723E-05,-1.72307E-05,-1.78828E-05,1.45491E-05
5.934,3.05664E-05,1.21094E-05,1.43555E-05,-1.88088E-05,-2.26021E-05,1.11214E-05
5.936,2.53418E-05,1.9043E-06,7.56836E-06,-2.04737E-05,-2.73124E-05,7.89179E-06
5.938,9.42383E-06,-8.25195E-06,-4.39452E-07,-2.21235E-05,-3.14068E-05,5.70024E-06
5.94,5.22461E-06,-1.53809E-05,-3.95508E-06,-2.36571E-05,-3.43765E-05,5.02957E-06
5.942,5.27343E-06,-2.14844E-05,-2.83203E-06,-2.50017E-05,-3.59255E-05,5.83157E-06
5.944,1.12793E-05,-1.27441E-05,6.49414E-06,-2.61422E-05,-3.60406E-05,7.53532E-06
5.946,1.05957E-05,-3.17383E-06,1.30371E-05,-2.71237E-05,-3.49929E-05,9.24719E-06
5.948,1.09375E-05,2.34375E-06,1.65039E-05,-2.8007E-05,-3.3261E-05,1.00777E-05
5.95,1.71387E-05,2.00195E-06,1.64551E-05,-2.88139E-05,-3.13987E-05,9.47855E-06
5.952,1.29883E-05,-5.76172E-06,5.76172E-06,-2.94799E-05,-2.98928E-05,7.46867E-06
5.954,8.83789E-06,-2.58789E-06,9.27736E-07,-2.98335E-05,-2.90493E-05,4.65551E-06
5.956,3.125E-06,-3.71094E-06,-2.53906E-06,-2.96101E-05,-2.89323E-05,2.04043E-06
5.958,1.46485E-06,-1.45508E-05,-6.54297E-06,-2.85289E-05,-2.93702E-05,6.70979E-07
5.96,9.52148E-06,-8.1543E-06,-1.51367E-06,-2.64084E-05,-3.00323E-05,1.26079E-06
5.962,1.85059E-05,8.3008E-07,7.76367E-06,-2.3271E-05,-3.05373E-05,3.9148E-06
5.964,1.87988E-05,-1.31836E-06,9.7168E-06,-1.93918E-05,-3.05567E-05,8.06824E-06
5.966,2.26562E-05,-3.90624E-07,1.25977E-05,-1.52648E-05,-2.98903E-05,1.26591E-05
5.968,3.26172E-05,3.22266E-06,1.73828E-05,-1.14873E-05,-2.84882E-05,1.64863E-05
5.97,3.20313E-05,1.46485E-06,1.9043E-05,-8.59228E-06,-2.64297E-05,1.86183E-05
5.972,1.99219E-05,-8.20312E-06,1.31836E-05,-6.87532E-06,-2.38632E-05,1.87192E-05
5.974,2.11426E-05,-3.66211E-06,1.19629E-05,-6.2833E-06,-2.0947E-05,1.71614E-05
5.976,3.49121E-05,1.09863E-05,1.64551E-05,-6.41471E-06,-1.7814E-05,1.48909E-05
5.978,3.90137E-05,1.7334E-05,1.77246E-05,-6.64578E-06,-1.45759E-05,1.30767E-05
5.98,3.78418E-05,1.71387E-05,1.16699E-05,-6.34219E-06,-1.13543E-05,1.26782E-05
5.982,3.68164E-05,1.92383E-05,1.2207E-05,-5.09188E-06,-8.31643E-06,1.40838E-05
5.984,2.96875E-05,1.5332E-05,1.35742E-05,-2.87389E-06,-5.69617E-06,1.69476E-05
5.986,2.51465E-05,1.97754E-05,1.48926E-05,-9.405E-08,-3.77109E-06,2.02913E-05
5.988,3.95996E-05,2.68066E-05,2.56348E-05,2.53782E-06,-2.79089E-06,2.28465E-05
5.99,3.78418E-05,2.21191E-05,2.00684E-05,4.2649E-06,-2.86931E-06,2.35181E-05
5.992,4.01367E-05,1.65039E-05,1.74805E-05,4.56185E-06,-3.90374E-06,2.17809E-05
5.994,4.98047E-05,1.83594E-05,2.34375E-05,3.36267E-06,-5.53826E-06,1.7892E-05
5.996,4.84375E-05,2.17773E-05,1.9043E-05,1.14913E-06,-7.19167E-06,1.28462E-05
5.998,3.92578E-05,2.07031E-05,7.61719E-06,-1.15538E-06,-8.16737E-06,8.06827E-06
6,3.21289E-05,2.08984E-05,-3.90623E-07,-2.44516E-06,-7.82447E-06,4.95646E-06
6.002,3.35449E-05,2.30957E-05,2.78321E-06,-1.77102E-06,-5.75247E-06,4.43642E-06
6.004,2.3291E-05,1.34277E-05,-4.24805E-06,1.36095E-06,-1.89506E-06,6.68181E-06
6.006,3.0957E-05,1.47461E-05,-3.90623E-07,6.82714E-06,3.41214E-06,1.10801E-05
6.008,5.99121E-05,4.2041E-05,2.2998E-05,1.39044E-05,9.51267E-06,1.6453E-05
6.01,7.07031E-05,5.25391E-05,3.21289E-05,2.14821E-05,1.56011E-05,2.14526E-05
6.012,7.12402E-05,4.78027E-05,2.84668E-05,2.83934E-05,2.094E-05,2.49894E-05
6.014,7.42676E-05,4.72168E-05,2.7002E-05,3.37588E-05,2.507E-05,2.6546E-05
6.016,7.54883E-05,5.15625E-05,2.49023E-05,3.72179E-05,2.79298E-05,2.62759E-05
6.018,0.00006875,5.18555E-05,1.66992E-05,3.89818E-05,2.98536E-05,2.48667E-05
6.02,6.66992E-05,5.25391E-05,1.36719E-05,3.9709E-05,3.14642E-05,2.32469E-05
6.022,7.36328E-05,5.625E-05,1.74805E-05,4.02385E-05,3.34652E-05,2.22371E-05
6.024,7.94922E-05,6.49414E-05,2.32422E-05,4.13019E-05,3.64103E-05,2.22936E-05
6.026,8.13965E-05,7.08496E-05,2.70996E-05,4.32987E-05,4.05198E-05,2.34143E-05
6.028,8.81348E-05,7.3291E-05,2.7002E-05,4.62161E-05,4.56132E-05,2.52365E-05
6.03,9.50684E-05,7.43652E-05,3.0127E-05,4.9713E-05,5.11717E-05,2.72678E-05
6.032,9.09668E-05,7.75879E-05,2.82715E-05,5.33114E-05,5.65066E-05,2.91352E-05
6.034,9.2334E-05,8.11035E-05,2.81738E-05,5.66251E-05,6.09819E-05,3.07588E-05
6.036,9.49219E-05,8.79883E-05,3.01758E-05,5.95327E-05,6.42188E-05,3.2372E-05
6.038,8.65723E-05,9.1748E-05,2.72949E-05,6.22231E-05,6.62201E-05,3.43881E-05
6.04,8.95019E-05,9.42871E-05,3.14941E-05,6.50972E-05,6.73613E-05,3.7164E-05
6.042,0.000110937,9.42383E-05,4.12109E-05,6.85721E-05,6.82654E-05,4.07773E-05
6.044,0.000130225,9.63379E-05,4.44824E-05,7.28746E-05,6.95948E-05,4.49181E-05
6.046,0.000122949,9.66797E-05,4.86328E-05,7.79118E-05,7.18306E-05,4.89399E-05
6.048,0.000114014,0.000100635,5.95215E-05,8.3258E-05,7.5115E-05,5.20638E-05
6.05,0.000111035,9.99023E-05,5.38086E-05,8.82759E-05,7.92005E-05,5.36653E-05
6.052,0.000121924,0.000101611,4.62402E-05,9.23261E-05,8.3526E-05,5.35225E-05
6.054,0.000132324,0.00010918,4.17969E-05,9.49902E-05,8.7393E-05,5.19354E-05
6.056,0.000137012,0.000114844,4.73633E-05,9.6211E-05,9.01769E-05,4.96616E-05
6.058,0.000138232,0.000120068,5.06348E-05,9.63028E-05,9.1511E-05,4.76764E-05
6.06,0.000136328,0.000120605,4.87305E-05,9.58203E-05,9.13814E-05,4.68455E-05
6.062,0.000135449,0.000120508,5.25391E-05,9.53353E-05,9.01127E-05,4.76261E-05
6.064,0.000128955,0.000111084,4.80957E-05,9.52034E-05,8.82483E-05,4.99025E-05
6.066,0.000122363,0.000103809,4.39453E-05,9.54184E-05,8.63734E-05,5.30208E-05
6.068,0.00012793,0.000102832,4.77539E-05,9.56192E-05,8.49542E-05,5.60173E-05
6.07,0.000130078,9.9707E-05,4.84375E-05,9.52494E-05,8.42324E-05,5.7956E-05
6.072,0.000131104,0.000107568,6.08887E-05,9.38059E-05,8.42085E-05,5.82503E-05
6.074,0.000135107,0.000117334,7.00684E-05,9.10952E-05,8.47024E-05,5.68644E-05
6.076,0.000128564,0.000119287,6.16699E-05,8.73903E-05,8.54638E-05,5.43145E-05
6.078,0.000122461,0.000117383,4.99023E-05,8.34354E-05,8.62925E-05,5.14898E-05
6.08,0.000111377,0.000106104,3.78418E-05,8.02519E-05,8.7097E-05,4.93328E-05
6.082,0.000108496,9.93164E-05,3.4668E-05,7.88201E-05,8.7888E-05,4.85177E-05
6.084,0.000115088,0.000104053,4.29199E-05,7.97433E-05,8.87157E-05,4.924E-05
6.086,0.000113184,0.000111133,4.77539E-05,8.30053E-05,8.95891E-05,5.11888E-05
6.088,0.000127441,0.000121777,5.83008E-05,8.79089E-05,9.04088E-05,5.36971E-05
6.09,0.000137354,0.0001229,6.27441E-05,9.32366E-05,9.09552E-05,5.6017E-05
6.092,0.000129736,0.000116748,6.38184E-05,9.75761E-05,9.0935E-05,5.76046E-05
6.094,0.000135059,0.000109766,6.2793E-05,9.97151E-05,9.00815E-05,5.83137E-05
6.096,0.00014165,0.000106201,4.86816E-05,9.89813E-05,8.82579E-05,5.84197E-05
6.098,0.000133008,0.000104199,4.22852E-05,9.54237E-05,8.55327E-05,5.84759E-05
6.1,0.000114795,0.000106201,5.02441E-05,8.97742E-05,8.21845E-05,5.90591E-05
6.102,0.000109863,0.000105078,6.05469E-05,8.31939E-05,7.86235E-05,6.04988E-05
6.104,0.000115674,0.000102295,6.64551E-05,7.69015E-05,7.52662E-05,6.27047E-05
6.106,0.000119385,9.60449E-05,6.78223E-05,7.18032E-05,7.23988E-05,6.5149E-05
6.108,0.000111963,9.11621E-05,6.89941E-05,6.82509E-05,7.00859E-05,6.7026E-05
6.11,9.55566E-05,8.76465E-05,6.79199E-05,6.59853E-05,6.81575E-05,6.7524E-05
6.112,8.65723E-05,8.2666E-05,5.97168E-05,6.42709E-05,6.62622E-05,6.61043E-05
6.114,9.60449E-05,8.79395E-05,5.83496E-05,6.21842E-05,6.3985E-05,6.2695E-05
6.116,9.96094E-05,8.76953E-05,5.51758E-05,5.89463E-05,6.099E-05,5.77313E-05
6.118,9.27246E-05,8.33496E-05,4.52637E-05,5.41861E-05,5.71298E-05,5.20254E-05
6.12,8.82813E-05,7.80273E-05,4.14063E-05,4.80438E-05,5.24824E-05,4.6515E-05
6.122,8.04688E-05,7.01172E-05,4.29688E-05,4.11175E-05,4.73236E-05,4.19884E-05
6.124,6.31836E-05,5.83984E-05,3.92578E-05,3.42661E-05,4.20505E-05,3.88754E-05
6.126,5.64941E-05,5.50293E-05,3.75488E-05,2.83428E-05,3.70745E-05,3.71762E-05
6.128,5.83984E-05,5.73242E-05,3.7207E-05,2.39484E-05,3.27248E-05,3.6546E-05
6.13,5.88867E-05,5.26367E-05,3.4082E-05,2.12912E-05,2.91961E-05,3.64795E-05
6.132,5.74219E-05,4.77539E-05,2.89063E-05,2.01812E-05,2.65501E-05,3.65272E-05
6.134,5.46387E-05,4.34082E-05,2.76855E-05,2.01423E-05,2.47477E-05,3.64562E-05
6.136,5.7666E-05,4.73144E-05,3.49121E-05,2.05916E-05,2.36905E-05,3.6291E-05
6.138,5.37598E-05,5.02441E-05,3.68652E-05,2.1015E-05,2.32411E-05,3.62323E-05
6.14,5.57129E-05,4.84863E-05,3.44238E-05,2.10678E-05,2.32215E-05,3.64846E-05
6.142,6.42578E-05,4.80469E-05,3.98438E-05,2.06071E-05,2.34024E-05,3.71005E-05
6.144,5.3418E-05,4.25781E-05,3.96484E-05,1.9638E-05,2.34924E-05,3.78816E-05
6.146,4.75098E-05,3.83301E-05,3.2373E-05,1.82264E-05,2.31574E-05,3.83934E-05
6.148,4.83398E-05,3.74023E-05,2.56836E-05,1.64386E-05,2.20817E-05,3.81103E-05
6.15,4.0332E-05,3.69141E-05,2.80273E-05,1.43222E-05,2.00614E-05,3.66268E-05
6.152,4.48242E-05,4.14062E-05,3.31055E-05,1.19243E-05,1.70916E-05,3.3842E-05
6.154,5.3125E-05,4.31641E-05,3.48633E-05,9.34001E-06,1.34132E-05,3.00471E-05
6.156,5.51758E-05,4.15039E-05,3.14453E-05,6.75972E-06,9.49259E-06,2.58818E-05
6.158,3.99414E-05,2.99805E-05,1.94336E-05,4.45978E-06,5.91463E-06,2.21489E-05
6.16,3.44238E-05,2.40723E-05,1.60645E-05,2.72454E-06,3.20136E-06,1.95426E-05
6.162,3.35938E-05,1.73828E-05,1.35742E-05,1.74741E-06,1.64353E-06,1.84095E-05
6.164,2.12891E-05,4.00391E-06,3.80859E-06,1.53255E-06,1.18958E-06,1.86203E-05
6.166,3.10059E-05,1.43066E-05,1.16699E-05,1.84823E-06,1.44236E-06,1.9604E-05
6.168,4.27246E-05,3.21777E-05,2.09473E-05,2.26224E-06,1.77305E-06,2.05359E-05
6.17,4.40918E-05,3.56934E-05,2.48535E-05,2.26975E-06,1.53002E-06,2.06275E-05
6.172,3.96484E-05,2.7832E-05,2.13867E-05,1.47031E-06,2.76159E-07,1.94051E-05
6.174,3.78906E-05,2.24609E-05,1.68945E-05,-2.64148E-07,-2.02717E-06,1.6886E-05
6.176,3.54004E-05,1.31348E-05,1.40137E-05,-2.70246E-06,-4.96718E-06,1.35856E-05
6.178,2.17285E-05,2.88086E-06,2.39258E-06,-5.2804E-06,-7.77995E-06,1.03475E-05
6.18,1.81152E-05,5.12695E-06,-4.93164E-06,-7.24132E-06,-9.57514E-06,8.06417E-06
6.182,2.08496E-05,7.95898E-06,-2.49023E-06,-7.85476E-06,-9.61431E-06,7.38176E-06
6.184,2.91016E-05,1.51367E-05,7.71484E-06,-6.64313E-06,-7.5595E-06,8.48767E-06
6.186,3.8916E-05,2.26074E-05,1.41113E-05,-3.53149E-06,-3.59004E-06,1.10595E-05
6.188,4.49707E-05,2.82715E-05,1.68457E-05,1.1322E-06,1.65076E-06,1.43921E-05
6.19,3.86719E-05,3.02734E-05,1.70898E-05,6.684E-06,7.24978E-06,1.76412E-05
6.192,3.68164E-05,2.99805E-05,1.43555E-05,1.2343E-05,1.23039E-05,2.01003E-05
6.194,4.70703E-05,3.48633E-05,1.49414E-05,1.74289E-05,1.61881E-05,2.14105E-05
6.196,5.74219E-05,3.60352E-05,1.67969E-05,2.15187E-05,1.87087E-05,2.16371E-05
6.198,5.82031E-05,3.25195E-05,1.30859E-05,2.45085E-05,2.01003E-05,2.11886E-05
6.2,6.77246E-05,4.24316E-05,1.86035E-05,2.65499E-05,2.08616E-05,2.06025E-05
6.202,6.7627E-05,4.94629E-05,2.24121E-05,2.79083E-05,2.1509E-05,2.03151E-05
6.204,5.6543E-05,4.53125E-05,1.75781E-05,2.87975E-05,2.2342E-05,2.04824E-05
6.206,5.48828E-05,4.22852E-05,1.42578E-05,2.92786E-05,2.33139E-05,2.09297E-05
6.208,6.39648E-05,4.49219E-05,1.85547E-05,2.9263E-05,2.40595E-05,2.12363E-05
6.21,6.56738E-05,4.37012E-05,1.79199E-05,2.86138E-05,2.40723E-05,2.09306E-05
6.212,5.78613E-05,3.6084E-05,1.1084E-05,2.73019E-05,2.29651E-05,1.97095E-05
6.214,5.62012E-05,3.62793E-05,1.12793E-05,2.55523E-05,2.07168E-05,1.76012E-05
6.216,6.25488E-05,3.66699E-05,2.00684E-05,2.38868E-05,1.77939E-05,1.50028E-05
6.218,6.1377E-05,4.11621E-05,1.15723E-05,2.30475E-05,1.5091E-05,1.25783E-05
6.22,6.18164E-05,4.19922E-05,7.71484E-06,2.38028E-05,1.36951E-05,1.10513E-05
6.222,5.71777E-05,3.61816E-05,4.24805E-06,2.67082E-05,1.45576E-05,1.0978E-05
6.224,5.98144E-05,3.45215E-05,4.44336E-06,3.18889E-05,1.81645E-05,1.25546E-05
6.226,6.63086E-05,3.78906E-05,8.20312E-06,3.89388E-05,2.43395E-05,1.55509E-05
6.228,7.85156E-05,4.88281E-05,1.49414E-05,4.69902E-05,3.22515E-05,1.93918E-05
6.23,8.80859E-05,5.45898E-05,1.98242E-05,5.49253E-05,4.06305E-05,2.33439E-05
6.232,9.74609E-05,6.48438E-05,2.53906E-05,6.16728E-05,4.81231E-05,2.67358E-05
6.234,0.000104248,7.47559E-05,2.91504E-05,6.64981E-05,5.3684E-05,2.9151E-05
6.236,0.000106641,8.70117E-05,3.21289E-05,6.91804E-05,5.68631E-05,3.05218E-05
6.238,0.00011001,9.00879E-05,2.91504E-05,7.00377E-05,5.78988E-05,3.11036E-05
6.24,0.000104541,8.20801E-05,2.62207E-05,6.97736E-05,5.75865E-05,3.13446E-05
6.242,9.28711E-05,0.0000625,1.96289E-05,6.92188E-05,5.6983E-05,3.17136E-05
6.244,8.55957E-05,5.39551E-05,1.61621E-05,6.90646E-05,5.70363E-05,3.2542E-05
6.246,9.49707E-05,7.03613E-05,2.44629E-05,6.96617E-05,5.8272E-05,3.39316E-05
6.248,0.000115234,9.07227E-05,3.7793E-05,7.09543E-05,6.06382E-05,3.57531E-05
6.25,0.000120703,9.6875E-05,4.85352E-05,7.25712E-05,6.35622E-05,3.77232E-05
6.252,0.000109863,8.97461E-05,4.31641E-05,7.40134E-05,6.6177E-05,3.95069E-05
6.254,0.000104687,8.49609E-05,3.60352E-05,7.48697E-05,6.76471E-05,4.08183E-05
6.256,0.000108154,8.62793E-05,3.48145E-05,7.49746E-05,6.7472E-05,4.14866E-05
6.258,0.000101025,7.96387E-05,2.88574E-05,7.44453E-05,6.56634E-05,4.14692E-05
6.26,9.7998E-05,7.27051E-05,2.66113E-05,7.36013E-05,6.27416E-05,4.08226E-05
6.262,0.000103125,7.06055E-05,2.96875E-05,7.28233E-05,5.95624E-05,3.96717E-05
6.264,0.000113867,8.1543E-05,3.55469E-05,7.23849E-05,5.70267E-05,3.81837E-05
6.266,0.000106836,8.31055E-05,3.66211E-05,7.23356E-05,5.57932E-05,3.65602E-05
6.268,0.000105664,7.70508E-05,4.43359E-05,7.24954E-05,5.60922E-05,3.50456E-05
6.27,0.000102637,7.34375E-05,3.98438E-05,7.25518E-05,5.76847E-05,3.39315E-05
6.272,0.000102051,0.000075,2.23633E-05,7.21995E-05,5.99677E-05,3.35116E-05
6.274,0.000105566,8.05664E-05,1.97266E-05,7.12862E-05,6.22012E-05,3.4012E-05
6.276,0.000106592,8.15918E-05,2.53418E-05,6.98838E-05,6.37541E-05,3.54986E-05
6.278,0.000101807,7.82715E-05,2.62207E-05,6.82454E-05,6.42744E-05,3.77897E-05
6.28,9.69238E-05,8.2666E-05,3.49121E-05,6.66835E-05,6.37458E-05,4.04327E-05
6.282,9.33105E-05,8.61816E-05,4.62402E-05,6.54247E-05,6.24293E-05,4.27742E-05
6.284,9.13086E-05,7.8418E-05,4.99023E-05,6.44906E-05,6.07097E-05,4.41178E-05
6.286,9.10156E-05,7.17773E-05,3.62305E-05,6.36698E-05,5.89308E-05,4.39352E-05
6.288,0.000104053,7.47559E-05,3.5791E-05,6.25973E-05,5.72706E-05,4.20594E-05
6.29,0.000105078,0.000075,3.53516E-05,6.09167E-05,5.57055E-05,3.87946E-05
6.292,8.65723E-05,7.11426E-05,2.40723E-05,5.84582E-05,5.40667E-05,3.48888E-05
6.294,7.76855E-05,6.83105E-05,1.84082E-05,5.53632E-05,5.21664E-05,3.13624E-05
6.296,8.57422E-05,7.01172E-05,2.80273E-05,5.2098E-05,4.99256E-05,2.92296E-05
6.298,8.19336E-05,6.39648E-05,2.97852E-05,4.93306E-05,4.74551E-05,2.91976E-05
6.3,7.76367E-05,6.04492E-05,2.68555E-05,4.77062E-05,4.50487E-05,3.14393E-05
6.302,8.00781E-05,6.2207E-05,2.97852E-05,4.76151E-05,4.30962E-05,3.55183E-05
6.304,8.37891E-05,6.35742E-05,3.63281E-05,4.90115E-05,4.1941E-05,4.04905E-05
6.306,8.14453E-05,5.61523E-05,3.73047E-05,5.13695E-05,4.17488E-05,4.51667E-05
6.308,8.45703E-05,5.63477E-05,4.12109E-05,5.38055E-05,4.24277E-05,4.84451E-05
6.31,8.44727E-05,5.48828E-05,4.22852E-05,5.53346E-05,4.36426E-05,4.96252E-05
6.312,8.69141E-05,6.01563E-05,4.4043E-05,5.51599E-05,4.48991E-05,4.8578E-05
6.314,8.83789E-05,6.88477E-05,4.26758E-05,5.29147E-05,4.56835E-05,4.57432E-05
6.316,8.33984E-05,6.97266E-05,4.18945E-05,4.87821E-05,4.56104E-05,4.19596E-05
6.318,6.94336E-05,6.14258E-05,3.24219E-05,4.34309E-05,4.45148E-05,3.81768E-05
6.32,6.88965E-05,5.66895E-05,2.43652E-05,3.7802E-05,4.24659E-05,3.51571E-05
6.322,6.89453E-05,5.49805E-05,2.70508E-05,3.28273E-05,3.97138E-05,3.32724E-05
6.324,5.67383E-05,4.92188E-05,2.50977E-05,2.91654E-05,3.65947E-05,3.24508E-05
6.326,4.96582E-05,4.33105E-05,2.22168E-05,2.70435E-05,3.34358E-05,3.22871E-05
6.328,6.27441E-05,5.05371E-05,3.08105E-05,2.62544E-05,3.04872E-05,3.22539E-05
6.33,6.31348E-05,4.8877E-05,3.21777E-05,2.62978E-05,2.79055E-05,3.19421E-05
6.332,5.13672E-05,3.81836E-05,2.09961E-05,2.65964E-05,2.57712E-05,3.12308E-05
6.334,5.9082E-05,4.43359E-05,2.63672E-05,2.67096E-05,2.4134E-05,3.03277E-05
6.336,6.40137E-05,4.52637E-05,2.89551E-05,2.64652E-05,2.30484E-05,2.96663E-05
6.338,5.78125E-05,3.85742E-05,2.38281E-05,2.59743E-05,2.25773E-05,2.97128E-05
6.34,5.30762E-05,3.43262E-05,1.77246E-05,2.55207E-05,2.27562E-05,3.07526E-05
6.342,4.96582E-05,3.16895E-05,1.6748E-05,2.54029E-05,2.35498E-05,3.27547E-05
6.344,5.32227E-05,3.76953E-05,3.07617E-05,2.57679E-05,2.48039E-05,3.53437E-05
6.346,5.67383E-05,4.57031E-05,3.59375E-05,2.65307E-05,2.62352E-05,3.79129E-05
6.348,6.51367E-05,4.82422E-05,4.12109E-05,2.7404E-05,2.74836E-05,3.98335E-05
6.35,6.26953E-05,4.36523E-05,3.90625E-05,2.80238E-05,2.82055E-05,4.0678E-05
6.352,5.89844E-05,4.4043E-05,3.42773E-05,2.80943E-05,2.81668E-05,4.0362E-05
6.354,5.86426E-05,4.5166E-05,2.80762E-05,2.75214E-05,2.73255E-05,3.91726E-05
6.356,5.4248E-05,4.43848E-05,2.76855E-05,2.64648E-05,2.58585E-05,3.76598E-05
6.358,4.2334E-05,3.11035E-05,2.19238E-05,2.52754E-05,2.41173E-05,3.64334E-05
6.36,5.55176E-05,3.2373E-05,2.83691E-05,2.434E-05,2.25174E-05,3.59276E-05
6.362,6.66016E-05,3.86719E-05,3.7793E-05,2.39146E-05,2.14114E-05,3.62404E-05
6.364,6.0791E-05,4.00879E-05,3.5498E-05,2.39991E-05,2.09771E-05,3.70927E-05
6.366,4.84375E-05,3.80859E-05,2.89062E-05,2.43111E-05,2.11599E-05,3.79213E-05
6.368,5.23926E-05,4.10645E-05,3.66699E-05,2.4369E-05,2.16892E-05,3.8071E-05
6.37,5.06348E-05,3.61816E-05,3.11035E-05,2.36723E-05,2.21647E-05,3.70327E-05
6.372,4.5459E-05,3.06152E-05,1.87988E-05,2.1889E-05,2.21759E-05,3.46199E-05
6.374,4.62402E-05,2.86621E-05,1.47949E-05,1.90057E-05,2.14279E-05,3.10423E-05
6.376,5.48828E-05,3.99414E-05,2.51953E-05,1.5355E-05,1.98148E-05,2.68414E-05
6.378,4.93164E-05,3.74023E-05,2.34375E-05,1.15152E-05,1.74304E-05,2.27161E-05
6.38,4.09668E-05,3.08105E-05,1.43066E-05,8.1218E-06,1.45116E-05,1.93E-05
6.382,3.29102E-05,2.76367E-05,1.07422E-05,5.66337E-06,1.13584E-05,1.69789E-05
6.384,2.82227E-05,2.29492E-05,8.78906E-06,4.31412E-06,8.24011E-06,1.57932E-05
6.386,2.53418E-05,1.20605E-05,4.83398E-06,3.8881E-06,5.33664E-06,1.54621E-05
6.388,2.93457E-05,1.1377E-05,4.15039E-06,3.92306E-06,2.72582E-06,1.55083E-05
6.39,3.33496E-05,1.45996E-05,3.07618E-06,3.86415E-06,4.18626E-07,1.54553E-05
6.392,3.68652E-05,1.7041E-05,1.0498E-05,3.26736E-06,-1.59039E-06,1.49846E-05
6.394,3.65234E-05,1.30859E-05,1.00586E-05,1.9678E-06,-3.26779E-06,1.40325E-05
6.396,4.35059E-05,1.52832E-05,1.3916E-05,1.31959E-07,-4.51781E-06,1.27854E-05
6.398,3.21777E-05,1.23535E-05,8.83789E-06,-1.82602E-06,-5.21357E-06,1.15811E-05
6.4,1.44043E-05,6.88476E-06,-2.00195E-06,-3.43557E-06,-5.26258E-06,1.07534E-05
6.402,1.43066E-05,4.24805E-06,-3.4668E-06,-4.3667E-06,-4.67106E-06,1.0494E-05
6.404,1.91406E-05,-3.90621E-07,-5.85934E-07,-4.56864E-06,-3.58447E-06,1.07837E-05
6.406,1.47949E-05,3.41797E-07,-4.73632E-06,-4.29571E-06,-2.28238E-06,1.14145E-05
6.408,2.90039E-05,2.37305E-05,7.91016E-06,-4.01162E-06,-1.12886E-06,1.20839E-05
6.41,4.15039E-05,2.64648E-05,1.60156E-05,-4.19112E-06,-4.72549E-07,1.25358E-05
6.412,3.58398E-05,1.41602E-05,1.21094E-05,-5.10642E-06,-5.32997E-07,1.26772E-05
6.414,2.53418E-05,1.11816E-05,3.4668E-06,-6.67145E-06,-1.31234E-06,1.26346E-05
6.416,2.06055E-05,1.74805E-05,9.76563E-06,-8.43011E-06,-2.5799E-06,1.27119E-05
6.418,-9.76563E-07,-8.78906E-07,-4.39453E-06,-9.6784E-06,-3.92043E-06,1.32765E-05
6.42,-5.37106E-07,-8.64257E-06,-8.44726E-06,-9.70648E-06,-4.84848E-06,1.45974E-05
6.422,2.58301E-05,6.20118E-06,7.4707E-06,-8.0483E-06,-4.9366E-06,1.67237E-05
6.424,3.85742E-05,1.5918E-05,1.9043E-05,-4.68545E-06,-3.95563E-06,1.94312E-05
6.426,3.58887E-05,1.99707E-05,2.16309E-05,-1.05509E-07,-1.96156E-06,2.22654E-05
6.428,3.59863E-05,2.43652E-05,2.29004E-05,4.81242E-06,7.06991E-07,2.46698E-05
6.43,3.69141E-05,1.77734E-05,1.94336E-05,9.05143E-06,3.5147E-06,2.61679E-05
6.432,3.38379E-05,9.81445E-06,1.28418E-05,1.17528E-05,5.86269E-06,2.65116E-05
6.434,3.71094E-05,1.14258E-05,1.2207E-05,1.24701E-05,7.24874E-06,2.57573E-05
6.436,4.21387E-05,1.88965E-05,1.59668E-05,1.12884E-05,7.40248E-06,2.42369E-05
6.438,3.11035E-05,1.66504E-05,8.93555E-06,8.76946E-06,6.3538E-06,2.24405E-05
6.44,3.15918E-05,1.84082E-05,1.04004E-05,5.73074E-06,4.40195E-06,2.08272E-05
6.442,3.61328E-05,1.75781E-05,1.57227E-05,2.96494E-06,2.01605E-06,1.96574E-05
6.444,3.52539E-05,1.5332E-05,1.80664E-05,9.86796E-07,-3.15704E-07,1.89E-05
6.446,2.63184E-05,1.21582E-05,1.15723E-05,-1.01589E-07,-2.23104E-06,1.82503E-05
6.448,2.87598E-05,1.32324E-05,9.32617E-06,-6.01692E-07,-3.59955E-06,1.72454E-05
6.45,2.86621E-05,4.93164E-06,2.88086E-06,-1.04612E-06,-4.53736E-06,1.54591E-05
6.452,0.00001875,9.76563E-08,-6.83594E-07,-1.95427E-06,-5.34566E-06,1.2685E-05
6.454,1.59668E-05,-2.29492E-06,-7.17773E-06,-3.59742E-06,-6.37901E-06,9.05664E-06
6.456,2.47559E-05,4.93164E-06,-1.31836E-06,-5.86655E-06,-7.89276E-06,5.04389E-06
6.458,2.49023E-05,5.5664E-06,-3.51563E-06,-8.29253E-06,-9.91504E-06,1.33608E-06
6.46,2.16309E-05,3.46679E-06,-6.78711E-06,-1.02185E-05,-1.22048E-05,-1.36591E-06
6.462,1.78711E-05,-2.2461E-06,-8.20313E-06,-1.10407E-05,-1.4293E-05,-2.56068E-06
6.464,1.60156E-05,-4.98047E-06,-8.49609E-06,-1.04494E-05,-1.56229E-05,-2.11006E-06
6.466,1.34277E-05,-1.31836E-06,-1.30371E-05,-8.57487E-06,-1.57432E-05,-2.98591E-07
6.468,2.0459E-05,2.19727E-06,-1.04004E-05,-5.9687E-06,-1.44762E-05,2.25167E-06
6.47,2.41699E-05,-6.88477E-06,-1.18652E-05,-3.42299E-06,-1.20034E-05,4.77583E-06
6.472,2.14844E-05,-7.12891E-06,-6.05469E-06,-1.71623E-06,-8.85054E-06,6.5918E-06
6.474,2.49023E-05,-3.90625E-07,5.85938E-07,-1.34962E-06,-5.74663E-06,7.29663E-06
6.476,2.96875E-05,1.26953E-05,4.98047E-06,-2.37708E-06,-3.40489E-06,6.86959E-06
6.478,3.03223E-05,1.68457E-05,2.88086E-06,-4.38605E-06,-2.28698E-06,5.65653E-06
6.48,2.4707E-05,1.35742E-05,-1.26954E-06,-6.65358E-06,-2.4431E-06,4.2284E-06
6.482,1.0791E-05,7.95898E-06,-9.13086E-06,-8.39305E-06,-3.46894E-06,3.18484E-06
6.484,9.61914E-06,3.95508E-06,-1.3623E-05,-9.01456E-06,-4.6065E-06,2.96546E-06
6.486,1.01074E-05,-5.41992E-06,-2.22168E-05,-8.31791E-06,-4.97856E-06,3.71728E-06
6.488,3.1543E-05,7.1289E-06,-1.66016E-06,-6.53347E-06,-3.87045E-06,5.27066E-06
6.49,3.27148E-05,1.72852E-05,8.30078E-06,-4.19782E-06,-9.72748E-07,7.22889E-06
6.492,1.79687E-05,1.04492E-05,5.85938E-07,-1.94102E-06,3.47733E-06,9.1111E-06
6.494,1.7041E-05,1.52832E-05,1.70898E-06,-2.37933E-07,8.73292E-06,1.05187E-05
6.496,3.33008E-05,2.94922E-05,8.39843E-06,7.57791E-07,1.37265E-05,1.12425E-05
6.498,3.18848E-05,2.75879E-05,-1.46484E-07,1.23869E-06,1.73607E-05,1.12948E-05
6.5,2.70508E-05,2.7832E-05,-5.17578E-06,1.61016E-06,1.88113E-05,1.08538E-05
6.502,2.71484E-05,2.75391E-05,-7.22656E-06,2.28631E-06,1.77736E-05,1.01714E-05
6.504,3.21289E-05,2.70508E-05,-8.78904E-07,3.45563E-06,1.454E-05,9.46323E-06
6.506,2.63184E-05,1.77246E-05,-2.88086E-06,4.93438E-06,9.90838E-06,8.83484E-06
6.508,2.95898E-05,1.34766E-05,9.76563E-08,6.17516E-06,4.95166E-06,8.26634E-06
6.51,3.30078E-05,9.17969E-06,3.80859E-06,6.44927E-06,7.3305E-07,7.67011E-06
6.512,3.30566E-05,9.22851E-06,-4.88281E-08,5.10493E-06,-1.98076E-06,6.95782E-06
6.514,2.75391E-05,7.32422E-06,-5.5664E-06,1.84891E-06,-2.89509E-06,6.11027E-06
6.516,2.67578E-05,8.00781E-06,-4.98047E-06,-3.07084E-06,-2.21139E-06,5.21375E-06
6.518,1.3916E-05,3.56445E-06,-1.18652E-05,-8.8523E-06,-5.07273E-07,4.44052E-06
6.52,1.15723E-05,9.32617E-06,-1.11816E-05,-1.43361E-05,1.46331E-06,3.96697E-06
6.522,1.60645E-05,1.61621E-05,-5.41992E-06,-1.83278E-05,3.00579E-06,3.89803E-06
6.524,5.27344E-06,1.92383E-05,-2.53906E-06,-1.99631E-05,3.6649E-06,4.21144E-06
6.526,-7.8125E-06,1.13281E-05,-8.49609E-06,-1.89823E-05,3.31598E-06,4.75495E-06
6.528,6.10351E-06,1.16699E-05,-6.29883E-06,-1.58352E-05,2.13109E-06,5.29021E-06
6.53,1.58691E-05,8.25195E-06,-1.02539E-06,-1.15496E-05,4.7687E-07,5.58975E-06
6.532,2.36328E-05,7.81252E-07,2.92971E-07,-7.43654E-06,-1.23705E-06,5.52597E-06
6.534,2.28516E-05,-3.61328E-06,-1.75781E-05,-4.69668E-06,-2.68331E-06,5.12804E-06
6.536,3.02246E-05,6.88477E-06,-7.17773E-06,-4.07573E-06,-3.69797E-06,4.57273E-06
6.538,1.82617E-05,1.40625E-05,-1.75781E-06,-5.67211E-06,-4.28833E-06,4.11419E-06
6.54,6.64062E-06,1.10352E-05,-5.66406E-06,-8.95236E-06,-4.58973E-06,3.97418E-06
6.542,5.66406E-06,7.8125E-06,-1.02539E-05,-1.29526E-05,-4.78867E-06,4.25135E-06
6.544,1.5625E-05,3.80859E-06,-5.46875E-06,-1.66206E-05,-5.07119E-06,4.8524E-06
6.546,8.49609E-06,-5.37109E-06,-7.51953E-06,-1.91424E-05,-5.57751E-06,5.52144E-06
6.548,2.05078E-06,-8.98438E-06,-7.22656E-06,-2.01734E-05,-6.39522E-06,5.92771E-06
6.55,-1.5625E-06,-7.42188E-06,-8.59375E-06,-1.9879E-05,-7.55905E-06,5.80312E-06
6.552,3.80859E-06,3.71094E-06,-5.37109E-06,-1.88119E-05,-9.06813E-06,5.05102E-06
6.554,1.31348E-05,9.32617E-06,-3.85742E-06,-1.76676E-05,-1.08808E-05,3.80138E-06
6.556,1.79688E-05,1.17188E-06,-3.22265E-06,-1.70159E-05,-1.28936E-05,2.37751E-06
6.558,6.83594E-06,-9.66797E-06,-1.20117E-05,-1.70967E-05,-1.4913E-05,1.19172E-06
6.56,3.07617E-06,-1.08887E-05,-1.48926E-05,-1.77714E-05,-1.66655E-05,5.85513E-07
6.562,3.71094E-06,-1.04492E-05,-1.46484E-05,-1.86021E-05,-1.78143E-05,7.04744E-07
6.564,4.6875E-06,-7.91015E-06,-1.04492E-05,-1.9039E-05,-1.8014E-05,1.44182E-06
6.566,-9.61914E-06,-2.54395E-05,-1.81152E-05,-1.86329E-05,-1.69868E-05,2.48404E-06
6.568,6.54297E-06,-1.20117E-05,-7.42187E-06,-1.71992E-05,-1.4618E-05,3.42697E-06
6.57,2.05566E-05,5.41992E-06,2.44142E-07,-1.48427E-05,-1.09957E-05,3.95484E-06
6.572,2.15332E-05,7.27539E-06,-1.9043E-06,-1.18895E-05,-6.41571E-06,3.9804E-06
6.574,1.68457E-05,8.74023E-06,-1.00098E-05,-8.74E-06,-1.33046E-06,3.70004E-06
6.576,2.11914E-05,1.70898E-05,-7.8125E-06,-5.70217E-06,3.75381E-06,3.53666E-06
6.578,1.54785E-05,1.29395E-05,-1.17676E-05,-2.87666E-06,8.39546E-06,3.98624E-06
6.58,1.03516E-05,9.86328E-06,-1.46484E-05,-1.51046E-07,1.23077E-05,5.41208E-06
6.582,1.89453E-05,1.20117E-05,-1.14258E-05,2.72472E-06,1.54168E-05,7.88031E-06
6.584,3.5791E-05,2.46582E-05,2.29492E-06,5.99037E-06,1.78445E-05,1.10736E-05
6.586,4.16504E-05,3.08105E-05,5.32227E-06,9.72845E-06,1.98375E-05,1.43423E-05
6.588,4.71191E-05,3.84277E-05,1.02051E-05,1.37778E-05,2.16661E-05,1.68737E-05
6.59,3.96973E-05,3.52051E-05,9.52148E-06,1.77624E-05,2.35387E-05,1.79524E-05
6.592,3.93555E-05,3.14453E-05,5.07812E-06,2.11874E-05,2.55277E-05,1.71799E-05
6.594,3.83301E-05,2.42676E-05,-7.27539E-06,2.35977E-05,2.75581E-05,1.46106E-05
6.596,4.80469E-05,3.06641E-05,-6.54297E-06,2.47306E-05,2.94464E-05,1.07492E-05
6.598,4.94141E-05,3.47656E-05,-1.08398E-05,2.46146E-05,3.09756E-05,6.40956E-06
6.6,4.79492E-05,3.97461E-05,-8.49609E-06,2.35594E-05,3.19636E-05,2.47042E-06
6.602,5.10254E-05,4.47754E-05,-6.00586E-06,2.20754E-05,3.23357E-05,-3.61598E-07
6.604,5.04883E-05,4.64844E-05,-6.93359E-06,2.07373E-05,3.2154E-05,-1.73048E-06
6.606,3.53027E-05,3.2666E-05,-2.22168E-05,2.00393E-05,3.16031E-05,-1.68114E-06
6.608,3.40332E-05,2.9834E-05,-2.29004E-05,2.02832E-05,3.09362E-05,-5.90849E-07
6.61,4.67773E-05,3.75977E-05,-4.88281E-06,2.15409E-05,3.04186E-05,1.00758E-06
6.612,4.84863E-05,3.5498E-05,-1.09863E-05,2.36735E-05,3.0261E-05,2.61699E-06
6.614,4.59473E-05,3.03223E-05,-1.87012E-05,2.64095E-05,3.05818E-05,3.93105E-06
6.616,5.69336E-05,4.10156E-05,-6.64062E-06,2.94196E-05,3.13873E-05,4.88759E-06
6.618,5.77148E-05,4.0918E-05,-2.44141E-06,3.23841E-05,3.25783E-05,5.62312E-06
6.62,6.14746E-05,4.15527E-05,-1.02539E-06,3.50207E-05,3.39751E-05,6.34113E-06
6.622,5.98144E-05,4.11621E-05,-6.5918E-06,3.7107E-05,3.53828E-05,7.18997E-06
6.624,5.71777E-05,3.99902E-05,-9.91211E-06,3.84849E-05,3.6641E-05,8.17166E-06
6.626,5.06348E-05,3.82324E-05,-1.49902E-05,3.90782E-05,3.76712E-05,9.14031E-06
6.628,5.69824E-05,4.2041E-05,-8.44726E-06,3.89213E-05,3.8505E-05,9.88085E-06
6.63,6.50879E-05,4.5459E-05,-1.46483E-07,3.8192E-05,3.92898E-05,1.02423E-05
6.632,6.52344E-05,4.42383E-05,3.8086E-06,3.72034E-05,4.02502E-05,1.02395E-05
6.634,5.97168E-05,4.38965E-05,-2.39258E-06,3.63756E-05,4.16325E-05,1.01017E-05
6.636,6.83105E-05,5.59082E-05,2.49024E-06,3.61418E-05,4.36231E-05,1.0216E-05
6.638,5.73242E-05,5.23438E-05,-6.73828E-06,3.68257E-05,4.62741E-05,1.10016E-05
6.64,4.95117E-05,4.98047E-05,-1.06445E-05,3.84998E-05,4.94357E-05,1.27205E-05
6.642,5.70801E-05,5.53223E-05,-2.39258E-06,4.09262E-05,5.27536E-05,1.53489E-05
6.644,7.07031E-05,6.41601E-05,8.00781E-06,4.35923E-05,5.57349E-05,1.85479E-05
6.646,5.9668E-05,5.36133E-05,3.22265E-06,4.58263E-05,5.78507E-05,2.17357E-05
6.648,6.92871E-05,6.1084E-05,7.76367E-06,4.69832E-05,5.86706E-05,2.42597E-05
6.65,7.6416E-05,6.79199E-05,1.6748E-05,4.66712E-05,5.80091E-05,2.56278E-05
6.652,7.18262E-05,6.18652E-05,1.59668E-05,4.49037E-05,5.59991E-05,2.56782E-05
6.654,6.0498E-05,5.05371E-05,6.10351E-06,4.21352E-05,5.30876E-05,2.46509E-05
6.656,6.35254E-05,5.91309E-05,1.32324E-05,3.91419E-05,4.99278E-05,2.31095E-05
6.658,5.34668E-05,5.64941E-05,6.59179E-06,3.67847E-05,4.72019E-05,2.17517E-05
6.66,5.09277E-05,4.56543E-05,-3.66211E-06,3.57102E-05,4.54E-05,2.11526E-05
6.662,5.24902E-05,3.81348E-05,-1.31836E-06,3.61177E-05,4.46572E-05,2.15599E-05
6.664,6.14746E-05,4.68262E-05,1.15723E-05,3.76437E-05,4.46729E-05,2.27908E-05
6.666,6.19629E-05,5.02441E-05,1.24512E-05,3.94475E-05,4.47752E-05,2.42956E-05
6.668,6.71875E-05,5.43945E-05,1.50391E-05,4.04641E-05,4.4112E-05,2.53489E-05
6.67,6.26953E-05,4.59961E-05,1.17188E-05,3.977E-05,4.19324E-05,2.53212E-05
6.672,5.79102E-05,3.99414E-05,8.10547E-06,3.6907E-05,3.78468E-05,2.39111E-05
6.674,4.44336E-05,2.82227E-05,-1.5625E-06,3.20819E-05,3.20094E-05,2.12724E-05
6.676,4.78516E-05,2.93945E-05,3.02734E-06,2.61597E-05,2.51389E-05,1.79785E-05
6.678,3.81836E-05,1.75781E-05,-8.78908E-07,2.04402E-05,1.83743E-05,1.4849E-05
6.68,3.71094E-05,1.82617E-05,-2.2461E-06,1.62541E-05,1.29704E-05,1.26701E-05
6.682,4.17969E-05,1.98242E-05,-2.05078E-06,1.45478E-05,9.95637E-06,1.19422E-05
6.684,3.61816E-05,1.26465E-05,-4.83398E-06,1.55575E-05,9.83092E-06,1.27115E-05
6.686,2.65625E-05,2.73437E-06,-1.20117E-05,1.87065E-05,1.24052E-05,1.45791E-05
6.688,4.90723E-05,2.23145E-05,8.54492E-06,2.2743E-05,1.68294E-05,1.68375E-05
6.69,5.27344E-05,2.7832E-05,8.6914E-06,2.61106E-05,2.18239E-05,1.87212E-05
6.692,4.71191E-05,2.81738E-05,4.44336E-06,2.74152E-05,2.60321E-05,1.96574E-05
6.694,3.32031E-05,2.12891E-05,-6.93359E-06,2.5866E-05,2.84038E-05,1.94512E-05
6.696,4.26758E-05,3.48633E-05,4.29688E-06,2.1517E-05,2.84727E-05,1.83162E-05
6.698,3.96973E-05,3.28613E-05,2.68555E-06,1.52734E-05,2.64662E-05,1.67722E-05
6.7,2.94922E-05,2.50977E-05,-3.125E-06,8.63193E-06,2.31934E-05,1.54353E-05
6.702,2.5293E-05,1.89453E-05,-2.92969E-06,3.25763E-06,1.97795E-05,1.48021E-05
6.704,2.75879E-05,2.14355E-05,3.17383E-06,5.05299E-07,1.72974E-05,1.50795E-05
6.706,1.01074E-05,1.46973E-05,-3.95508E-06,1.04547E-06,1.64402E-05,1.61388E-05
6.708,1.32324E-05,1.87012E-05,-2.39258E-06,4.70285E-06,1.734E-05,1.75932E-05
6.71,2.94434E-05,1.43066E-05,-2.39258E-06,1.05484E-05,1.95722E-05,1.89707E-05
6.712,4.40918E-05,2.25098E-05,6.00586E-06,1.71767E-05,2.2322E-05,1.98892E-05
6.714,4.36035E-05,2.6416E-05,5.12696E-06,2.31118E-05,2.46796E-05,2.01955E-05
6.716,5.31738E-05,3.65723E-05,9.81446E-06,2.71918E-05,2.59388E-05,2E-05
6.718,4.90723E-05,3.19824E-05,3.95508E-06,2.88374E-05,2.58236E-05,1.96142E-05
6.72,4.11133E-05,2.25586E-05,9.76584E-08,2.81062E-05,2.45318E-05,1.93986E-05
6.722,3.98438E-05,1.66992E-05,-1.66015E-06,2.55826E-05,2.26283E-05,1.96199E-05
6.724,4.30664E-05,1.75781E-05,-2.34375E-06,2.21284E-05,2.08152E-05,2.0343E-05
6.726,2.78809E-05,1.1377E-05,-1.19629E-05,1.86157E-05,1.96723E-05,2.14213E-05
6.728,3.37891E-05,2.46094E-05,8.00781E-06,1.57043E-05,1.9449E-05,2.25662E-05
6.73,4.08691E-05,3.15918E-05,2.20215E-05,1.37495E-05,2.00053E-05,2.34853E-05
6.732,3.91113E-05,2.46582E-05,2.21191E-05,1.28168E-05,2.08814E-05,2.3999E-05
6.734,2.70996E-05,1.25488E-05,8.3008E-07,1.27907E-05,2.14971E-05,2.41168E-05
6.736,3.32031E-05,2.19727E-05,2.14844E-06,1.34959E-05,2.13762E-05,2.40201E-05
6.738,2.97363E-05,2.05566E-05,-2.00195E-06,1.47894E-05,2.03354E-05,2.39804E-05
6.74,2.71484E-05,1.62109E-05,-6.25E-06,1.65653E-05,1.85446E-05,2.4227E-05
6.742,3.16406E-05,1.2793E-05,1.75781E-06,1.87148E-05,1.64743E-05,2.48504E-05
6.744,4.78516E-05,2.14844E-05,1.94336E-05,2.10378E-05,1.47151E-05,2.57567E-05
6.746,4.3457E-05,1.2207E-05,1.49414E-05,2.31855E-05,1.37635E-05,2.67032E-05
6.748,4.30664E-05,8.10547E-06,1.20117E-05,2.46658E-05,1.38382E-05,2.73893E-05
6.75,4.16992E-05,1.38672E-05,9.375E-06,2.49571E-05,1.48119E-05,2.75892E-05
6.752,4.0332E-05,2.2168E-05,9.27735E-06,2.3667E-05,1.62496E-05,2.72261E-05
6.754,3.71094E-05,1.65039E-05,2.63672E-06,2.07096E-05,1.75669E-05,2.64022E-05
6.756,3.73047E-05,1.69922E-05,5.85938E-06,1.64067E-05,1.82319E-05,2.53435E-05
6.758,2.11914E-05,9.17969E-06,-6.83592E-07,1.14835E-05,1.79515E-05,2.43042E-05
6.76,2.24121E-05,1.25488E-05,-4.39451E-07,6.91098E-06,1.67514E-05,2.34431E-05
6.762,2.26074E-05,1.81152E-05,4.05274E-06,3.6575E-06,1.49531E-05,2.2751E-05
6.764,2.69043E-05,2.15332E-05,1.53809E-05,2.39928E-06,1.30428E-05,2.20575E-05
6.766,1.83105E-05,6.39649E-06,4.83399E-06,3.30488E-06,1.14915E-05,2.11188E-05
6.768,2.6123E-05,8.34961E-06,2.09961E-06,5.95453E-06,1.05817E-05,1.97361E-05
6.77,2.64648E-05,7.71484E-06,-4.0039E-06,9.45508E-06,1.03288E-05,1.78863E-05
6.772,2.22168E-05,2.19727E-06,-9.22851E-06,1.26879E-05,1.0487E-05,1.57705E-05
6.774,2.08008E-05,1.95313E-06,-1.63086E-05,1.46588E-05,1.0668E-05,1.37949E-05
6.776,3.82813E-05,1.54297E-05,-2.73437E-06,1.48175E-05,1.04967E-05,1.24564E-05
6.778,3.38867E-05,1.26953E-05,-2.63672E-06,1.32428E-05,9.76121E-06,1.2182E-05
6.78,2.89063E-05,8.98438E-06,-3.02734E-06,1.06237E-05,8.49875E-06,1.31684E-05
6.782,2.75391E-05,7.32422E-06,-4.10156E-06,8.05292E-06,6.99289E-06,1.53057E-05
6.784,3.35938E-05,9.375E-06,6.05469E-06,6.65958E-06,5.66555E-06,1.81776E-05
6.786,1.51367E-05,-7.03125E-06,-6.83593E-06,7.23829E-06,4.93845E-06,2.1181E-05
6.788,4.88281E-06,-1.45508E-05,-1.12305E-05,9.96171E-06,5.08489E-06,2.36907E-05
6.79,2.82227E-05,2.63672E-06,5.66406E-06,1.4318E-05,6.16371E-06,2.52505E-05
6.792,4.76074E-05,1.50879E-05,1.57715E-05,1.92553E-05,8.0175E-06,2.56857E-05
6.794,4.5752E-05,1.19629E-05,7.76367E-06,2.35225E-05,1.03642E-05,2.51277E-05
6.796,4.91211E-05,1.98242E-05,1.11328E-05,2.60802E-05,1.29202E-05,2.39384E-05
6.798,4.07227E-05,1.50391E-05,1.95313E-06,2.64687E-05,1.5526E-05,2.25828E-05
6.8,3.21289E-05,9.66797E-06,-6.54297E-06,2.4969E-05,1.81891E-05,2.14671E-05
6.802,3.30566E-05,6.68945E-06,-9.91211E-06,2.25378E-05,2.10661E-05,2.08295E-05
6.804,3.72559E-05,1.85059E-05,-4.39451E-07,2.05088E-05,2.43632E-05,2.06984E-05
6.806,2.80762E-05,1.82129E-05,-4.05273E-06,2.01623E-05,2.82099E-05,2.0947E-05
6.808,4.47754E-05,3.50098E-05,1.05957E-05,2.22826E-05,3.25289E-05,2.13817E-05
6.81,5.30273E-05,4.46289E-05,1.00586E-05,2.68913E-05,3.69934E-05,2.18645E-05
6.812,4.92188E-05,4.24805E-05,4.29688E-06,3.32015E-05,4.10589E-05,2.23849E-05
6.814,4.45801E-05,3.49121E-05,-3.66211E-06,3.98547E-05,4.40983E-05,2.30779E-05
6.816,6.16211E-05,4.16992E-05,2.34375E-06,4.53428E-05,4.55743E-05,2.41625E-05
6.818,6.10352E-05,3.48633E-05,-1.26953E-06,4.84991E-05,4.52219E-05,2.58508E-05
6.82,5.96191E-05,3.44238E-05,9.27737E-07,4.88692E-05,4.31543E-05,2.82364E-05
6.822,6.13281E-05,3.36914E-05,3.32031E-06,4.68806E-05,3.98926E-05,3.12439E-05
6.824,6.86523E-05,4.32617E-05,2.28516E-05,4.37069E-05,3.62683E-05,3.46222E-05
6.826,5.62988E-05,2.9541E-05,2.12402E-05,4.09023E-05,3.32478E-05,3.80084E-05
6.828,5.40527E-05,2.55371E-05,2.52441E-05,3.9894E-05,3.17034E-05,4.1018E-05
6.83,5.13184E-05,2.39746E-05,2.34863E-05,4.15328E-05,3.22251E-05,4.33599E-05
6.832,5.77148E-05,3.22266E-05,2.27539E-05,4.58021E-05,3.4973E-05,4.48965E-05
6.834,6.49414E-05,3.41797E-05,1.38672E-05,5.18175E-05,3.96416E-05,4.56614E-05
6.836,7.80273E-05,4.33594E-05,2.08984E-05,5.8103E-05,4.55293E-05,4.58214E-05
6.838,6.99219E-05,4.16992E-05,1.5918E-05,6.30708E-05,5.17063E-05,4.56193E-05
6.84,7.84668E-05,5.13184E-05,2.44629E-05,6.55086E-05,5.71932E-05,4.52751E-05
6.842,8.05176E-05,5.61035E-05,2.9541E-05,6.49773E-05,6.11767E-05,4.49495E-05
6.844,8.35937E-05,6.46484E-05,3.37891E-05,6.19433E-05,6.31658E-05,4.47282E-05
6.846,7.23144E-05,5.37598E-05,2.18262E-05,5.7637E-05,6.3085E-05,4.46492E-05
6.848,7.13379E-05,5.89355E-05,2.22168E-05,5.36519E-05,6.12588E-05,4.47268E-05
6.85,6.35254E-05,5.56152E-05,1.78223E-05,5.14537E-05,5.83356E-05,4.49906E-05
6.852,5.01465E-05,4.08691E-05,1.24512E-05,5.19157E-05,5.51259E-05,4.5482E-05
6.854,5.49805E-05,3.71094E-05,1.47461E-05,5.50568E-05,5.24216E-05,4.62316E-05
6.856,8.57422E-05,5.25391E-05,3.45703E-05,6.00322E-05,5.08112E-05,4.72108E-05
6.858,9.12598E-05,5.20996E-05,3.42285E-05,6.54072E-05,5.05573E-05,4.83136E-05
6.86,8.53516E-05,4.69727E-05,2.71484E-05,6.95862E-05,5.15327E-05,4.93464E-05
6.862,8.4082E-05,4.64844E-05,2.61719E-05,7.1288E-05,5.32811E-05,5.00802E-05
6.864,8.4668E-05,5.20508E-05,2.96875E-05,6.98882E-05,5.51309E-05,5.03045E-05
6.866,6.65039E-05,4.10156E-05,1.50391E-05,6.55766E-05,5.63813E-05,4.99089E-05
6.868,6.88965E-05,4.38965E-05,2.30957E-05,5.92582E-05,5.64827E-05,4.89283E-05
6.87,6.50879E-05,4.74121E-05,2.76855E-05,5.22789E-05,5.52013E-05,4.7564E-05
6.872,6.05957E-05,5.19043E-05,2.77832E-05,4.6024E-05,5.26722E-05,4.61166E-05
6.874,5.1416E-05,4.31152E-05,1.74316E-05,4.1552E-05,4.93588E-05,4.4892E-05
6.876,6.02051E-05,4.78027E-05,2.50488E-05,3.93464E-05,4.59075E-05,4.40916E-05
6.878,5.39062E-05,3.73047E-05,1.99219E-05,3.92644E-05,4.29566E-05,4.37411E-05
6.88,5.27344E-05,3.13477E-05,1.64063E-05,4.06423E-05,4.09263E-05,4.36551E-05
6.882,5.1709E-05,2.52441E-05,1.65527E-05,4.25456E-05,3.98948E-05,4.35016E-05
6.884,5.80566E-05,3.18848E-05,2.52441E-05,4.40472E-05,3.95741E-05,4.2913E-05
6.886,4.72656E-05,2.24609E-05,1.32813E-05,4.44771E-05,3.94175E-05,4.16387E-05
6.888,5.11719E-05,3.36914E-05,9.96094E-06,4.35509E-05,3.8799E-05,3.96467E-05
6.89,5.73731E-05,4.00879E-05,1.55762E-05,4.13903E-05,3.72493E-05,3.71742E-05
6.892,6.06445E-05,3.55469E-05,1.64063E-05,3.84234E-05,3.46273E-05,3.46746E-05
6.894,4.52637E-05,1.6748E-05,3.66211E-06,3.52369E-05,3.12074E-05,3.26955E-05
6.896,4.61426E-05,1.99707E-05,1.55762E-05,3.24047E-05,2.76184E-05,3.16995E-05
6.898,3.35449E-05,1.34277E-05,6.68946E-06,3.03653E-05,2.46768E-05,3.19204E-05
6.9,3.6084E-05,9.42383E-06,-4.88253E-08,2.93332E-05,2.31354E-05,3.32689E-05
6.902,4.04297E-05,1.17187E-05,1.46485E-06,2.92944E-05,2.34578E-05,3.53606E-05
6.904,5.1123E-05,2.66113E-05,2.05566E-05,3.00394E-05,2.5655E-05,3.76204E-05
6.906,3.88184E-05,1.97754E-05,1.55762E-05,3.12385E-05,2.92742E-05,3.9462E-05
6.908,0.000046875,2.41211E-05,1.875E-05,3.25232E-05,3.35157E-05,4.04588E-05
6.91,4.8584E-05,3.24707E-05,1.86035E-05,3.35865E-05,3.74688E-05,4.04797E-05
6.912,4.02344E-05,3.44727E-05,1.47461E-05,3.42362E-05,4.03502E-05,3.97032E-05
6.914,3.06641E-05,2.48047E-05,3.02735E-06,3.44406E-05,4.17071E-05,3.85424E-05
6.916,4.8584E-05,3.27637E-05,1.57715E-05,3.43267E-05,4.15021E-05,3.7481E-05
6.918,4.95117E-05,2.58789E-05,1.03516E-05,3.41518E-05,4.00859E-05,3.69094E-05
6.92,4.79004E-05,3.45215E-05,9.52149E-06,3.4207E-05,3.80337E-05,3.69718E-05
6.922,5.39063E-05,3.67188E-05,1.54297E-05,3.47259E-05,3.59527E-05,3.75252E-05
6.924,4.93164E-05,2.45117E-05,1.70898E-05,3.57821E-05,3.4297E-05,3.81911E-05
6.926,2.97852E-05,8.59375E-06,2.2461E-06,3.72277E-05,3.32591E-05,3.84938E-05
6.928,4.76074E-05,2.3584E-05,1.4502E-05,3.86795E-05,3.27452E-05,3.80116E-05
6.93,5.26855E-05,2.47559E-05,1.4502E-05,3.96087E-05,3.24712E-05,3.6531E-05
6.932,5.35645E-05,2.78809E-05,1.14746E-05,3.94687E-05,3.20901E-05,3.41073E-05
6.934,4.15039E-05,1.97266E-05,-4.58984E-06,3.7875E-05,3.13341E-05,3.1051E-05
6.936,5.08301E-05,2.92481E-05,3.95508E-06,3.47464E-05,3.0093E-05,2.78142E-05
6.938,4.19922E-05,1.73828E-05,2.44141E-06,3.0393E-05,2.84373E-05,2.48549E-05
6.94,2.97852E-05,5.85938E-06,-3.90625E-06,2.54816E-05,2.65637E-05,2.24997E-05
6.942,2.82715E-05,7.27539E-06,-1.20605E-05,2.08916E-05,2.4706E-05,2.08679E-05
6.944,3.75488E-05,2.15332E-05,-4.05273E-06,1.74791E-05,2.30359E-05,1.98625E-05
6.946,2.4707E-05,1.23047E-05,-1.08398E-05,1.58431E-05,2.16163E-05,1.92489E-05
6.948,1.86035E-05,1.05957E-05,-6.00586E-06,1.61424E-05,2.03965E-05,1.87571E-05
6.95,2.08008E-05,8.39844E-06,-7.8125E-06,1.80548E-05,1.92748E-05,1.8205E-05
6.952,3.09082E-05,9.42383E-06,-6.20117E-06,2.08524E-05,1.81536E-05,1.75477E-05
6.954,3.00293E-05,-1.80664E-06,-1.34277E-05,2.3613E-05,1.70066E-05,1.68816E-05
6.956,4.46289E-05,9.96094E-06,-6.15234E-06,2.54884E-05,1.59018E-05,1.63844E-05
6.958,3.92578E-05,6.83594E-06,-1.30859E-05,2.59592E-05,1.49944E-05,1.62387E-05
6.96,3.32031E-05,5.66406E-06,-1.47461E-05,2.49564E-05,1.44559E-05,1.65288E-05
6.962,2.42188E-05,-1.66016E-06,-1.5918E-05,2.28777E-05,1.44218E-05,1.72153E-05
6.964,2.99316E-05,2.00196E-06,-3.56445E-06,2.04456E-05,1.49314E-05,1.81418E-05
6.966,1.84082E-05,-4.44336E-06,-1.41113E-05,1.84719E-05,1.59108E-05,1.90933E-05
6.968,2.78809E-05,5.51758E-06,-7.37304E-06,1.75878E-05,1.71799E-05,1.98585E-05
6.97,3.46191E-05,1.49902E-05,7.32426E-07,1.80703E-05,1.85192E-05,2.031E-05
6.972,3.20313E-05,1.71875E-05,1.07422E-06,1.97661E-05,1.97195E-05,2.04197E-05
6.974,2.07031E-05,5.66406E-06,-1.54297E-05,2.2172E-05,2.06356E-05,2.02496E-05
6.976,3.38379E-05,1.15723E-05,-9.81445E-06,2.46035E-05,2.12084E-05,1.98915E-05
6.978,3.20801E-05,5.0293E-06,-1.37207E-05,2.64322E-05,2.14816E-05,1.94252E-05
6.98,3.5791E-05,2.39258E-06,-1.60644E-05,2.72695E-05,2.15728E-05,1.88739E-05
6.982,3.70117E-05,-9.76553E-08,-1.58203E-05,2.70781E-05,2.16532E-05,1.82227E-05
6.984,4.14063E-05,1.70898E-05,1.5625E-06,2.6144E-05,2.19003E-05,1.74557E-05
6.986,2.58789E-05,1.02539E-05,-7.1289E-06,2.49517E-05,2.24641E-05,1.66147E-05
6.988,2.97852E-05,1.52344E-05,-9.375E-06,2.39934E-05,2.34245E-05,1.58209E-05
6.99,3.0127E-05,1.93848E-05,-1.15723E-05,2.36139E-05,2.47738E-05,1.52838E-05
6.992,3.05176E-05,1.92871E-05,-1.45996E-05,2.38846E-05,2.63806E-05,1.52229E-05
6.994,2.18262E-05,4.24805E-06,-2.83691E-05,2.4596E-05,2.79934E-05,1.57754E-05
6.996,3.90625E-05,1.23047E-05,-1.76758E-05,2.53395E-05,2.92652E-05,1.68981E-05
6.998,3.8916E-05,1.05957E-05,-8.93555E-06,2.56646E-05,2.98318E-05,1.83363E-05
7,3.97949E-05,1.53809E-05,7.32422E-07,2.52217E-05,2.93937E-05,1.96411E-05
7.002,3.28125E-05,1.69922E-05,-4.0039E-06,2.38922E-05,2.78311E-05,2.02976E-05
7.004,2.22656E-05,2.13867E-05,-5.27343E-06,2.18309E-05,2.52844E-05,1.98909E-05
7.006,5.85938E-06,2.83203E-06,-2.37305E-05,1.94219E-05,2.21746E-05,1.82718E-05
7.008,2.44629E-05,8.1543E-06,-1.43066E-05,1.71461E-05,1.91219E-05,1.56366E-05
7.01,3.24707E-05,6.88477E-06,-1.43066E-05,1.54479E-05,1.68083E-05,1.25241E-05
7.012,2.96875E-05,5.66406E-06,-1.75781E-05,1.45981E-05,1.57744E-05,9.67253E-06
7.014,1.16699E-05,-1.12793E-05,-3.43262E-05,1.46258E-05,1.62445E-05,7.80723E-06
7.016,2.63672E-05,2.14844E-06,-1.75781E-05,1.53182E-05,1.80162E-05,7.4004E-06
7.018,2.57324E-05,7.56836E-06,-1.57715E-05,1.63094E-05,2.04905E-05,8.52048E-06
7.02,1.91895E-05,8.93555E-06,-1.93848E-05,1.71827E-05,2.28149E-05,1.07794E-05
7.022,1.96777E-05,1.15723E-05,-1.68457E-05,1.76089E-05,2.41447E-05,1.34525E-05
7.024,2.70996E-05,1.7627E-05,-9.0332E-06,1.74352E-05,2.39117E-05,1.56992E-05
7.026,1.47461E-05,2.34375E-06,-2.31445E-05,1.67198E-05,2.2033E-05,1.68371E-05
7.028,1.92871E-05,2.29492E-06,-2.12402E-05,1.56841E-05,1.89556E-05,1.65488E-05
7.03,1.94824E-05,-4.39452E-07,-1.72363E-05,1.46383E-05,1.55477E-05,1.49924E-05
7.032,2.24609E-05,0,-1.13281E-05,1.38447E-05,1.2808E-05,1.27192E-05
7.034,2.25586E-05,-1.13281E-05,-1.57227E-05,1.34258E-05,1.15362E-05,1.04757E-05
7.036,3.18359E-05,4.19922E-06,-1.18164E-05,1.33036E-05,1.20392E-05,8.92776E-06
7.038,2.0166E-05,4.24805E-06,-2.47559E-05,1.32227E-05,1.40109E-05,8.43762E-06
7.04,5.41992E-06,-1.31836E-06,-3.03223E-05,1.2824E-05,1.65905E-05,8.93808E-06
7.042,-5.37109E-07,-4.73633E-06,-3.2373E-05,1.1778E-05,1.86389E-05,9.98045E-06
7.044,1.46973E-05,4.24805E-06,-1.83105E-05,9.90646E-06,1.91099E-05,1.09109E-05
7.046,1.25488E-05,-6.5918E-06,-2.56348E-05,7.28369E-06,1.74235E-05,1.11377E-05
7.048,1.97754E-05,3.17383E-06,-1.47949E-05,4.24892E-06,1.36781E-05,1.03492E-05
7.05,1.7041E-05,3.27149E-06,-1.21582E-05,1.36066E-06,8.66836E-06,8.65487E-06
7.052,7.66602E-06,-4.24805E-06,-1.7041E-05,-7.54237E-07,3.6498E-06,6.54039E-06
7.054,-5.85938E-06,-2.35352E-05,-3.4375E-05,-1.57225E-06,-4.23627E-08,4.69034E-06
7.056,2.7832E-06,-1.95801E-05,-2.88574E-05,-8.41667E-07,-1.42067E-06,3.72089E-06
7.058,-1.5625E-06,-2.45117E-05,-3.48633E-05,1.32673E-06,-1.57086E-07,3.94582E-06
7.06,-9.76563E-08,-2.02148E-05,-3.51562E-05,4.43437E-06,3.29198E-06,5.22426E-06
7.062,4.83398E-06,-1.30371E-05,-3.38379E-05,7.71431E-06,7.83395E-06,7.01155E-06
7.064,2.68066E-05,7.86133E-06,-1.03027E-05,1.03115E-05,1.20659E-05,8.53581E-06
7.066,2.15332E-05,3.85742E-06,-1.53809E-05,1.15032E-05,1.47035E-05,9.0751E-06
7.068,2.16309E-05,1.12305E-06,-2.23144E-05,1.08699E-05,1.4938E-05,8.19927E-06
7.07,1.70898E-05,-3.41797E-06,-2.71484E-05,8.41144E-06,1.26531E-05,5.93559E-06
7.072,3.66211E-06,-6.10351E-06,-2.70019E-05,4.52192E-06,8.38395E-06,2.73951E-06
7.074,-1.5625E-05,-2.51953E-05,-4.22852E-05,-1.35985E-07,3.09018E-06,-6.82568E-07
7.076,-2.53906E-06,-2.40234E-05,-3.7207E-05,-4.82878E-06,-2.18971E-06,-3.64741E-06
7.078,-6.98242E-06,-3.27637E-05,-4.49707E-05,-8.94546E-06,-6.66917E-06,-5.74089E-06
7.08,-5.46875E-06,-2.77344E-05,-4.27734E-05,-1.21821E-05,-1.00608E-05,-6.99602E-06
7.082,-6.64063E-06,-2.38281E-05,-3.98437E-05,-1.4586E-05,-1.25947E-05,-7.86721E-06
7.084,-1.85547E-06,-1.75781E-05,-3.05664E-05,-1.65086E-05,-1.4872E-05,-9.05906E-06
7.086,-2.12891E-05,-3.44727E-05,-4.48242E-05,-1.84471E-05,-1.75759E-05,-1.12377E-05
7.088,-2.05078E-05,-3.76953E-05,-4.56055E-05,-2.08634E-05,-2.11864E-05,-1.47643E-05
7.09,-2.00684E-05,-4.5166E-05,-5.16113E-05,-2.39975E-05,-2.57531E-05,-1.95115E-05
7.092,-2.77344E-05,-5.9375E-05,-6.15234E-05,-2.7774E-05,-3.08432E-05,-2.48718E-05
7.094,-4.54102E-05,-7.57813E-05,-8.21289E-05,-3.17962E-05,-3.56481E-05,-2.99178E-05
7.096,-2.79297E-05,-5.13672E-05,-6.2793E-05,-3.54563E-05,-3.92346E-05,-3.36988E-05
7.098,-2.9541E-05,-4.47754E-05,-5.94238E-05,-3.8096E-05,-4.08196E-05,-3.55332E-05
7.1,-3.70605E-05,-5.12207E-05,-6.87988E-05,-3.92037E-05,-4.00196E-05,-3.5235E-05
7.102,-3.30078E-05,-5.51758E-05,-7.08984E-05,-3.85545E-05,-3.69625E-05,-3.31535E-05
7.104,-1.7334E-05,-4.50684E-05,-5.4541E-05,-3.62906E-05,-3.22726E-05,-3.00576E-05
7.106,-4.26758E-05,-6.14258E-05,-7.07031E-05,-3.28906E-05,-2.69091E-05,-2.68833E-05
7.108,-4.4043E-05,-4.86328E-05,-6.5918E-05,-2.90763E-05,-2.19525E-05,-2.44623E-05
7.11,-2.99805E-05,-3.45703E-05,-5.55664E-05,-2.56385E-05,-1.83507E-05,-2.32845E-05
7.112,-1.37207E-05,-2.71973E-05,-4.76074E-05,-2.32868E-05,-1.67481E-05,-2.34264E-05
7.114,-2.00195E-05,-4.30664E-05,-6.2207E-05,-2.24967E-05,-1.73744E-05,-2.46041E-05
7.116,-1.10352E-05,-3.79883E-05,-5.88867E-05,-2.3432E-05,-2.00439E-05,-2.63557E-05
7.118,-2.29004E-05,-3.88184E-05,-6.57715E-05,-2.59169E-05,-2.42243E-05,-2.82336E-05
7.12,-2.70508E-05,-4.80469E-05,-6.93359E-05,-2.95021E-05,-2.91759E-05,-2.9973E-05
7.122,-3.97949E-05,-5.89355E-05,-7.27051E-05,-3.3553E-05,-3.40885E-05,-3.1532E-05
7.124,-4.17969E-05,-5.64453E-05,-6.24023E-05,-3.73737E-05,-3.82226E-05,-3.303E-05
7.126,-5.10742E-05,-6.8457E-05,-7.13867E-05,-4.03266E-05,-4.10058E-05,-3.45887E-05
7.128,-3.9502E-05,-6.11816E-05,-7.13379E-05,-4.19597E-05,-4.2121E-05,-3.61969E-05
7.13,-2.97363E-05,-5.61035E-05,-6.61621E-05,-4.2067E-05,-4.15268E-05,-3.76159E-05
7.132,-2.91504E-05,-5.4834E-05,-6.58691E-05,-4.07304E-05,-3.94607E-05,-3.8422E-05
7.134,-4.19434E-05,-6.40137E-05,-8.39355E-05,-3.82898E-05,-3.63795E-05,-3.81335E-05
7.136,-3.31055E-05,-5.04883E-05,-7.37305E-05,-3.5275E-05,-3.28781E-05,-3.64127E-05
7.138,-3.69629E-05,-5.12207E-05,-7.30957E-05,-3.22838E-05,-2.95566E-05,-3.32245E-05
7.14,-4.15527E-05,-5.26855E-05,-6.89941E-05,-2.98733E-05,-2.69114E-05,-2.89248E-05
7.142,-3.83301E-05,-5.1123E-05,-6.53809E-05,-2.84279E-05,-2.52221E-05,-2.41837E-05
7.144,-1.70898E-05,-3.75E-05,-4.33594E-05,-2.80815E-05,-2.45103E-05,-1.9809E-05
7.146,-2.36816E-05,-4.57519E-05,-4.97559E-05,-2.86911E-05,-2.45539E-05,-1.65046E-05
7.148,-0.000021875,-4.375E-05,-4.92187E-05,-2.98967E-05,-2.49849E-05,-1.46653E-05
7.15,-2.68555E-05,-4.49219E-05,-5.06836E-05,-3.12053E-05,-2.54012E-05,-1.4254E-05
7.152,-3.42773E-05,-4.48242E-05,-5.11719E-05,-3.21343E-05,-2.55102E-05,-1.48554E-05
7.154,-4.95605E-05,-5.58105E-05,-6.3916E-05,-3.23246E-05,-2.52103E-05,-1.58381E-05
7.156,-3.27637E-05,-4.41895E-05,-5.13184E-05,-3.16248E-05,-2.46155E-05,-1.65973E-05
7.158,-3.20313E-05,-5.11719E-05,-5.56641E-05,-3.01004E-05,-2.39811E-05,-1.67532E-05
7.16,-3.06152E-05,-5.05371E-05,-5.23926E-05,-2.80212E-05,-2.36105E-05,-1.62894E-05
7.162,-2.47559E-05,-4.47754E-05,-5.20019E-05,-2.57618E-05,-2.37132E-05,-1.55128E-05
7.164,-8.59375E-06,-3.05664E-05,-4.28711E-05,-2.37008E-05,-2.43146E-05,-1.49035E-05
7.166,-2.34375E-05,-4.28711E-05,-5.63477E-05,-2.21141E-05,-2.52144E-05,-1.48808E-05
7.168,-2.6123E-05,-4.93652E-05,-5.50293E-05,-2.11409E-05,-2.60539E-05,-1.56237E-05
7.17,-2.40723E-05,-5.39551E-05,-5.02441E-05,-2.07745E-05,-2.64293E-05,-1.69668E-05
7.172,-2.72949E-05,-5.7959E-05,-5.32715E-05,-2.09162E-05,-2.60473E-05,-1.84568E-05
7.174,-3.9502E-05,-6.53809E-05,-7.3291E-05,-2.14341E-05,-2.48391E-05,-1.95195E-05
7.176,-1.48926E-05,-3.66699E-05,-5.47363E-05,-2.22341E-05,-2.3021E-05,-1.97017E-05
7.178,-1.87012E-05,-3.03223E-05,-5.20996E-05,-2.32762E-05,-2.10398E-05,-1.88556E-05
7.18,-2.03613E-05,-3.30566E-05,-5.10254E-05,-2.45774E-05,-1.94616E-05,-1.72319E-05
7.182,-2.41211E-05,-4.22852E-05,-5.41992E-05,-2.61501E-05,-1.87908E-05,-1.54009E-05
7.184,-2.70996E-05,-4.2041E-05,-4.81934E-05,-2.79489E-05,-1.93175E-05,-1.40596E-05
7.186,-4.47266E-05,-5.9668E-05,-6.07422E-05,-2.98207E-05,-2.10043E-05,-1.37665E-05
7.188,-4.18945E-05,-5.57617E-05,-5.71289E-05,-3.15065E-05,-2.34921E-05,-1.47288E-05
7.19,-3.54004E-05,-4.83887E-05,-5.31738E-05,-3.26653E-05,-2.61727E-05,-1.66822E-05
7.192,-2.85156E-05,-4.13086E-05,-4.87305E-05,-3.29605E-05,-2.83484E-05,-1.8964E-05
7.194,-3.5791E-05,-5.23926E-05,-6.41113E-05,-3.21452E-05,-2.93937E-05,-2.07194E-05
7.196,-2.37793E-05,-4.42871E-05,-5.4248E-05,-3.0152E-05,-2.89087E-05,-2.11956E-05
7.198,-2.76855E-05,-5.09277E-05,-5.80566E-05,-2.71246E-05,-2.67869E-05,-1.99849E-05
7.2,-3.53027E-05,-5.91309E-05,-6.75293E-05,-2.34244E-05,-2.32377E-05,-1.71865E-05
7.202,-2.82227E-05,-4.98047E-05,-5.99609E-05,-1.95537E-05,-1.87181E-05,-1.33753E-05
7.204,-7.4707E-06,-2.65137E-05,-3.30566E-05,-1.60509E-05,-1.38341E-05,-9.42307E-06
7.206,-2.6416E-05,-3.91113E-05,-5.1709E-05,-1.33626E-05,-9.21288E-06,-6.20738E-06
7.208,-1.97754E-05,-3.11035E-05,-4.5166E-05,-1.17565E-05,-5.41066E-06,-4.34865E-06
7.21,-7.95898E-06,-2.46582E-05,-3.66699E-05,-1.1254E-05,-2.82639E-06,-4.01402E-06
7.212,-6.39648E-06,-2.00684E-05,-3.65723E-05,-1.16517E-05,-1.67185E-06,-4.90678E-06
7.214,-2.28516E-05,-3.03711E-05,-5.5957E-05,-1.25765E-05,-1.95099E-06,-6.38832E-06
7.216,-1.38672E-05,-2.44141E-05,-4.75586E-05,-1.36004E-05,-3.48061E-06,-7.72709E-06
7.218,-1.95313E-05,-3.59375E-05,-5.00977E-05,-1.43484E-05,-5.91533E-06,-8.35296E-06
7.22,-2.56836E-05,-4.31641E-05,-5.26367E-05,-1.46027E-05,-8.80128E-06,-8.05349E-06
7.222,-2.40723E-05,-4.27246E-05,-5.34668E-05,-1.4341E-05,-1.16253E-05,-7.01487E-06
7.224,-5.61523E-06,-2.52441E-05,-3.51074E-05,-1.37389E-05,-1.3913E-05,-5.74555E-06
7.226,-1.88477E-05,-3.7207E-05,-4.33594E-05,-1.30984E-05,-1.53042E-05,-4.8668E-06
7.228,-1.63086E-05,-3.84766E-05,-4.20898E-05,-1.27597E-05,-1.56354E-05,-4.88923E-06
7.23,-1.60156E-05,-4.22852E-05,-0.00004375,-1.29806E-05,-1.49709E-05,-6.01757E-06
7.232,-1.86035E-05,-4.27246E-05,-4.7998E-05,-1.38594E-05,-1.36081E-05,-8.0938E-06
7.234,-2.84668E-05,-4.8291E-05,-6.32324E-05,-1.52873E-05,-1.20099E-05,-1.06545E-05
7.236,-1.54297E-05,-3.44727E-05,-5.23437E-05,-1.69729E-05,-1.0702E-05,-1.31026E-05
7.238,-2.38281E-05,-3.69141E-05,-5.9082E-05,-1.8496E-05,-1.01224E-05,-1.48913E-05
7.24,-2.90527E-05,-3.46191E-05,-5.83496E-05,-1.9436E-05,-1.0521E-05,-1.57095E-05
7.242,-2.77344E-05,-3.50586E-05,-5.51758E-05,-1.94793E-05,-1.18879E-05,-1.55562E-05
7.244,-1.21582E-05,-3.08105E-05,-4.4873E-05,-1.85155E-05,-1.39623E-05,-1.47166E-05
7.246,-2.0752E-05,-4.68262E-05,-5.53223E-05,-1.66713E-05,-1.63045E-05,-1.36322E-05
7.248,-1.96289E-05,-5.03906E-05,-5.49805E-05,-1.43093E-05,-1.84412E-05,-1.27619E-05
7.25,-2.0166E-05,-5.07324E-05,-5.37598E-05,-1.19339E-05,-1.9995E-05,-1.24326E-05
7.252,-2.06055E-05,-4.76562E-05,-5.44922E-05,-1.00774E-05,-2.07954E-05,-1.2768E-05
7.254,-2.7832E-05,-5.6543E-05,-7.04102E-05,-9.1623E-06,-2.09005E-05,-1.36843E-05
7.256,-3.27148E-06,-3.67676E-05,-5.25879E-05,-9.40817E-06,-2.05675E-05,-1.49781E-05
7.258,-8.98437E-06,-4.24805E-05,-5.48828E-05,-1.07618E-05,-2.01355E-05,-1.64122E-05
7.26,-1.9043E-05,-5.0293E-05,-5.75195E-05,-1.29246E-05,-1.99166E-05,-1.78161E-05
7.262,-2.56348E-05,-5.22949E-05,-6.0498E-05,-1.54226E-05,-2.00867E-05,-1.91195E-05
7.264,-1.5625E-05,-4.23828E-05,-5.36133E-05,-1.77411E-05,-2.06526E-05,-2.035E-05
7.266,-3.16406E-05,-5.14648E-05,-6.89453E-05,-1.94456E-05,-2.14594E-05,-2.15659E-05
7.268,-3.62793E-05,-5.05371E-05,-6.88965E-05,-2.02965E-05,-2.22804E-05,-2.27991E-05
7.27,-3.0957E-05,-5.43945E-05,-7.28516E-05,-2.02816E-05,-2.29093E-05,-2.39977E-05
7.272,-1.83105E-05,-5.03418E-05,-6.59668E-05,-1.96215E-05,-2.32638E-05,-2.50391E-05
7.274,-2.37305E-05,-5.82031E-05,-7.28516E-05,-1.86828E-05,-2.34104E-05,-2.57637E-05
7.276,-1.50391E-05,-0.000046875,-5.73242E-05,-1.78746E-05,-2.35369E-05,-2.60503E-05
7.278,-2.46094E-05,-4.69727E-05,-6.52344E-05,-1.75291E-05,-2.3856E-05,-2.58664E-05
7.28,-3.34961E-05,-5.10742E-05,-7.19727E-05,-1.78344E-05,-2.45171E-05,-2.53076E-05
7.282,-3.24219E-05,-5.74219E-05,-7.34375E-05,-1.87926E-05,-2.55164E-05,-2.45638E-05
7.284,-1.59668E-05,-4.87793E-05,-5.86426E-05,-2.02482E-05,-2.66799E-05,-2.38642E-05
7.286,-3.44727E-05,-6.71875E-05,-7.8418E-05,-2.19381E-05,-2.76977E-05,-2.338E-05
7.288,-3.94531E-05,-6.61133E-05,-7.41211E-05,-2.35879E-05,-2.82425E-05,-2.31743E-05
7.29,-3.02246E-05,-5.36621E-05,-5.60059E-05,-2.49767E-05,-2.80884E-05,-2.31674E-05
7.292,-2.40234E-05,-4.75586E-05,-5.36133E-05,-2.59966E-05,-2.72212E-05,-2.31831E-05
7.294,-3.48633E-05,-5.69336E-05,-7.48047E-05,-2.66571E-05,-2.58723E-05,-2.30146E-05
7.296,-2.58789E-05,-4.54102E-05,-6.54297E-05,-2.7075E-05,-2.44878E-05,-2.25273E-05
7.298,-3.93555E-05,-5.37109E-05,-6.70898E-05,-2.74154E-05,-2.36044E-05,-2.17161E-05
7.3,-4.85352E-05,-6.18164E-05,-7.08008E-05,-2.7845E-05,-2.36993E-05,-2.07318E-05
7.302,-4.83398E-05,-6.70898E-05,-7.25586E-05,-2.84648E-05,-2.50208E-05,-1.9821E-05
7.304,-2.55859E-05,-4.98047E-05,-5.3418E-05,-2.92886E-05,-2.74995E-05,-1.92448E-05
7.306,-3.45215E-05,-5.85449E-05,-6.21582E-05,-3.02256E-05,-3.07265E-05,-1.91613E-05
7.308,-3.39844E-05,-5.9082E-05,-6.12305E-05,-3.11106E-05,-3.4049E-05,-1.95585E-05
7.31,-3.79395E-05,-6.34277E-05,-6.18652E-05,-3.17341E-05,-3.67161E-05,-2.0225E-05
7.312,-3.98926E-05,-6.63574E-05,-6.26465E-05,-3.19095E-05,-3.80853E-05,-2.0819E-05
7.314,-5.1123E-05,-7.76855E-05,-7.48535E-05,-3.15104E-05,-3.77858E-05,-2.0973E-05
7.316,-3.97949E-05,-6.83105E-05,-6.61621E-05,-3.05148E-05,-3.58283E-05,-2.04333E-05
7.318,-4.41406E-05,-6.96289E-05,-7.03125E-05,-2.90102E-05,-3.25993E-05,-1.91528E-05
7.32,-3.65723E-05,-5.94238E-05,-6.23535E-05,-2.71973E-05,-2.8768E-05,-1.73321E-05
7.322,-2.87109E-05,-5.08789E-05,-5.68359E-05,-2.53425E-05,-2.5096E-05,-1.53598E-05
7.324,-1.6748E-05,-3.77441E-05,-4.70215E-05,-2.37172E-05,-2.22434E-05,-1.36954E-05
7.326,-3.49121E-05,-5.19043E-05,-6.05957E-05,-2.25198E-05,-2.05846E-05,-1.26945E-05
7.328,-3.64258E-05,-5.5957E-05,-5.98633E-05,-2.18408E-05,-2.01279E-05,-1.24895E-05
7.33,-3.85254E-05,-6.27441E-05,-6.0498E-05,-2.16143E-05,-2.05087E-05,-1.29082E-05
7.332,-3.79883E-05,-5.88867E-05,-5.92773E-05,-2.16363E-05,-2.11084E-05,-1.35166E-05
7.334,-3.92578E-05,-6.07422E-05,-7.26563E-05,-2.16016E-05,-2.12294E-05,-1.37366E-05
7.336,-1.61621E-05,-3.78418E-05,-5.68848E-05,-2.11885E-05,-2.03176E-05,-1.30339E-05
7.338,-1.74805E-05,-3.85742E-05,-4.7168E-05,-2.01355E-05,-1.81281E-05,-1.10839E-05
7.34,-2.7832E-05,-4.16992E-05,-4.75586E-05,-1.83251E-05,-1.48256E-05,-7.89476E-06
7.342,-3.76465E-05,-4.84863E-05,-5.40527E-05,-1.58038E-05,-1.09451E-05,-3.80889E-06
7.344,-2.09473E-05,-4.10644E-05,-4.16504E-05,-1.27815E-05,-7.26918E-06,5.76957E-07
7.346,-2.50488E-05,-4.7998E-05,-4.73145E-05,-9.56346E-06,-4.60144E-06,4.59492E-06
7.348,-1.93848E-05,-4.13574E-05,-4.37012E-05,-6.47928E-06,-3.54018E-06,7.68637E-06
7.35,-1.40137E-05,-3.5791E-05,-4.18457E-05,-3.78328E-06,-4.27661E-06,9.56905E-06
7.352,-9.42383E-06,-3.19824E-05,-3.43262E-05,-1.60589E-06,-6.52315E-06,1.02932E-05
7.354,-1.47461E-05,-3.95508E-05,-3.90625E-05,6.35939E-08,-9.56888E-06,1.01989E-05
7.356,1.9043E-06,-3.49121E-05,-2.19238E-05,1.31747E-06,-1.24812E-05,9.75501E-06
7.358,-3.95508E-06,-4.78027E-05,-3.00293E-05,2.27574E-06,-1.43549E-05,9.39419E-06
7.36,-1.23047E-05,-5.52734E-05,-4.59961E-05,3.00003E-06,-1.45951E-05,9.33369E-06
7.362,-1.3623E-05,-5.02441E-05,-4.71191E-05,3.45022E-06,-1.30937E-05,9.49264E-06
7.364,-8.69141E-06,-4.16016E-05,-3.7793E-05,3.47021E-06,-1.02905E-05,9.50461E-06
7.366,-2.29492E-05,-5.35156E-05,-4.89258E-05,2.8499E-06,-7.0548E-06,8.86115E-06
7.368,-6.68945E-06,-3.35449E-05,-3.48145E-05,1.39635E-06,-4.45428E-06,7.09019E-06
7.37,1.95313E-07,-2.65625E-05,-3.19336E-05,-9.60419E-07,-3.43272E-06,3.95756E-06
7.372,-8.44727E-06,-3.3252E-05,-4.28223E-05,-4.10843E-06,-4.53446E-06,-4.14351E-07
7.374,-2.3877E-05,-4.69238E-05,-6.16699E-05,-7.73529E-06,-7.72961E-06,-5.52303E-06
7.376,-0.000021875,-4.39453E-05,-5.73242E-05,-1.13965E-05,-1.24216E-05,-1.06094E-05
7.378,-2.9248E-05,-5.10254E-05,-6.16699E-05,-1.4603E-05,-1.75961E-05,-1.48435E-05
7.38,-3.59863E-05,-5.7959E-05,-6.84082E-05,-1.69548E-05,-2.21121E-05,-1.75661E-05
7.382,-4.01855E-05,-7.06543E-05,-7.78809E-05,-1.82273E-05,-2.50019E-05,-1.84634E-05
7.384,-2.07031E-05,-5.71289E-05,-6.2207E-05,-1.84291E-05,-2.57324E-05,-1.76651E-05
7.386,-2.87598E-05,-5.85449E-05,-6.1084E-05,-1.77752E-05,-2.4314E-05,-1.56948E-05
7.388,-2.97852E-05,-5.19531E-05,-5.74219E-05,-1.66229E-05,-2.12632E-05,-1.33284E-05
7.39,-2.41699E-05,-4.62402E-05,-5.55176E-05,-1.5347E-05,-1.73995E-05,-1.13589E-05
7.392,-2.06543E-05,-4.5752E-05,-5.56152E-05,-1.42435E-05,-1.36014E-05,-1.03943E-05
7.394,-3.38379E-05,-5.27832E-05,-6.94824E-05,-1.34559E-05,-1.05578E-05,-1.07044E-05
7.396,-2.45605E-05,-3.93066E-05,-6.21582E-05,-1.29803E-05,-8.63092E-06,-1.21954E-05
7.398,-3.00293E-05,-4.83887E-05,-6.82129E-05,-1.2706E-05,-7.82821E-06,-1.44785E-05
7.4,-3.33984E-05,-4.93164E-05,-6.70898E-05,-1.2512E-05,-7.9178E-06,-1.70427E-05
7.402,-2.66602E-05,-4.49219E-05,-6.61133E-05,-1.23347E-05,-8.58779E-06,-1.94285E-05
7.404,-1.24512E-05,-3.56934E-05,-6.03027E-05,-1.2217E-05,-9.61036E-06,-2.13766E-05
7.406,-2.68066E-05,-4.61426E-05,-7.59277E-05,-1.22892E-05,-1.09079E-05,-2.2867E-05
7.408,-2.37305E-05,-4.15039E-05,-7.33398E-05,-1.27229E-05,-1.25417E-05,-2.40897E-05
7.41,-2.68066E-05,-5.08301E-05,-7.60254E-05,-1.36214E-05,-1.45762E-05,-2.53072E-05
7.412,-3.20801E-05,-5.95215E-05,-7.86621E-05,-1.49406E-05,-1.69302E-05,-2.67119E-05
7.414,-4.4043E-05,-7.38281E-05,-8.82813E-05,-1.64294E-05,-1.92577E-05,-2.82985E-05
7.416,-2.30957E-05,-4.74121E-05,-7.23145E-05,-1.76638E-05,-2.09564E-05,-2.98361E-05
7.418,-2.80273E-05,-4.47266E-05,-7.66602E-05,-1.81283E-05,-2.12847E-05,-3.09144E-05
7.42,-3.28125E-05,-5.40039E-05,-8.26172E-05,-1.73635E-05,-1.96051E-05,-3.10905E-05
7.422,-3.17383E-05,-5.6543E-05,-8.33984E-05,-1.51027E-05,-1.5628E-05,-3.00403E-05
7.424,-1.9873E-05,-4.30176E-05,-6.74316E-05,-1.13954E-05,-9.60285E-06,-2.7707E-05
7.426,-2.76367E-05,-4.59961E-05,-8.17383E-05,-6.62835E-06,-2.34776E-06,-2.43437E-05
7.428,-1.60156E-05,-3.49609E-05,-7.54883E-05,-1.48104E-06,4.88626E-06,-2.04865E-05
7.43,-1.05469E-05,-2.92969E-05,-7.06055E-05,3.22769E-06,1.0725E-05,-1.68037E-05
7.432,-4.73633E-06,-1.84082E-05,-6.17676E-05,6.71597E-06,1.40274E-05,-1.39216E-05
7.434,-1.16211E-05,-2.09961E-05,-6.61133E-05,8.43002E-06,1.42194E-05,-1.2246E-05
7.436,-2.24609E-06,-1.91406E-05,-5.38086E-05,8.16457E-06,1.14541E-05,-1.18706E-05
7.438,-1.09375E-05,-3.21289E-05,-6.07422E-05,6.12581E-06,6.5853E-06,-1.25555E-05
7.44,-1.64551E-05,-4.06738E-05,-6.87012E-05,2.88105E-06,9.25396E-07,-1.38241E-05
7.442,-1.65039E-05,-4.19922E-05,-7.03125E-05,-7.72794E-07,-4.11979E-06,-1.51174E-05
7.444,-1.09863E-05,-3.9209E-05,-6.41113E-05,-4.00343E-06,-7.44352E-06,-1.59687E-05
7.446,-2.97852E-05,-5.69336E-05,-7.73438E-05,-6.11088E-06,-8.49492E-06,-1.61009E-05
7.448,-1.86523E-05,-4.58008E-05,-6.58203E-05,-6.6767E-06,-7.37811E-06,-1.54779E-05
7.45,-1.7334E-05,-3.84277E-05,-6.01074E-05,-5.61229E-06,-4.7187E-06,-1.42482E-05
7.452,-2.31934E-05,-3.77441E-05,-6.09863E-05,-3.15599E-06,-1.40528E-06,-1.26547E-05
7.454,-2.43164E-05,-4.21875E-05,-6.78711E-05,2.23529E-07,1.73495E-06,-1.09147E-05
7.456,7.81246E-07,-2.42188E-05,-5.54688E-05,3.92904E-06,4.16467E-06,-9.16491E-06
7.458,-8.54492E-06,-3.16895E-05,-6.0791E-05,7.36398E-06,5.74209E-06,-7.44111E-06
7.46,-1.84082E-05,-3.6377E-05,-6.25488E-05,1.00138E-05,6.63356E-06,-5.74587E-06
7.462,-1.08887E-05,-3.14941E-05,-5.92285E-05,1.15152E-05,7.1246E-06,-4.12697E-06
7.464,1.17187E-05,-2.69531E-05,-5.12695E-05,1.1668E-05,7.37946E-06,-2.7624E-06
7.466,-8.30082E-07,-4.46777E-05,-5.96191E-05,1.04364E-05,7.29055E-06,-1.96683E-06
7.468,-1.4209E-05,-3.52051E-05,-5.16113E-05,7.91497E-06,6.45488E-06,-2.14554E-06
7.47,-1.70898E-05,-2.73438E-05,-5.07813E-05,4.32495E-06,4.33077E-06,-3.65516E-06
7.472,-1.63086E-05,-2.91992E-05,-5.41992E-05,-1.67465E-08,4.74482E-07,-6.6685E-06
7.474,-2.81738E-05,-4.81934E-05,-7.54395E-05,-4.7102E-06,-5.19261E-06,-1.1054E-05
7.476,-2.27539E-05,-5.03906E-05,-7.25586E-05,-9.31041E-06,-1.22311E-05,-1.63478E-05
7.478,-0.000034375,-6.62109E-05,-7.67578E-05,-1.33603E-05,-1.96855E-05,-2.18091E-05
7.48,-3.22754E-05,-6.54785E-05,-7.54395E-05,-1.64685E-05,-2.63049E-05,-2.65963E-05
7.482,-2.7002E-05,-6.56738E-05,-7.60254E-05,-1.83716E-05,-3.08745E-05,-2.9966E-05
7.484,-2.58301E-05,-6.7627E-05,-7.83691E-05,-1.89927E-05,-3.25916E-05,-3.14705E-05
7.486,-4.82422E-05,-8.59375E-05,-9.67773E-05,-1.84534E-05,-3.13187E-05,-3.10536E-05
7.488,-4.21875E-05,-6.9043E-05,-8.74023E-05,-1.70693E-05,-2.7669E-05,-2.90576E-05
7.49,-3.49121E-05,-5.44434E-05,-7.88574E-05,-1.52729E-05,-2.28312E-05,-2.60959E-05
7.492,-2.81738E-05,-5.1416E-05,-7.30957E-05,-1.35255E-05,-1.82294E-05,-2.28732E-05
7.494,-3.71094E-05,-6.49414E-05,-8.21289E-05,-1.21932E-05,-1.50878E-05,-1.99671E-05
7.496,-2.25586E-05,-5.22461E-05,-6.46484E-05,-1.14771E-05,-1.40813E-05,-1.76989E-05
7.498,-0.000028125,-5.54688E-05,-6.42578E-05,-1.13704E-05,-1.51472E-05,-1.60841E-05
7.5,-2.42188E-05,-5.89844E-05,-6.66016E-05,-1.16886E-05,-1.75496E-05,-1.49008E-05
7.502,-2.59766E-05,-6.09375E-05,-7.16797E-05,-1.2129E-05,-2.01432E-05,-1.38155E-05
7.504,-2.97852E-05,-5.41992E-05,-6.74805E-05,-1.23765E-05,-2.17766E-05,-1.25497E-05
7.506,-4.75098E-05,-7.17285E-05,-7.55371E-05,-1.21856E-05,-2.16683E-05,-1.09841E-05
7.508,-3.77441E-05,-6.52832E-05,-6.58691E-05,-1.14599E-05,-1.96672E-05,-9.21296E-06
7.51,-2.88574E-05,-5.83496E-05,-6.20605E-05,-1.02487E-05,-1.6275E-05,-7.47913E-06
7.512,-1.85059E-05,-4.94629E-05,-5.50293E-05,-8.72192E-06,-1.24658E-05,-6.06558E-06
7.514,-2.45117E-05,-5.27344E-05,-5.89844E-05,-7.10479E-06,-9.34735E-06,-5.16621E-06
7.516,-1.69434E-05,-4.34082E-05,-5.25879E-05,-5.62637E-06,-7.80618E-06,-4.8126E-06
7.518,-2.36328E-05,-4.51172E-05,-6.00586E-05,-4.45097E-06,-8.21116E-06,-4.84454E-06
7.52,-2.49023E-05,-5.17578E-05,-6.18164E-05,-3.67386E-06,-1.03326E-05,-4.99182E-06
7.522,-2.68066E-05,-6.01074E-05,-6.64551E-05,-3.32257E-06,-1.34313E-05,-4.97656E-06
7.524,-2.17773E-05,-6.00586E-05,-5.9668E-05,-3.38577E-06,-1.6524E-05,-4.62733E-06
7.526,-3.8623E-05,-7.42676E-05,-7.21191E-05,-3.82839E-06,-1.87E-05,-3.93612E-06
7.528,-2.71973E-05,-6.19629E-05,-5.91309E-05,-4.61743E-06,-1.94117E-05,-3.07227E-06
7.53,-1.8457E-05,-5.11719E-05,-4.81445E-05,-5.70634E-06,-1.86048E-05,-2.2971E-06
7.532,-1.51855E-05,-4.93652E-05,-4.80957E-05,-7.01465E-06,-1.66932E-05,-1.85848E-06
7.534,-2.6416E-05,-6.00098E-05,-6.1084E-05,-8.39001E-06,-1.43584E-05,-1.86983E-06
7.536,-2.30957E-05,-4.91699E-05,-5.20996E-05,-9.62E-06,-1.22954E-05,-2.26137E-06
7.538,-3.76953E-05,-5.83008E-05,-6.2793E-05,-1.04486E-05,-1.0963E-05,-2.78861E-06
7.54,-4.32617E-05,-6.03516E-05,-6.80664E-05,-1.06409E-05,-1.04559E-05,-3.12599E-06
7.542,-3.8623E-05,-6.22559E-05,-6.90918E-05,-1.00343E-05,-1.04968E-05,-2.97162E-06
7.544,-2.08496E-05,-4.86816E-05,-5.4248E-05,-8.60188E-06,-1.05801E-05,-2.16642E-06
7.546,-2.77832E-05,-5.24902E-05,-5.81543E-05,-6.46243E-06,-1.01784E-05,-7.4283E-07
7.548,-2.3291E-05,-4.80957E-05,-5.02441E-05,-3.86818E-06,-8.96736E-06,1.07963E-06
7.55,-1.53809E-05,-4.60449E-05,-4.73144E-05,-1.13038E-06,-6.94747E-06,2.98651E-06
7.552,-1.4209E-05,-4.19434E-05,-4.5166E-05,1.4498E-06,-4.47158E-06,4.66568E-06
7.554,-2.34375E-05,-5.17578E-05,-5.74219E-05,3.65032E-06,-2.13218E-06,5.90685E-06
7.556,-1.28418E-05,-4.53613E-05,-5.26855E-05,5.34987E-06,-5.84105E-07,6.64009E-06
7.558,-2.48535E-05,-5.35644E-05,-6.05957E-05,6.53417E-06,-3.2377E-07,6.93168E-06
7.56,-2.31445E-05,-5.00977E-05,-5.53711E-05,7.23706E-06,-1.54437E-06,6.90997E-06
7.562,-1.30859E-05,-4.74609E-05,-4.82422E-05,7.49613E-06,-4.05874E-06,6.69046E-06
7.564,-1.46484E-06,-3.60352E-05,-3.7793E-05,7.30762E-06,-7.34695E-06,6.30661E-06
7.566,-1.30371E-05,-4.89746E-05,-5.06348E-05,6.63963E-06,-1.06731E-05,5.70858E-06
7.568,-1.1377E-05,-5.93262E-05,-5.12207E-05,5.45805E-06,-1.3288E-05,4.79305E-06
7.57,-2.12402E-05,-6.4209E-05,-6.04004E-05,3.80505E-06,-1.45994E-05,3.49362E-06
7.572,-2.64648E-05,-6.66992E-05,-5.99609E-05,1.84955E-06,-1.43042E-05,1.84964E-06
7.574,-3.71582E-05,-7.08496E-05,-6.79199E-05,-8.09399E-08,-1.24264E-05,5.66456E-08
7.576,-1.84082E-05,-4.63379E-05,-5.1709E-05,-1.55744E-06,-9.31054E-06,-1.57945E-06
7.578,-1.64062E-05,-4.11133E-05,-5.38086E-05,-2.14832E-06,-5.52831E-06,-2.71669E-06
7.58,-1.71387E-05,-3.78418E-05,-5.89355E-05,-1.57188E-06,-1.76718E-06,-3.10572E-06
7.582,-2.03613E-05,-3.80371E-05,-6.25488E-05,1.90168E-07,1.30825E-06,-2.68145E-06
7.584,-2.37305E-05,-4.67773E-05,-6.28906E-05,2.81735E-06,3.15893E-06,-1.61863E-06
7.586,-2.93457E-05,-5.95215E-05,-6.95801E-05,5.69779E-06,3.4618E-06,-2.90989E-07
7.588,-1.46973E-05,-4.70215E-05,-5.59082E-05,8.05499E-06,2.15124E-06,8.25127E-07
7.59,-1.21582E-05,-4.57519E-05,-5.46387E-05,9.17361E-06,-5.58835E-07,1.31374E-06
7.592,-1.16699E-05,-4.11621E-05,-5.25879E-05,8.6049E-06,-4.21719E-06,9.45911E-07
7.594,-1.875E-05,-5.10742E-05,-6.26953E-05,6.3287E-06,-8.20208E-06,-2.4184E-07
7.596,-6.88477E-06,-4.75098E-05,-5.39551E-05,2.78527E-06,-1.18312E-05,-1.97208E-06
7.598,-2.75879E-05,-6.23535E-05,-6.45996E-05,-1.21E-06,-1.44694E-05,-3.81337E-06
7.6,-3.82324E-05,-6.82129E-05,-6.79199E-05,-4.69993E-06,-1.56633E-05,-5.34425E-06
7.602,-3.6084E-05,-6.9873E-05,-7.29004E-05,-6.84647E-06,-1.52314E-05,-6.28961E-06
7.604,-2.39746E-05,-5.78613E-05,-6.48926E-05,-7.17845E-06,-1.33194E-05,-6.61195E-06
7.606,-3.28613E-05,-6.09863E-05,-7.12402E-05,-5.72287E-06,-1.03673E-05,-6.49965E-06
7.608,-2.7002E-05,-4.8584E-05,-6.09863E-05,-3.01847E-06,-7.03851E-06,-6.29712E-06
7.61,-2.13379E-05,-4.41894E-05,-5.97168E-05,5.23285E-08,-4.06298E-06,-6.35372E-06
7.612,-1.58691E-05,-4.67285E-05,-6.15723E-05,2.51295E-06,-2.08101E-06,-6.89107E-06
7.614,-2.52441E-05,-5.49316E-05,-7.53418E-05,3.57393E-06,-1.49634E-06,-7.90983E-06
7.616,-1.7041E-05,-4.34082E-05,-6.89941E-05,2.82675E-06,-2.404E-06,-9.19755E-06
7.618,-2.79785E-05,-5.19043E-05,-7.21191E-05,3.42886E-07,-4.57916E-06,-1.03955E-05
7.62,-3.7793E-05,-6.10352E-05,-7.56836E-05,-3.3806E-06,-7.56626E-06,-1.11478E-05
7.622,-3.79883E-05,-6.63086E-05,-7.72461E-05,-7.57958E-06,-1.08014E-05,-1.12306E-05
7.624,-2.48047E-05,-5.50781E-05,-6.36719E-05,-1.1466E-05,-1.37695E-05,-1.06533E-05
7.626,-3.02246E-05,-6.06934E-05,-6.94824E-05,-1.44352E-05,-1.61114E-05,-9.65936E-06
7.628,-3.77441E-05,-5.92285E-05,-6.80176E-05,-1.62121E-05,-1.76981E-05,-8.66811E-06
7.63,-4.96094E-05,-6.67969E-05,-6.81641E-05,-1.68593E-05,-1.86077E-05,-8.13647E-06
7.632,-5.07324E-05,-6.57715E-05,-6.6748E-05,-1.67113E-05,-1.90706E-05,-8.43008E-06
7.634,-5.01465E-05,-7.39746E-05,-7.77832E-05,-1.62282E-05,-1.93723E-05,-9.71487E-06
7.636,-2.95898E-05,-6.78711E-05,-6.80664E-05,-1.58451E-05,-1.97641E-05,-1.192E-05
7.638,-3.8916E-05,-7.47559E-05,-8.41309E-05,-1.58424E-05,-2.03913E-05,-1.47543E-05
7.64,-4.29687E-05,-6.97266E-05,-8.31055E-05,-1.63106E-05,-2.12979E-05,-1.78049E-05
7.642,-4.08203E-05,-6.35742E-05,-7.65625E-05,-1.71642E-05,-2.2449E-05,-2.0636E-05
7.644,-3.85742E-05,-6.20117E-05,-7.62695E-05,-1.8217E-05,-2.37835E-05,-2.28873E-05
7.646,-5.36621E-05,-7.74902E-05,-8.99902E-05,-1.92573E-05,-2.52486E-05,-2.43175E-05
7.648,-4.96094E-05,-7.7832E-05,-8.73047E-05,-2.01288E-05,-2.68346E-05,-2.48335E-05
7.65,-4.66797E-05,-8.21289E-05,-8.75976E-05,-2.07487E-05,-2.85549E-05,-2.44616E-05
7.652,-4.28223E-05,-8.12012E-05,-8.43262E-05,-2.11148E-05,-3.04191E-05,-2.3326E-05
7.654,-5.59082E-05,-8.62793E-05,-9.13574E-05,-2.12712E-05,-3.23795E-05,-2.16137E-05
7.656,-4.83398E-05,-8.11523E-05,-7.82226E-05,-2.1289E-05,-3.4314E-05,-1.95683E-05
7.658,-4.65332E-05,-8.43262E-05,-7.87598E-05,-2.1242E-05,-3.60161E-05,-1.74715E-05
7.66,-3.5791E-05,-7.74902E-05,-7.55371E-05,-2.12204E-05,-3.72378E-05,-1.56346E-05
7.662,-4.14063E-05,-7.99805E-05,-7.69531E-05,-2.13375E-05,-3.77467E-05,-1.43524E-05
7.664,-4.59473E-05,-7.90527E-05,-6.90918E-05,-2.17437E-05,-3.74059E-05,-1.38498E-05
7.666,-6.63086E-05,-0.000102539,-8.37891E-05,-2.26004E-05,-3.62128E-05,-1.42035E-05
7.668,-6.66504E-05,-9.94629E-05,-8.64746E-05,-2.40376E-05,-3.43195E-05,-1.52967E-05
7.67,-6.29394E-05,-8.91113E-05,-8.5498E-05,-2.6076E-05,-3.19925E-05,-1.6797E-05
7.672,-4.4873E-05,-7.0166E-05,-7.31934E-05,-2.85858E-05,-2.95616E-05,-1.82252E-05
7.674,-3.96484E-05,-6.69922E-05,-7.97852E-05,-3.12699E-05,-2.73429E-05,-1.90658E-05
7.676,-4.23828E-05,-5.71289E-05,-7.20703E-05,-3.37205E-05,-2.5588E-05,-1.89296E-05
7.678,-6.79688E-05,-7.11914E-05,-7.95898E-05,-3.55043E-05,-2.44458E-05,-1.7679E-05
7.68,-7.98828E-05,-8.79883E-05,-8.54492E-05,-3.63099E-05,-2.39895E-05,-1.55221E-05
7.682,-7.86621E-05,-9.02832E-05,-8.53027E-05,-3.60583E-05,-2.42471E-05,-1.29856E-05
7.684,-6.12305E-05,-7.69531E-05,-7.32422E-05,-3.49736E-05,-2.52481E-05,-1.07981E-05
7.686,-7.06543E-05,-8.46191E-05,-8.37402E-05,-3.35531E-05,-2.70362E-05,-9.68382E-06
7.688,-5.50293E-05,-7.33887E-05,-7.05566E-05,-3.24612E-05,-2.96676E-05,-1.01618E-05
7.69,-4.50195E-05,-7.11914E-05,-6.31836E-05,-3.23304E-05,-3.31468E-05,-1.2367E-05
7.692,-4.99512E-05,-7.86621E-05,-7.03613E-05,-3.35749E-05,-3.73677E-05,-1.60005E-05
7.694,-7.05078E-05,-9.61914E-05,-9.12109E-05,-3.6243E-05,-4.20492E-05,-2.03878E-05
7.696,-7.07031E-05,-9.70703E-05,-9.16016E-05,-3.99869E-05,-4.67328E-05,-2.46732E-05
7.698,-8.0127E-05,-0.000112842,-9.78027E-05,-4.41258E-05,-5.08253E-05,-2.80461E-05
7.7,-8.53027E-05,-0.000114404,-9.90723E-05,-4.78327E-05,-5.37198E-05,-2.99718E-05
7.702,-8.71094E-05,-0.00011377,-9.59961E-05,-5.03504E-05,-5.49376E-05,-3.03127E-05
7.704,-7.30469E-05,-9.73633E-05,-9.0918E-05,-5.11982E-05,-5.42768E-05,-2.93364E-05
7.706,-7.60742E-05,-9.55078E-05,-0.00009375,-5.02747E-05,-5.18892E-05,-2.75768E-05
7.708,-6.65527E-05,-9.04785E-05,-8.44238E-05,-4.78648E-05,-4.82811E-05,-2.56326E-05
7.71,-6.76758E-05,-9.50195E-05,-8.26172E-05,-4.45062E-05,-4.41965E-05,-2.39399E-05
7.712,-7.25586E-05,-0.00009375,-8.53516E-05,-4.08155E-05,-4.0447E-05,-2.26408E-05
7.714,-7.74414E-05,-9.74609E-05,-9.48242E-05,-3.73036E-05,-3.76976E-05,-2.15595E-05
7.716,-6.40137E-05,-9.07715E-05,-8.6084E-05,-3.4261E-05,-3.63027E-05,-2.03183E-05
7.718,-7.27051E-05,-0.000103467,-9.56543E-05,-3.17249E-05,-3.62098E-05,-1.85197E-05
7.72,-6.30371E-05,-9.03809E-05,-8.37402E-05,-2.95627E-05,-3.69931E-05,-1.59625E-05
7.722,-4.74609E-05,-7.88086E-05,-6.98242E-05,-2.75878E-05,-3.79825E-05,-1.27659E-05
7.724,-4.0625E-05,-7.50977E-05,-6.18164E-05,-2.56988E-05,-3.84723E-05,-9.38614E-06
7.726,-5.73242E-05,-8.85742E-05,-7.59766E-05,-2.39386E-05,-3.79156E-05,-6.48217E-06
7.728,-5.21973E-05,-8.90137E-05,-7.3877E-05,-2.24906E-05,-3.60877E-05,-4.70579E-06
7.73,-5.52734E-05,-9.18945E-05,-7.10938E-05,-2.15708E-05,-3.31224E-05,-4.44752E-06
7.732,-5.76172E-05,-9.39453E-05,-7.19727E-05,-2.13036E-05,-2.94559E-05,-5.67172E-06
7.734,-6.73828E-05,-9.60938E-05,-8.48633E-05,-2.1597E-05,-2.5673E-05,-7.87425E-06
7.736,-4.67773E-05,-7.03125E-05,-7.34375E-05,-2.21132E-05,-2.23333E-05,-1.02154E-05
7.738,-4.46289E-05,-5.99609E-05,-7.41211E-05,-2.23374E-05,-1.98153E-05,-1.17647E-05
7.74,-4.79492E-05,-5.9082E-05,-7.56836E-05,-2.17648E-05,-1.82665E-05,-1.18162E-05
7.742,-4.67285E-05,-6.44043E-05,-7.45605E-05,-2.0097E-05,-1.76211E-05,-1.01224E-05
7.744,-4.26269E-05,-7.0459E-05,-6.64551E-05,-1.74107E-05,-1.77077E-05,-7.0074E-06
7.746,-5.5957E-05,-8.82813E-05,-7.59766E-05,-1.41976E-05,-1.83651E-05,-3.28189E-06
7.748,-5.02441E-05,-8.25684E-05,-7.41699E-05,-1.12847E-05,-1.95417E-05,-1.2769E-08
7.75,-4.77051E-05,-8.19824E-05,-7.31934E-05,-9.58624E-06,-2.12984E-05,1.8219E-06
7.752,-4.00391E-05,-7.20703E-05,-6.16211E-05,-9.82136E-06,-2.37478E-05,1.63115E-06
7.754,-4.13086E-05,-7.42188E-05,-6.49414E-05,-1.22418E-05,-2.69169E-05,-5.86517E-07
7.756,-3.67187E-05,-7.23633E-05,-6.18164E-05,-1.64989E-05,-3.06285E-05,-4.23856E-06
7.758,-5.1416E-05,-9.06738E-05,-7.39746E-05,-2.16674E-05,-3.44175E-05,-8.29665E-06
7.76,-5.61523E-05,-9.64844E-05,-0.000078125,-2.64836E-05,-3.75886E-05,-1.16247E-05
7.762,-6.15234E-05,-9.36523E-05,-8.75977E-05,-2.9683E-05,-3.936E-05,-1.33086E-05
7.764,-0.000065625,-9.22852E-05,-8.24219E-05,-3.03713E-05,-3.90926E-05,-1.29217E-05
7.766,-8.10547E-05,-0.000103906,-8.86719E-05,-2.82706E-05,-3.65088E-05,-1.06115E-05
7.768,-5.96191E-05,-8.82324E-05,-7.44629E-05,-2.38149E-05,-3.18557E-05,-7.0281E-06
7.77,-3.8916E-05,-7.7002E-05,-6.43066E-05,-1.80138E-05,-2.59029E-05,-3.08389E-06
7.772,-3.12988E-05,-6.60645E-05,-5.77637E-05,-1.21614E-05,-1.97964E-05,3.38195E-07
7.774,-4.03809E-05,-6.90918E-05,-6.75293E-05,-7.4683E-06,-1.4772E-05,2.65079E-06
7.776,-3.42773E-05,-6.43555E-05,-6.25977E-05,-4.7532E-06,-1.18423E-05,3.68562E-06
7.778,-4.29199E-05,-6.96777E-05,-6.78223E-05,-4.25254E-06,-1.15184E-05,3.68616E-06
7.78,-4.95117E-05,-7.74414E-05,-7.19726E-05,-5.62932E-06,-1.36868E-05,3.13794E-06
7.782,-4.41895E-05,-7.6123E-05,-7.03613E-05,-8.13094E-06,-1.76384E-05,2.54966E-06
7.784,-3.43262E-05,-6.82129E-05,-6.08887E-05,-1.08705E-05,-2.22896E-05,2.23497E-06
7.786,-4.50195E-05,-8.08594E-05,-6.65039E-05,-1.3093E-05,-2.64837E-05,2.21723E-06
7.788,-4.87793E-05,-8.6377E-05,-6.55762E-05,-1.43749E-05,-2.93081E-05,2.24221E-06
7.79,-4.80469E-05,-8.73047E-05,-6.52344E-05,-1.46552E-05,-3.02988E-05,1.94331E-06
7.792,-4.67773E-05,-8.67188E-05,-6.45508E-05,-1.41601E-05,-2.95206E-05,1.03314E-06
7.794,-5.17578E-05,-8.91602E-05,-7.36328E-05,-1.32338E-05,-2.74752E-05,-5.23514E-07
7.796,-4.24316E-05,-7.6123E-05,-6.96777E-05,-1.21717E-05,-2.49003E-05,-2.44405E-06
7.798,-4.80957E-05,-8.02246E-05,-7.74902E-05,-1.10967E-05,-2.25077E-05,-4.18082E-06
7.8,-4.19434E-05,-7.59277E-05,-7.66113E-05,-9.96377E-06,-2.07891E-05,-5.11349E-06
7.802,-3.66699E-05,-6.94824E-05,-7.3291E-05,-8.64064E-06,-1.99083E-05,-4.77322E-06
7.804,-4.01855E-05,-7.45605E-05,-6.88965E-05,-7.04302E-06,-1.97281E-05,-3.04023E-06
7.806,-4.91211E-05,-8.49609E-05,-7.17773E-05,-5.22862E-06,-1.99221E-05,-2.14966E-07
7.808,-3.95508E-05,-7.62695E-05,-6.43555E-05,-3.43736E-06,-2.01376E-05,3.03999E-06
7.81,-2.99805E-05,-7.73438E-05,-6.20117E-05,-2.0183E-06,-2.01212E-05,5.90315E-06
7.812,-3.48145E-05,-7.89551E-05,-6.44043E-05,-1.31008E-06,-1.98002E-05,7.64071E-06
7.814,-4.7168E-05,-8.59375E-05,-7.29492E-05,-1.48354E-06,-1.92554E-05,7.84473E-06
7.816,-3.5498E-05,-6.93848E-05,-6.0791E-05,-2.45786E-06,-1.86503E-05,6.54196E-06
7.818,-3.30566E-05,-6.56738E-05,-6.14746E-05,-3.89149E-06,-1.81214E-05,4.17903E-06
7.82,-3.11035E-05,-6.86035E-05,-6.32324E-05,-5.29865E-06,-1.77135E-05,1.45268E-06
7.822,-3.80859E-05,-7.5293E-05,-6.88477E-05,-6.21133E-06,-1.73486E-05,-9.21815E-07
7.824,-3.91113E-05,-7.33887E-05,-6.79199E-05,-6.36096E-06,-1.68697E-05,-2.44924E-06
7.826,-5.70801E-05,-8.73535E-05,-8.56934E-05,-5.77422E-06,-1.61003E-05,-2.98004E-06
7.828,-5.42969E-05,-8.29101E-05,-8.4668E-05,-4.75283E-06,-1.49175E-05,-2.71888E-06
7.83,-3.96484E-05,-7.25586E-05,-7.67578E-05,-3.71566E-06,-1.32741E-05,-2.08206E-06
7.832,-2.79297E-05,-6.20117E-05,-6.60156E-05,-3.01047E-06,-1.1194E-05,-1.50628E-06
7.834,-3.23242E-05,-6.04492E-05,-6.60156E-05,-2.72776E-06,-8.7268E-06,-1.25153E-06
7.836,-2.59766E-05,-5.14648E-05,-5.67383E-05,-2.63063E-06,-5.91481E-06,-1.30737E-06
7.838,-0.000034375,-5.75195E-05,-7.1582E-05,-2.20243E-06,-2.76444E-06,-1.39368E-06
7.84,-4.11621E-05,-6.24512E-05,-7.76855E-05,-8.44224E-07,7.25081E-07,-1.09985E-06
7.842,-4.71191E-05,-6.55762E-05,-8.45215E-05,1.87973E-06,4.51993E-06,-6.80464E-08
7.844,-3.69141E-05,-5.6543E-05,-7.65625E-05,6.01501E-06,8.4846E-06,1.82905E-06
7.846,-3.52539E-05,-5.37109E-05,-7.39258E-05,1.11377E-05,1.23652E-05,4.42018E-06
7.848,-1.47461E-05,-3.73047E-05,-5.81055E-05,1.64333E-05,1.58139E-05,7.27254E-06
7.85,-3.07617E-06,-2.86621E-05,-4.93652E-05,2.09526E-05,1.84948E-05,9.85366E-06
7.852,-2.14844E-06,-3.13477E-05,-5.12695E-05,2.39262E-05,2.02022E-05,1.17252E-05
7.854,-1.24512E-05,-4.09668E-05,-6.28418E-05,2.50592E-05,2.0984E-05,1.27154E-05
7.856,-1.1377E-05,-3.6084E-05,-5.91309E-05,2.46558E-05,2.11764E-05,1.2982E-05
7.858,-1.89941E-05,-4.27246E-05,-6.49902E-05,2.35515E-05,2.13469E-05,1.29562E-05
7.86,-2.33887E-05,-4.4873E-05,-6.76269E-05,2.283E-05,2.21303E-05,1.31602E-05
7.862,-1.81152E-05,-4.10644E-05,-6.34277E-05,2.34564E-05,2.40344E-05,1.40054E-05
7.864,-6.44531E-06,-2.65625E-05,-5E-05,2.59167E-05,2.72452E-05,1.56181E-05
7.866,-9.42383E-06,-2.48535E-05,-5.28809E-05,3.00232E-05,3.15341E-05,1.77886E-05
7.868,5.51758E-06,-1.63574E-05,-4.93652E-05,3.49369E-05,3.62857E-05,2.00358E-05
7.87,7.17773E-06,-1.80176E-05,-4.63379E-05,3.94453E-05,4.06806E-05,2.1808E-05
7.872,4.3457E-06,-1.7627E-05,-4.78027E-05,4.23501E-05,4.3924E-05,2.26844E-05
7.874,-1.66016E-06,-2.29492E-05,-5.86914E-05,4.28736E-05,4.54875E-05,2.25361E-05
7.876,9.47266E-06,-1.47461E-05,-5.17578E-05,4.09238E-05,4.52606E-05,2.15647E-05
7.878,-6.98242E-06,-1.91895E-05,-5.89355E-05,3.71361E-05,4.35705E-05,2.0215E-05
7.88,-1.27441E-05,-1.61621E-05,-5.49316E-05,3.26451E-05,4.10378E-05,1.8959E-05
7.882,-9.57031E-06,-1.66992E-05,-5.07812E-05,2.87147E-05,3.8354E-05,1.80775E-05
7.884,4.88281E-08,-1.57715E-05,-4.59473E-05,2.63166E-05,3.60421E-05,1.75077E-05
7.886,-7.95898E-06,-2.9834E-05,-5.99121E-05,2.58339E-05,3.43077E-05,1.68472E-05
7.888,-1.10352E-05,-3.38867E-05,-6.10352E-05,2.69534E-05,3.30057E-05,1.54917E-05
7.89,-1.74805E-05,-3.55469E-05,-6.28906E-05,2.88277E-05,3.17659E-05,1.29005E-05
7.892,-1.64551E-05,-3.49121E-05,-6.95801E-05,3.04034E-05,3.01965E-05,8.86084E-06
7.894,-1.63574E-05,-3.54004E-05,-7.97363E-05,3.08136E-05,2.8097E-05,3.66767E-06
7.896,5.71289E-06,-2.19238E-05,-6.41113E-05,2.96756E-05,2.55782E-05,-1.88613E-06
7.898,6.83594E-07,-2.92969E-05,-6.78711E-05,2.72106E-05,2.30571E-05,-6.6956E-06
7.9,-1.24023E-05,-3.65234E-05,-8.13477E-05,2.41173E-05,2.10944E-05,-9.68614E-06
7.902,-2.99316E-05,-5.10254E-05,-9.91699E-05,2.12892E-05,2.0174E-05,-1.01652E-05
7.904,-2.25586E-05,-4.08203E-05,-8.29101E-05,1.94558E-05,2.04754E-05,-8.09562E-06
7.906,-2.55859E-05,-4.74609E-05,-8.1543E-05,1.89063E-05,2.17634E-05,-4.14947E-06
7.908,-1.66016E-05,-4.25781E-05,-7.33398E-05,1.93801E-05,2.34158E-05,4.51156E-07
7.91,-2.06543E-05,-3.98926E-05,-7.3291E-05,2.01897E-05,2.46233E-05,4.29655E-06
7.912,-1.55762E-05,-3.27637E-05,-6.53809E-05,2.04765E-05,2.46397E-05,6.20197E-06
7.914,-1.89453E-05,-3.34961E-05,-6.80664E-05,1.95422E-05,2.3028E-05,5.57019E-06
7.916,-1.93359E-05,-2.95898E-05,-6.52344E-05,1.711E-05,1.97998E-05,2.54853E-06
7.918,-2.6709E-05,-4.44824E-05,-7.44629E-05,1.34358E-05,1.5413E-05,-2.0373E-06
7.92,-2.8418E-05,-5.60547E-05,-8.01758E-05,9.20028E-06,1.05985E-05,-6.98052E-06
7.922,-3.65723E-05,-6.35254E-05,-9.53613E-05,5.25803E-06,6.1154E-06,-1.10915E-05
7.924,-3.87695E-05,-6.31836E-05,-9.36523E-05,2.32547E-06,2.50223E-06,-1.35797E-05
7.926,-5.12207E-05,-7.55371E-05,-0.000100146,7.49141E-07,-5.04928E-08,-1.42618E-05
7.928,-3.93555E-05,-6.36719E-05,-8.61328E-05,4.00448E-07,-1.70281E-06,-1.35713E-05
7.93,-3.42285E-05,-5.44434E-05,-8.04199E-05,7.68443E-07,-2.82451E-06,-1.23447E-05
7.932,-3.62305E-05,-5.71289E-05,-7.76367E-05,1.17734E-06,-3.79521E-06,-1.14933E-05
7.934,-4.3457E-05,-6.96289E-05,-8.67187E-05,1.05078E-06,-4.82792E-06,-1.1667E-05
7.936,-3.27148E-05,-6.46484E-05,-8.58398E-05,1.03457E-07,-5.90715E-06,-1.3052E-05
7.938,-3.70117E-05,-6.97266E-05,-9.59961E-05,-1.58841E-06,-6.84268E-06,-1.53425E-05
7.94,-4.59961E-05,-7.24609E-05,-0.000101953,-3.68955E-06,-7.43795E-06,-1.79113E-05
7.942,-5.75195E-05,-8.17383E-05,-0.000106055,-5.80083E-06,-7.66942E-06,-2.00756E-05
7.944,-5.38574E-05,-7.6709E-05,-9.53613E-05,-7.68431E-06,-7.8124E-06,-2.13815E-05
7.946,-5.43945E-05,-7.59766E-05,-9.375E-05,-9.39092E-06,-8.41358E-06,-2.17611E-05
7.948,-4.88281E-05,-6.79688E-05,-9.07226E-05,-1.12539E-05,-1.01198E-05,-2.15376E-05
7.95,-4.90723E-05,-6.75293E-05,-9.28223E-05,-1.37161E-05,-1.33958E-05,-2.12543E-05
7.952,-5.19043E-05,-7.50488E-05,-9.97559E-05,-1.70916E-05,-1.82704E-05,-2.14263E-05
7.954,-6.42578E-05,-8.79883E-05,-0.00010625,-2.13446E-05,-2.42007E-05,-2.23022E-05
7.956,-6.67969E-05,-8.93555E-05,-1E-04,-2.59917E-05,-3.01339E-05,-2.37421E-05
7.958,-8.01758E-05,-0.000109277,-0.000105469,-3.01794E-05,-3.47705E-05,-2.52522E-05
7.96,-7.68066E-05,-0.000115088,-0.000102588,-3.29476E-05,-3.69794E-05,-2.61914E-05
7.962,-7.51465E-05,-0.000102393,-0.00010249,-3.35689E-05,-3.61907E-05,-2.60364E-05
7.964,-6.96289E-05,-8.75E-05,-9.82422E-05,-3.18477E-05,-3.265E-05,-2.46213E-05
7.966,-7.45117E-05,-8.85742E-05,-0.000101172,-2.82556E-05,-2.74036E-05,-2.22401E-05
7.968,-6.51367E-05,-8.13477E-05,-9.58008E-05,-2.38528E-05,-2.20385E-05,-1.95929E-05
7.97,-5.71777E-05,-7.9248E-05,-9.38965E-05,-1.99747E-05,-1.82129E-05,-1.75536E-05
7.972,-6.11816E-05,-8.5791E-05,-9.61426E-05,-1.78255E-05,-1.71543E-05,-1.68739E-05
7.974,-7.32422E-05,-9.46289E-05,-0.000107324,-1.80776E-05,-1.92752E-05,-1.79019E-05
7.976,-5.92285E-05,-8.78418E-05,-9.45801E-05,-2.06522E-05,-2.40651E-05,-2.04569E-05
7.978,-6.15234E-05,-9.36523E-05,-9.54101E-05,-2.47331E-05,-3.02648E-05,-2.38703E-05
7.98,-6.67969E-05,-9.74609E-05,-9.51172E-05,-2.90527E-05,-3.63037E-05,-2.7209E-05
7.982,-7.09961E-05,-9.87305E-05,-0.000104883,-3.23293E-05,-4.08196E-05,-2.9578E-05
7.984,-7.98828E-05,-0.000105176,-0.000114258,-3.37227E-05,-4.31005E-05,-3.04193E-05
7.986,-9.43848E-05,-0.000124365,-0.000126123,-3.3123E-05,-4.3277E-05,-2.96762E-05
7.988,-7.8418E-05,-0.000113086,-0.000110352,-3.11956E-05,-4.22261E-05,-2.77961E-05
7.99,-6.69922E-05,-0.000105859,-9.92187E-05,-2.91289E-05,-4.11971E-05,-2.55379E-05
7.992,-6.37207E-05,-0.000101514,-9.29199E-05,-2.82123E-05,-4.13296E-05,-2.37059E-05
7.994,-7.04102E-05,-0.000102734,-9.6582E-05,-2.93603E-05,-4.32142E-05,-2.28729E-05
7.996,-0.00006875,-0.000101855,-9.39453E-05,-3.27745E-05,-4.66799E-05,-2.32153E-05
7.998,-8.44727E-05,-0.000120996,-0.000105957,-3.78481E-05,-5.086E-05,-2.44945E-05
